policy,epoch,threshold,query,service_ms,kernel_ms,hits,overflow,cpu_complete_match,process
all_delta,0,70,0,0.19039300000000001,0.11673600226640701,1,0,1,0
all_delta,0,70,1,0.051138999999999997,0.012384000234305859,1,0,1,0
all_delta,0,70,2,0.045166999999999999,0.010208000428974628,1,0,1,0
all_delta,0,70,3,0.043735999999999997,0.010048000141978264,1,0,1,0
all_delta,0,70,4,0.044615000000000002,0.010239999741315842,2,0,1,0
all_delta,0,70,5,0.046545999999999997,0.012160000391304493,1,0,1,0
all_delta,0,70,6,0.048716000000000002,0.011487999930977821,2,0,1,0
all_delta,0,70,7,0.046734999999999999,0.012543999589979649,7,0,1,0
all_delta,0,80,0,0.040669999999999998,0.0072639998979866505,1,0,1,0
all_delta,0,80,1,0.043719000000000001,0.0090560000389814377,1,0,1,0
all_delta,0,80,2,0.036211,0.0082879997789859772,1,0,1,0
all_delta,0,80,3,0.042437999999999997,0.013567999936640263,1,0,1,0
all_delta,0,80,4,0.042337,0.0094400001689791679,2,0,1,0
all_delta,0,80,5,0.043290000000000002,0.010367999784648418,1,0,1,0
all_delta,0,80,6,0.044318999999999997,0.0097599998116493225,1,0,1,0
all_delta,0,80,7,0.041908000000000001,0.0094079999253153801,1,0,1,0
all_delta,1,70,0,0.042242000000000002,0.007519999984651804,1,0,1,0
all_delta,1,70,1,0.045201999999999999,0.010143999941647053,1,0,1,0
all_delta,1,70,2,0.045131999999999999,0.010015999898314476,1,0,1,0
all_delta,1,70,3,0.044283000000000003,0.0090560000389814377,1,0,1,0
all_delta,1,70,4,0.046996000000000003,0.011711999773979187,2,0,1,0
all_delta,1,70,5,0.051067000000000001,0.012256000190973282,1,0,1,0
all_delta,1,70,6,0.041281999999999999,0.011296000331640244,2,0,1,0
all_delta,1,70,7,0.047246999999999997,0.01142400037497282,7,0,1,0
all_delta,1,80,0,0.037497000000000003,0.0063040000386536121,1,0,1,0
all_delta,1,80,1,0.041751000000000003,0.0070719998329877853,1,0,1,0
all_delta,1,80,2,0.040356000000000003,0.0092479996383190155,1,0,1,0
all_delta,1,80,3,0.040709000000000002,0.0078720003366470337,1,0,1,0
all_delta,1,80,4,0.041283,0.0091840000823140144,2,0,1,0
all_delta,1,80,5,0.041014000000000002,0.0099839996546506882,1,0,1,0
all_delta,1,80,6,0.042703999999999999,0.010719999670982361,1,0,1,0
all_delta,1,80,7,0.040161000000000002,0.0086399996653199196,1,0,1,0
all_delta,2,70,0,0.045114000000000001,0.0084480000659823418,1,0,1,0
all_delta,2,70,1,0.042597999999999997,0.009503999724984169,1,0,1,0
all_delta,2,70,2,0.040676999999999998,0.0089600002393126488,1,0,1,0
all_delta,2,70,3,0.041183999999999998,0.0092479996383190155,1,0,1,0
all_delta,2,70,4,0.043043999999999999,0.01142400037497282,2,0,1,0
all_delta,2,70,5,0.037735999999999999,0.011264000087976456,1,0,1,0
all_delta,2,70,6,0.042581000000000001,0.010847999714314938,2,0,1,0
all_delta,2,70,7,0.052282000000000002,0.013055999763309956,7,0,1,0
all_delta,2,80,0,0.039656999999999998,0.0073919999413192272,1,0,1,0
all_delta,2,80,1,0.038314000000000001,0.0068160002119839191,1,0,1,0
all_delta,2,80,2,0.041451000000000002,0.0097599998116493225,1,0,1,0
all_delta,2,80,3,0.039917000000000001,0.0084800003096461296,1,0,1,0
all_delta,2,80,4,0.043177,0.0087360003963112831,2,0,1,0
all_delta,2,80,5,0.045116000000000003,0.0099200000986456871,1,0,1,0
all_delta,2,80,6,0.041169999999999998,0.0087999999523162842,1,0,1,0
all_delta,2,80,7,0.040663999999999999,0.0090880002826452255,1,0,1,0
all_delta,3,70,0,0.041152000000000001,0.0071680000983178616,1,0,1,0
all_delta,3,70,1,0.041869000000000003,0.0090880002826452255,1,0,1,0
all_delta,3,70,2,0.041376000000000003,0.0085760001093149185,1,0,1,0
all_delta,3,70,3,0.044524000000000001,0.010784000158309937,1,0,1,0
all_delta,3,70,4,0.043867000000000003,0.011967999860644341,2,0,1,0
all_delta,3,70,5,0.043737999999999999,0.010975999757647514,1,0,1,0
all_delta,3,70,6,0.042590000000000003,0.010751999914646149,2,0,1,0
all_delta,3,70,7,0.044072,0.011904000304639339,7,0,1,0
all_delta,3,80,0,0.038743,0.0073279999196529388,1,0,1,0
all_delta,3,80,1,0.041509999999999998,0.0087360003963112831,1,0,1,0
all_delta,3,80,2,0.041394,0.0097920000553131104,1,0,1,0
all_delta,3,80,3,0.036329,0.009344000369310379,1,0,1,0
all_delta,3,80,4,0.041362000000000003,0.0094400001689791679,2,0,1,0
all_delta,3,80,5,0.046078000000000001,0.01158399973064661,1,0,1,0
all_delta,3,80,6,0.043532000000000001,0.011455999687314034,1,0,1,0
all_delta,3,80,7,0.042798999999999997,0.010944000445306301,1,0,1,0
all_delta,4,70,0,0.038884000000000002,0.0074240001849830151,1,0,1,0
all_delta,4,70,1,0.041516999999999998,0.0096960002556443214,1,0,1,0
all_delta,4,70,2,0.038464999999999999,0.0097279995679855347,1,0,1,0
all_delta,4,70,3,0.042106999999999999,0.010560000315308571,1,0,1,0
all_delta,4,70,4,0.041307000000000003,0.0090880002826452255,2,0,1,0
all_delta,4,70,5,0.044079,0.011392000131309032,1,0,1,0
all_delta,4,70,6,0.042188999999999997,0.010591999627649784,2,0,1,0
all_delta,4,70,7,0.043136000000000001,0.010944000445306301,7,0,1,0
all_delta,4,80,0,0.039038000000000003,0.0074559999629855156,1,0,1,0
all_delta,4,80,1,0.040973999999999997,0.0079039996489882469,1,0,1,0
all_delta,4,80,2,0.041543999999999998,0.0084800003096461296,1,0,1,0
all_delta,4,80,3,0.045474000000000001,0.0090239997953176498,1,0,1,0
all_delta,4,80,4,0.043458999999999998,0.010688000358641148,2,0,1,0
all_delta,4,80,5,0.040897999999999997,0.0091199995949864388,1,0,1,0
all_delta,4,80,6,0.043657000000000001,0.01119999960064888,1,0,1,0
all_delta,4,80,7,0.042562999999999997,0.010816000401973724,1,0,1,0
all_delta,5,70,0,0.039295999999999998,0.0071040000766515732,1,0,1,0
all_delta,5,70,1,0.040613999999999997,0.0079359998926520348,1,0,1,0
all_delta,5,70,2,0.043683,0.010912000201642513,1,0,1,0
all_delta,5,70,3,0.043375999999999998,0.01065600011497736,1,0,1,0
all_delta,5,70,4,0.043163,0.010560000315308571,2,0,1,0
all_delta,5,70,5,0.043062000000000003,0.010975999757647514,1,0,1,0
all_delta,5,70,6,0.052669000000000001,0.013663999736309052,2,0,1,0
all_delta,5,70,7,0.047003999999999997,0.012736000120639801,7,0,1,0
all_delta,5,80,0,0.039326,0.0077120000496506691,1,0,1,0
all_delta,5,80,1,0.043435000000000001,0.0072320001199841499,1,0,1,0
all_delta,5,80,2,0.046782999999999998,0.0082240002229809761,1,0,1,0
all_delta,5,80,3,0.041666000000000002,0.0090560000389814377,1,0,1,0
all_delta,5,80,4,0.043562999999999998,0.011008000001311302,2,0,1,0
all_delta,5,80,5,0.043550999999999999,0.009344000369310379,1,0,1,0
all_delta,5,80,6,0.13683799999999999,0.028799999505281448,1,0,1,0
all_delta,5,80,7,0.044791999999999998,0.011296000331640244,1,0,1,0
all_delta,6,70,0,0.039542000000000001,0.0074240001849830151,1,0,1,0
all_delta,6,70,1,0.041265000000000003,0.0089279999956488609,1,0,1,0
all_delta,6,70,2,0.046195,0.011648000217974186,1,0,1,0
all_delta,6,70,3,0.043056999999999998,0.011392000131309032,1,0,1,0
all_delta,6,70,4,0.042778999999999998,0.011071999557316303,2,0,1,0
all_delta,6,70,5,0.040856999999999997,0.011168000288307667,1,0,1,0
all_delta,6,70,6,0.043129000000000001,0.011615999974310398,2,0,1,0
all_delta,6,70,7,0.043707000000000003,0.01158399973064661,7,0,1,0
all_delta,6,80,0,0.041959000000000003,0.0091519998386502266,1,0,1,0
all_delta,6,80,1,0.039187,0.0076799998059868813,1,0,1,0
all_delta,6,80,2,0.042022999999999998,0.0092479996383190155,1,0,1,0
all_delta,6,80,3,0.042608,0.010463999584317207,1,0,1,0
all_delta,6,80,4,0.044066000000000001,0.011327999643981457,2,0,1,0
all_delta,6,80,5,0.040936,0.0094720004126429558,1,0,1,0
all_delta,6,80,6,0.041549000000000003,0.0094079999253153801,1,0,1,0
all_delta,6,80,7,0.043609000000000002,0.012000000104308128,1,0,1,0
periodic2,0,70,0,0.055810999999999999,0.012736000120639801,1,0,1,0
periodic2,0,70,1,0.041890999999999998,0.010080000385642052,1,0,1,0
periodic2,0,70,2,0.039649999999999998,0.0087040001526474953,1,0,1,0
periodic2,0,70,3,0.040353,0.0087040001526474953,1,0,1,0
periodic2,0,70,4,0.040385999999999998,0.0094079999253153801,2,0,1,0
periodic2,0,70,5,0.040459000000000002,0.0092799998819828033,1,0,1,0
periodic2,0,70,6,0.042630000000000001,0.01104000024497509,2,0,1,0
periodic2,0,70,7,0.043177,0.010879999957978725,7,0,1,0
periodic2,0,80,0,0.037691000000000002,0.0065600001253187656,1,0,1,0
periodic2,0,80,1,0.037930999999999999,0.0071359998546540737,1,0,1,0
periodic2,0,80,2,0.040766999999999998,0.0088959997519850731,1,0,1,0
periodic2,0,80,3,0.040114999999999998,0.0091199995949864388,1,0,1,0
periodic2,0,80,4,0.040406999999999998,0.0086080003529787064,2,0,1,0
periodic2,0,80,5,0.040655999999999998,0.0093759996816515923,1,0,1,0
periodic2,0,80,6,0.039815000000000003,0.0087999999523162842,1,0,1,0
periodic2,0,80,7,0.042224999999999999,0.01119999960064888,1,0,1,0
periodic2,1,70,0,0.039146,0.0072320001199841499,1,0,1,0
periodic2,1,70,1,0.040654999999999997,0.009344000369310379,1,0,1,0
periodic2,1,70,2,0.040541000000000001,0.0093759996816515923,1,0,1,0
periodic2,1,70,3,0.034842999999999999,0.0081919999793171883,1,0,1,0
periodic2,1,70,4,0.042888999999999997,0.010784000158309937,2,0,1,0
periodic2,1,70,5,0.042167999999999997,0.011008000001311302,1,0,1,0
periodic2,1,70,6,0.042493999999999997,0.01119999960064888,2,0,1,0
periodic2,1,70,7,0.043008999999999999,0.011520000174641609,7,0,1,0
periodic2,1,80,0,0.036679999999999997,0.0072960001416504383,1,0,1,0
periodic2,1,80,1,0.042223999999999998,0.0098559996113181114,1,0,1,0
periodic2,1,80,2,0.049133999999999997,0.012992000207304955,1,0,1,0
periodic2,1,80,3,0.050674999999999998,0.018688000738620758,1,0,1,0
periodic2,1,80,4,0.040982999999999999,0.0096960002556443214,2,0,1,0
periodic2,1,80,5,0.043262000000000002,0.010975999757647514,1,0,1,0
periodic2,1,80,6,0.040315999999999998,0.0091199995949864388,1,0,1,0
periodic2,1,80,7,0.040797,0.009344000369310379,1,0,1,0
periodic2,2,70,0,0.044790000000000003,0.0091840000823140144,1,0,1,0
periodic2,2,70,1,0.037009,0.0087679997086524963,1,0,1,0
periodic2,2,70,2,0.041931999999999997,0.0096640000119805336,1,0,1,0
periodic2,2,70,3,0.043444000000000003,0.010975999757647514,1,0,1,0
periodic2,2,70,4,0.042591999999999998,0.010944000445306301,2,0,1,0
periodic2,2,70,5,0.043961,0.011807999573647976,1,0,1,0
periodic2,2,70,6,0.043368999999999998,0.011711999773979187,2,0,1,0
periodic2,2,70,7,0.043950000000000003,0.010688000358641148,7,0,1,0
periodic2,2,80,0,0.040640000000000003,0.0085760001093149185,1,0,1,0
periodic2,2,80,1,0.034076000000000002,0.0078400000929832458,1,0,1,0
periodic2,2,80,2,0.039888,0.0085439998656511307,1,0,1,0
periodic2,2,80,3,0.041606999999999998,0.0086719999089837074,1,0,1,0
periodic2,2,80,4,0.041369999999999997,0.0099520003423094749,2,0,1,0
periodic2,2,80,5,0.040781999999999999,0.0091519998386502266,1,0,1,0
periodic2,2,80,6,0.042775000000000001,0.011359999887645245,1,0,1,0
periodic2,2,80,7,0.037409999999999999,0.0091199995949864388,1,0,1,0
periodic2,3,70,0,0.039287000000000002,0.0071999998763203621,1,0,1,0
periodic2,3,70,1,0.041229000000000002,0.0090239997953176498,1,0,1,0
periodic2,3,70,2,0.041397999999999997,0.008832000195980072,1,0,1,0
periodic2,3,70,3,0.043895000000000003,0.011136000044643879,1,0,1,0
periodic2,3,70,4,0.043078999999999999,0.011520000174641609,2,0,1,0
periodic2,3,70,5,0.043012000000000002,0.010944000445306301,1,0,1,0
periodic2,3,70,6,0.038683000000000002,0.011744000017642975,2,0,1,0
periodic2,3,70,7,0.043221000000000002,0.011231999844312668,7,0,1,0
periodic2,3,80,0,0.041924000000000003,0.0092160003259778023,1,0,1,0
periodic2,3,80,1,0.041614999999999999,0.0090239997953176498,1,0,1,0
periodic2,3,80,2,0.040570000000000002,0.0090239997953176498,1,0,1,0
periodic2,3,80,3,0.041582000000000001,0.010143999941647053,1,0,1,0
periodic2,3,80,4,0.041404000000000003,0.0096960002556443214,2,0,1,0
periodic2,3,80,5,0.04061,0.0089600002393126488,1,0,1,0
periodic2,3,80,6,0.043705000000000001,0.01119999960064888,1,0,1,0
periodic2,3,80,7,0.043057999999999999,0.011520000174641609,1,0,1,0
periodic2,4,70,0,0.049119000000000003,0.0098240002989768982,1,0,1,0
periodic2,4,70,1,0.041563000000000003,0.0090560000389814377,1,0,1,0
periodic2,4,70,2,0.041438000000000003,0.0098559996113181114,1,0,1,0
periodic2,4,70,3,0.037485999999999998,0.009503999724984169,1,0,1,0
periodic2,4,70,4,0.036423999999999998,0.0092479996383190155,2,0,1,0
periodic2,4,70,5,0.043709999999999999,0.011711999773979187,1,0,1,0
periodic2,4,70,6,0.042958000000000003,0.01119999960064888,2,0,1,0
periodic2,4,70,7,0.043912,0.01142400037497282,7,0,1,0
periodic2,4,80,0,0.038855000000000001,0.0074240001849830151,1,0,1,0
periodic2,4,80,1,0.038199999999999998,0.0067839999683201313,1,0,1,0
periodic2,4,80,2,0.040723000000000002,0.0096319997683167458,1,0,1,0
periodic2,4,80,3,0.041001000000000003,0.0096319997683167458,1,0,1,0
periodic2,4,80,4,0.035104999999999997,0.0086719999089837074,2,0,1,0
periodic2,4,80,5,0.040932999999999997,0.0096960002556443214,1,0,1,0
periodic2,4,80,6,0.044068999999999997,0.01142400037497282,1,0,1,0
periodic2,4,80,7,0.040962999999999999,0.0094400001689791679,1,0,1,0
periodic2,5,70,0,0.042174000000000003,0.0086719999089837074,1,0,1,0
periodic2,5,70,1,0.041411999999999997,0.0094079999253153801,1,0,1,0
periodic2,5,70,2,0.037532000000000003,0.0098240002989768982,1,0,1,0
periodic2,5,70,3,0.041467999999999998,0.0092799998819828033,1,0,1,0
periodic2,5,70,4,0.043663,0.011711999773979187,2,0,1,0
periodic2,5,70,5,0.043108,0.011392000131309032,1,0,1,0
periodic2,5,70,6,0.04333,0.011455999687314034,2,0,1,0
periodic2,5,70,7,0.045029,0.011520000174641609,7,0,1,0
periodic2,5,80,0,0.040486000000000001,0.0088959997519850731,1,0,1,0
periodic2,5,80,1,0.041516999999999998,0.0094720004126429558,1,0,1,0
periodic2,5,80,2,0.036155,0.0092479996383190155,1,0,1,0
periodic2,5,80,3,0.042410000000000003,0.0094079999253153801,1,0,1,0
periodic2,5,80,4,0.040600999999999998,0.0090560000389814377,2,0,1,0
periodic2,5,80,5,0.037180999999999999,0.0097920000553131104,1,0,1,0
periodic2,5,80,6,0.041135999999999999,0.0097920000553131104,1,0,1,0
periodic2,5,80,7,0.040654999999999997,0.009344000369310379,1,0,1,0
periodic2,6,70,0,0.049272000000000003,0.0098240002989768982,1,0,1,0
periodic2,6,70,1,0.042064999999999998,0.0099839996546506882,1,0,1,0
periodic2,6,70,2,0.041001999999999997,0.0091840000823140144,1,0,1,0
periodic2,6,70,3,0.047021,0.0096960002556443214,1,0,1,0
periodic2,6,70,4,0.042111999999999997,0.0099200000986456871,2,0,1,0
periodic2,6,70,5,0.041184999999999999,0.009503999724984169,1,0,1,0
periodic2,6,70,6,0.043117000000000003,0.010816000401973724,2,0,1,0
periodic2,6,70,7,0.038525999999999998,0.011552000418305397,7,0,1,0
periodic2,6,80,0,0.038288000000000003,0.0067199999466538429,1,0,1,0
periodic2,6,80,1,0.040807000000000003,0.0093759996816515923,1,0,1,0
periodic2,6,80,2,0.041257000000000002,0.0087040001526474953,1,0,1,0
periodic2,6,80,3,0.040542000000000002,0.0088640004396438599,1,0,1,0
periodic2,6,80,4,0.041270000000000001,0.0098559996113181114,2,0,1,0
periodic2,6,80,5,0.041113999999999998,0.0095359999686479568,1,0,1,0
periodic2,6,80,6,0.040382000000000001,0.0087360003963112831,1,0,1,0
periodic2,6,80,7,0.035804000000000002,0.0094720004126429558,1,0,1,0
size_tiered,0,70,0,0.056989999999999999,0.013344000093638897,1,0,1,0
size_tiered,0,70,1,0.042077000000000003,0.0092479996383190155,1,0,1,0
size_tiered,0,70,2,0.040676999999999998,0.009503999724984169,1,0,1,0
size_tiered,0,70,3,0.041394,0.010143999941647053,1,0,1,0
size_tiered,0,70,4,0.040174000000000001,0.0087679997086524963,2,0,1,0
size_tiered,0,70,5,0.043555999999999997,0.01104000024497509,1,0,1,0
size_tiered,0,70,6,0.040779000000000003,0.0094400001689791679,2,0,1,0
size_tiered,0,70,7,0.043610999999999997,0.011392000131309032,7,0,1,0
size_tiered,0,80,0,0.033820000000000003,0.0073600001633167267,1,0,1,0
size_tiered,0,80,1,0.040425999999999997,0.0092479996383190155,1,0,1,0
size_tiered,0,80,2,0.038057000000000001,0.0071999998763203621,1,0,1,0
size_tiered,0,80,3,0.040328999999999997,0.0096319997683167458,1,0,1,0
size_tiered,0,80,4,0.039465,0.0084480000659823418,2,0,1,0
size_tiered,0,80,5,0.040307000000000003,0.0086080003529787064,1,0,1,0
size_tiered,0,80,6,0.037492999999999999,0.010143999941647053,1,0,1,0
size_tiered,0,80,7,0.035106999999999999,0.0087999999523162842,1,0,1,0
size_tiered,1,70,0,0.042074,0.0066880001686513424,1,0,1,0
size_tiered,1,70,1,0.040332,0.0086080003529787064,1,0,1,0
size_tiered,1,70,2,0.040043000000000002,0.0089600002393126488,1,0,1,0
size_tiered,1,70,3,0.040357999999999998,0.0090880002826452255,1,0,1,0
size_tiered,1,70,4,0.040952000000000002,0.0091199995949864388,2,0,1,0
size_tiered,1,70,5,0.04224,0.011296000331640244,1,0,1,0
size_tiered,1,70,6,0.042187000000000002,0.010912000201642513,2,0,1,0
size_tiered,1,70,7,0.042722999999999997,0.010975999757647514,7,0,1,0
size_tiered,1,80,0,0.038256999999999999,0.0072320001199841499,1,0,1,0
size_tiered,1,80,1,0.038204000000000002,0.0068479999899864197,1,0,1,0
size_tiered,1,80,2,0.038289999999999998,0.0070400000549852848,1,0,1,0
size_tiered,1,80,3,0.040939999999999997,0.0088959997519850731,1,0,1,0
size_tiered,1,80,4,0.040647999999999997,0.0093120001256465912,2,0,1,0
size_tiered,1,80,5,0.040716000000000002,0.0092160003259778023,1,0,1,0
size_tiered,1,80,6,0.040941999999999999,0.0093759996816515923,1,0,1,0
size_tiered,1,80,7,0.041014000000000002,0.0093120001256465912,1,0,1,0
size_tiered,2,70,0,0.039667000000000001,0.0073279999196529388,1,0,1,0
size_tiered,2,70,1,0.042284000000000002,0.0090560000389814377,1,0,1,0
size_tiered,2,70,2,0.041073999999999999,0.0097279995679855347,1,0,1,0
size_tiered,2,70,3,0.043633999999999999,0.01104000024497509,1,0,1,0
size_tiered,2,70,4,0.043524,0.011807999573647976,2,0,1,0
size_tiered,2,70,5,0.043268000000000001,0.011776000261306763,1,0,1,0
size_tiered,2,70,6,0.043657000000000001,0.010912000201642513,2,0,1,0
size_tiered,2,70,7,0.043836,0.011264000087976456,7,0,1,0
size_tiered,2,80,0,0.041840000000000002,0.0092799998819828033,1,0,1,0
size_tiered,2,80,1,0.038370000000000001,0.0071359998546540737,1,0,1,0
size_tiered,2,80,2,0.041161000000000003,0.0094720004126429558,1,0,1,0
size_tiered,2,80,3,0.041311,0.0096640000119805336,1,0,1,0
size_tiered,2,80,4,0.040432999999999997,0.0088959997519850731,2,0,1,0
size_tiered,2,80,5,0.036089000000000003,0.0090560000389814377,1,0,1,0
size_tiered,2,80,6,0.043831000000000002,0.011168000288307667,1,0,1,0
size_tiered,2,80,7,0.042677,0.011359999887645245,1,0,1,0
size_tiered,3,70,0,0.038925000000000001,0.0067839999683201313,1,0,1,0
size_tiered,3,70,1,0.041843999999999999,0.010080000385642052,1,0,1,0
size_tiered,3,70,2,0.040829999999999998,0.0093120001256465912,1,0,1,0
size_tiered,3,70,3,0.040736000000000001,0.0093120001256465912,1,0,1,0
size_tiered,3,70,4,0.042714000000000002,0.010719999670982361,2,0,1,0
size_tiered,3,70,5,0.043444000000000003,0.011008000001311302,1,0,1,0
size_tiered,3,70,6,0.042777000000000003,0.011392000131309032,2,0,1,0
size_tiered,3,70,7,0.048135999999999998,0.01104000024497509,7,0,1,0
size_tiered,3,80,0,0.039014,0.0077760000713169575,1,0,1,0
size_tiered,3,80,1,0.038767000000000003,0.0072960001416504383,1,0,1,0
size_tiered,3,80,2,0.041277000000000001,0.009344000369310379,1,0,1,0
size_tiered,3,80,3,0.036180999999999998,0.0094400001689791679,1,0,1,0
size_tiered,3,80,4,0.038977999999999999,0.0092799998819828033,2,0,1,0
size_tiered,3,80,5,0.041058999999999998,0.008991999551653862,1,0,1,0
size_tiered,3,80,6,0.043493999999999998,0.011839999817311764,1,0,1,0
size_tiered,3,80,7,0.043468,0.01104000024497509,1,0,1,0
size_tiered,4,70,0,0.040795999999999999,0.008832000195980072,1,0,1,0
size_tiered,4,70,1,0.041910999999999997,0.0087360003963112831,1,0,1,0
size_tiered,4,70,2,0.038864999999999997,0.0091199995949864388,1,0,1,0
size_tiered,4,70,3,0.043568000000000003,0.011008000001311302,1,0,1,0
size_tiered,4,70,4,0.042641999999999999,0.010944000445306301,2,0,1,0
size_tiered,4,70,5,0.044255999999999997,0.012384000234305859,1,0,1,0
size_tiered,4,70,6,0.043059,0.010975999757647514,2,0,1,0
size_tiered,4,70,7,0.042992000000000002,0.011071999557316303,7,0,1,0
size_tiered,4,80,0,0.038797999999999999,0.0073600001633167267,1,0,1,0
size_tiered,4,80,1,0.038434000000000003,0.0071040000766515732,1,0,1,0
size_tiered,4,80,2,0.040488999999999997,0.0087360003963112831,1,0,1,0
size_tiered,4,80,3,0.040999000000000001,0.0094079999253153801,1,0,1,0
size_tiered,4,80,4,0.040647999999999997,0.0093759996816515923,2,0,1,0
size_tiered,4,80,5,0.041944000000000002,0.0094720004126429558,1,0,1,0
size_tiered,4,80,6,0.040384000000000003,0.0090239997953176498,1,0,1,0
size_tiered,4,80,7,0.040542000000000002,0.0090880002826452255,1,0,1,0
size_tiered,5,70,0,0.038905000000000002,0.0068479999899864197,1,0,1,0
size_tiered,5,70,1,0.041901000000000001,0.0086399996653199196,1,0,1,0
size_tiered,5,70,2,0.040884999999999998,0.0093759996816515923,1,0,1,0
size_tiered,5,70,3,0.040201000000000001,0.0086719999089837074,1,0,1,0
size_tiered,5,70,4,0.040918000000000003,0.0092160003259778023,2,0,1,0
size_tiered,5,70,5,0.043365000000000001,0.010591999627649784,1,0,1,0
size_tiered,5,70,6,0.042958000000000003,0.011327999643981457,2,0,1,0
size_tiered,5,70,7,0.038063,0.01104000024497509,7,0,1,0
size_tiered,5,80,0,0.042361999999999997,0.006624000146985054,1,0,1,0
size_tiered,5,80,1,0.044558,0.0084800003096461296,1,0,1,0
size_tiered,5,80,2,0.04086,0.0091840000823140144,1,0,1,0
size_tiered,5,80,3,0.041095,0.0084800003096461296,1,0,1,0
size_tiered,5,80,4,0.041340000000000002,0.0087360003963112831,2,0,1,0
size_tiered,5,80,5,0.043493999999999998,0.010751999914646149,1,0,1,0
size_tiered,5,80,6,0.040592000000000003,0.0090880002826452255,1,0,1,0
size_tiered,5,80,7,0.040759999999999998,0.0091519998386502266,1,0,1,0
size_tiered,6,70,0,0.039123999999999999,0.0076159997843205929,1,0,1,0
size_tiered,6,70,1,0.040811,0.0088959997519850731,1,0,1,0
size_tiered,6,70,2,0.040522000000000002,0.0090239997953176498,1,0,1,0
size_tiered,6,70,3,0.040493000000000001,0.0088640004396438599,1,0,1,0
size_tiered,6,70,4,0.042373000000000001,0.010879999957978725,2,0,1,0
size_tiered,6,70,5,0.043152000000000003,0.010623999871313572,1,0,1,0
size_tiered,6,70,6,0.043227000000000002,0.010688000358641148,2,0,1,0
size_tiered,6,70,7,0.050990000000000001,0.013055999763309956,7,0,1,0
size_tiered,6,80,0,0.043345000000000002,0.011711999773979187,1,0,1,0
size_tiered,6,80,1,0.041738999999999998,0.0086399996653199196,1,0,1,0
size_tiered,6,80,2,0.041377999999999998,0.0095680002123117447,1,0,1,0
size_tiered,6,80,3,0.040323999999999999,0.0087360003963112831,1,0,1,0
size_tiered,6,80,4,0.041069000000000001,0.0084159998223185539,2,0,1,0
size_tiered,6,80,5,0.039162000000000002,0.0091840000823140144,1,0,1,0
size_tiered,6,80,6,0.038998999999999999,0.008991999551653862,1,0,1,0
size_tiered,6,80,7,0.042367000000000002,0.010751999914646149,1,0,1,0
compact,0,70,0,0.055310999999999999,0.012799999676644802,1,0,1,0
compact,0,70,1,0.041959000000000003,0.0098559996113181114,1,0,1,0
compact,0,70,2,0.040509000000000003,0.0093759996816515923,1,0,1,0
compact,0,70,3,0.041481999999999998,0.0092799998819828033,1,0,1,0
compact,0,70,4,0.040571999999999997,0.0092479996383190155,2,0,1,0
compact,0,70,5,0.043117999999999997,0.011071999557316303,1,0,1,0
compact,0,70,6,0.042362999999999998,0.011136000044643879,2,0,1,0
compact,0,70,7,0.042846000000000002,0.011327999643981457,7,0,1,0
compact,0,80,0,0.038469000000000003,0.0065279998816549778,1,0,1,0
compact,0,80,1,0.037841,0.0072320001199841499,1,0,1,0
compact,0,80,2,0.039759000000000003,0.0085439998656511307,1,0,1,0
compact,0,80,3,0.039935999999999999,0.0087999999523162842,1,0,1,0
compact,0,80,4,0.040059999999999998,0.0089279999956488609,2,0,1,0
compact,0,80,5,0.039926999999999997,0.0089600002393126488,1,0,1,0
compact,0,80,6,0.039496000000000003,0.0085439998656511307,1,0,1,0
compact,0,80,7,0.040273999999999997,0.009344000369310379,1,0,1,0
compact,1,70,0,0.044911,0.0095359999686479568,1,0,1,0
compact,1,70,1,0.041785999999999997,0.0099200000986456871,1,0,1,0
compact,1,70,2,0.043034999999999997,0.0096000004559755325,1,0,1,0
compact,1,70,3,0.041242000000000001,0.0090880002826452255,1,0,1,0
compact,1,70,4,0.040085000000000003,0.008991999551653862,2,0,1,0
compact,1,70,5,0.040786000000000003,0.0094400001689791679,1,0,1,0
compact,1,70,6,0.047904000000000002,0.010879999957978725,2,0,1,0
compact,1,70,7,0.043630000000000002,0.010719999670982361,7,0,1,0
compact,1,80,0,0.032724000000000003,0.0065279998816549778,1,0,1,0
compact,1,80,1,0.038026999999999998,0.0069760000333189964,1,0,1,0
compact,1,80,2,0.04104,0.0087360003963112831,1,0,1,0
compact,1,80,3,0.041035000000000002,0.0095359999686479568,1,0,1,0
compact,1,80,4,0.042453999999999999,0.008991999551653862,2,0,1,0
compact,1,80,5,0.039891000000000003,0.0088959997519850731,1,0,1,0
compact,1,80,6,0.040388,0.0093120001256465912,1,0,1,0
compact,1,80,7,0.040613000000000003,0.0094720004126429558,1,0,1,0
compact,2,70,0,0.048968999999999999,0.0096960002556443214,1,0,1,0
compact,2,70,1,0.041856999999999998,0.0092479996383190155,1,0,1,0
compact,2,70,2,0.035650000000000001,0.0087679997086524963,1,0,1,0
compact,2,70,3,0.037969000000000003,0.010879999957978725,1,0,1,0
compact,2,70,4,0.040536999999999997,0.0090560000389814377,2,0,1,0
compact,2,70,5,0.043374000000000003,0.010560000315308571,1,0,1,0
compact,2,70,6,0.042916999999999997,0.010944000445306301,2,0,1,0
compact,2,70,7,0.043992999999999997,0.01065600011497736,7,0,1,0
compact,2,80,0,0.038991999999999999,0.0067839999683201313,1,0,1,0
compact,2,80,1,0.041541000000000002,0.0086399996653199196,1,0,1,0
compact,2,80,2,0.041366,0.0087360003963112831,1,0,1,0
compact,2,80,3,0.040626000000000002,0.0089600002393126488,1,0,1,0
compact,2,80,4,0.040684999999999999,0.0090239997953176498,2,0,1,0
compact,2,80,5,0.041746999999999999,0.0086719999089837074,1,0,1,0
compact,2,80,6,0.042356999999999999,0.0097279995679855347,1,0,1,0
compact,2,80,7,0.040996999999999999,0.0094400001689791679,1,0,1,0
compact,3,70,0,0.057321999999999998,0.0098559996113181114,1,0,1,0
compact,3,70,1,0.046723000000000001,0.0093120001256465912,1,0,1,0
compact,3,70,2,0.044080000000000001,0.0088959997519850731,1,0,1,0
compact,3,70,3,0.044796000000000002,0.0089279999956488609,1,0,1,0
compact,3,70,4,0.047461999999999997,0.0094400001689791679,2,0,1,0
compact,3,70,5,0.043234000000000002,0.0095680002123117447,1,0,1,0
compact,3,70,6,0.042777000000000003,0.011264000087976456,2,0,1,0
compact,3,70,7,0.043124000000000003,0.010912000201642513,7,0,1,0
compact,3,80,0,0.038657999999999998,0.0067520001903176308,1,0,1,0
compact,3,80,1,0.040925999999999997,0.0093759996816515923,1,0,1,0
compact,3,80,2,0.039081999999999999,0.0077120000496506691,1,0,1,0
compact,3,80,3,0.040529000000000003,0.0087040001526474953,1,0,1,0
compact,3,80,4,0.040952000000000002,0.0094079999253153801,2,0,1,0
compact,3,80,5,0.039802999999999998,0.0084800003096461296,1,0,1,0
compact,3,80,6,0.043400000000000001,0.010944000445306301,1,0,1,0
compact,3,80,7,0.040627000000000003,0.0093759996816515923,1,0,1,0
compact,4,70,0,0.049718999999999999,0.010048000141978264,1,0,1,0
compact,4,70,1,0.041910000000000003,0.0098240002989768982,1,0,1,0
compact,4,70,2,0.041181000000000002,0.0086719999089837074,1,0,1,0
compact,4,70,3,0.040987000000000003,0.0092799998819828033,1,0,1,0
compact,4,70,4,0.040828000000000003,0.0088640004396438599,2,0,1,0
compact,4,70,5,0.044005000000000002,0.011103999800980091,1,0,1,0
compact,4,70,6,0.043971999999999997,0.011008000001311302,2,0,1,0
compact,4,70,7,0.043664000000000001,0.011552000418305397,7,0,1,0
compact,4,80,0,0.041077000000000002,0.0082240002229809761,1,0,1,0
compact,4,80,1,0.044776999999999997,0.013311999849975109,1,0,1,0
compact,4,80,2,0.041034000000000001,0.0084159998223185539,1,0,1,0
compact,4,80,3,0.039898000000000003,0.0092479996383190155,1,0,1,0
compact,4,80,4,0.041088,0.0094079999253153801,2,0,1,0
compact,4,80,5,0.040960000000000003,0.0093759996816515923,1,0,1,0
compact,4,80,6,0.041234,0.0087999999523162842,1,0,1,0
compact,4,80,7,0.043425999999999999,0.010944000445306301,1,0,1,0
compact,5,70,0,0.053251,0.010335999540984631,1,0,1,0
compact,5,70,1,0.041425999999999998,0.0095680002123117447,1,0,1,0
compact,5,70,2,0.041096000000000001,0.0095359999686479568,1,0,1,0
compact,5,70,3,0.041201000000000002,0.0096640000119805336,1,0,1,0
compact,5,70,4,0.043955000000000001,0.011136000044643879,2,0,1,0
compact,5,70,5,0.043323,0.01158399973064661,1,0,1,0
compact,5,70,6,0.043629000000000001,0.010719999670982361,2,0,1,0
compact,5,70,7,0.044141,0.011904000304639339,7,0,1,0
compact,5,80,0,0.038027999999999999,0.0071359998546540737,1,0,1,0
compact,5,80,1,0.040605000000000002,0.0092479996383190155,1,0,1,0
compact,5,80,2,0.04018,0.0087679997086524963,1,0,1,0
compact,5,80,3,0.040938000000000002,0.0094079999253153801,1,0,1,0
compact,5,80,4,0.041542000000000003,0.0088640004396438599,2,0,1,0
compact,5,80,5,0.041593999999999999,0.0088640004396438599,1,0,1,0
compact,5,80,6,0.041072999999999998,0.009344000369310379,1,0,1,0
compact,5,80,7,0.041033,0.0086080003529787064,1,0,1,0
compact,6,70,0,0.052255000000000003,0.0092160003259778023,1,0,1,0
compact,6,70,1,0.042749000000000002,0.0098559996113181114,1,0,1,0
compact,6,70,2,0.041870999999999998,0.0091199995949864388,1,0,1,0
compact,6,70,3,0.040586999999999998,0.0089279999956488609,1,0,1,0
compact,6,70,4,0.043561999999999997,0.011359999887645245,2,0,1,0
compact,6,70,5,0.043915000000000003,0.011103999800980091,1,0,1,0
compact,6,70,6,0.044394999999999997,0.011264000087976456,2,0,1,0
compact,6,70,7,0.043383999999999999,0.011392000131309032,7,0,1,0
compact,6,80,0,0.038273000000000001,0.0068160002119839191,1,0,1,0
compact,6,80,1,0.041197999999999999,0.0090560000389814377,1,0,1,0
compact,6,80,2,0.040211999999999998,0.0086719999089837074,1,0,1,0
compact,6,80,3,0.040828999999999997,0.0090880002826452255,1,0,1,0
compact,6,80,4,0.041647000000000003,0.008832000195980072,2,0,1,0
compact,6,80,5,0.040615999999999999,0.0091519998386502266,1,0,1,0
compact,6,80,6,0.043351000000000001,0.010975999757647514,1,0,1,0
compact,6,80,7,0.043347999999999998,0.010879999957978725,1,0,1,0
periodic2,0,70,0,0.17031199999999999,0.097599998116493225,1,0,1,1
periodic2,0,70,1,0.050427,0.010176000185310841,1,0,1,1
periodic2,0,70,2,0.044965999999999999,0.0099200000986456871,1,0,1,1
periodic2,0,70,3,0.043718,0.010208000428974628,1,0,1,1
periodic2,0,70,4,0.046705000000000003,0.011487999930977821,2,0,1,1
periodic2,0,70,5,0.045961000000000002,0.011296000331640244,1,0,1,1
periodic2,0,70,6,0.045342,0.011776000261306763,2,0,1,1
periodic2,0,70,7,0.047266000000000002,0.011711999773979187,7,0,1,1
periodic2,0,80,0,0.040457,0.0076480000279843807,1,0,1,1
periodic2,0,80,1,0.040393999999999999,0.006624000146985054,1,0,1,1
periodic2,0,80,2,0.042757999999999997,0.010015999898314476,1,0,1,1
periodic2,0,80,3,0.043887000000000002,0.0098879998549818993,1,0,1,1
periodic2,0,80,4,0.042603000000000002,0.0092160003259778023,2,0,1,1
periodic2,0,80,5,0.042976,0.008991999551653862,1,0,1,1
periodic2,0,80,6,0.043270999999999997,0.0095680002123117447,1,0,1,1
periodic2,0,80,7,0.043083000000000003,0.0086399996653199196,1,0,1,1
periodic2,1,70,0,0.043506000000000003,0.0090560000389814377,1,0,1,1
periodic2,1,70,1,0.042402000000000002,0.0092160003259778023,1,0,1,1
periodic2,1,70,2,0.043358000000000001,0.0090880002826452255,1,0,1,1
periodic2,1,70,3,0.043479999999999998,0.008832000195980072,1,0,1,1
periodic2,1,70,4,0.045871000000000002,0.011839999817311764,2,0,1,1
periodic2,1,70,5,0.045367999999999999,0.011296000331640244,1,0,1,1
periodic2,1,70,6,0.044708999999999999,0.011296000331640244,2,0,1,1
periodic2,1,70,7,0.043908999999999997,0.01104000024497509,7,0,1,1
periodic2,1,80,0,0.040611000000000001,0.006624000146985054,1,0,1,1
periodic2,1,80,1,0.042569000000000003,0.008320000022649765,1,0,1,1
periodic2,1,80,2,0.048847000000000002,0.0097920000553131104,1,0,1,1
periodic2,1,80,3,0.042824000000000001,0.0092799998819828033,1,0,1,1
periodic2,1,80,4,0.043139999999999998,0.0098559996113181114,2,0,1,1
periodic2,1,80,5,0.043520000000000003,0.0095359999686479568,1,0,1,1
periodic2,1,80,6,0.043984000000000002,0.0097920000553131104,1,0,1,1
periodic2,1,80,7,0.043757999999999998,0.0085760001093149185,1,0,1,1
periodic2,2,70,0,0.050523999999999999,0.0091840000823140144,1,0,1,1
periodic2,2,70,1,0.045710000000000001,0.010335999540984631,1,0,1,1
periodic2,2,70,2,0.044519000000000003,0.0095680002123117447,1,0,1,1
periodic2,2,70,3,0.044639999999999999,0.011392000131309032,1,0,1,1
periodic2,2,70,4,0.046598000000000001,0.011615999974310398,2,0,1,1
periodic2,2,70,5,0.045232000000000001,0.011648000217974186,1,0,1,1
periodic2,2,70,6,0.046327,0.012032000347971916,2,0,1,1
periodic2,2,70,7,0.048217999999999997,0.012063999660313129,7,0,1,1
periodic2,2,80,0,0.041647000000000003,0.0079359998926520348,1,0,1,1
periodic2,2,80,1,0.043263000000000003,0.0097599998116493225,1,0,1,1
periodic2,2,80,2,0.044475000000000001,0.0099520003423094749,1,0,1,1
periodic2,2,80,3,0.038959000000000001,0.0087679997086524963,1,0,1,1
periodic2,2,80,4,0.037282000000000003,0.0080319996923208237,2,0,1,1
periodic2,2,80,5,0.043929999999999997,0.0095680002123117447,1,0,1,1
periodic2,2,80,6,0.045309000000000002,0.011103999800980091,1,0,1,1
periodic2,2,80,7,0.045018000000000002,0.010048000141978264,1,0,1,1
periodic2,3,70,0,0.042185,0.0079359998926520348,1,0,1,1
periodic2,3,70,1,0.043596999999999997,0.0096960002556443214,1,0,1,1
periodic2,3,70,2,0.044879000000000002,0.0093120001256465912,1,0,1,1
periodic2,3,70,3,0.044178000000000002,0.01027199998497963,1,0,1,1
periodic2,3,70,4,0.046703000000000001,0.011904000304639339,2,0,1,1
periodic2,3,70,5,0.045912000000000001,0.011296000331640244,1,0,1,1
periodic2,3,70,6,0.046715,0.012032000347971916,2,0,1,1
periodic2,3,70,7,0.045317000000000003,0.012223999947309494,7,0,1,1
periodic2,3,80,0,0.041529000000000003,0.0073279999196529388,1,0,1,1
periodic2,3,80,1,0.044725000000000001,0.0095680002123117447,1,0,1,1
periodic2,3,80,2,0.043771999999999998,0.0088959997519850731,1,0,1,1
periodic2,3,80,3,0.043230999999999999,0.0093759996816515923,1,0,1,1
periodic2,3,80,4,0.043873000000000002,0.0092799998819828033,2,0,1,1
periodic2,3,80,5,0.046281999999999997,0.0096640000119805336,1,0,1,1
periodic2,3,80,6,0.046654000000000001,0.011103999800980091,1,0,1,1
periodic2,3,80,7,0.045838999999999998,0.011520000174641609,1,0,1,1
periodic2,4,70,0,0.056911999999999997,0.011872000060975552,1,0,1,1
periodic2,4,70,1,0.044468000000000001,0.0097599998116493225,1,0,1,1
periodic2,4,70,2,0.044212000000000001,0.0094400001689791679,1,0,1,1
periodic2,4,70,3,0.043376999999999999,0.0097920000553131104,1,0,1,1
periodic2,4,70,4,0.043031,0.0096319997683167458,2,0,1,1
periodic2,4,70,5,0.045908999999999998,0.011520000174641609,1,0,1,1
periodic2,4,70,6,0.051553000000000002,0.016767999157309532,2,0,1,1
periodic2,4,70,7,0.046249999999999999,0.011327999643981457,7,0,1,1
periodic2,4,80,0,0.042562000000000003,0.0085439998656511307,1,0,1,1
periodic2,4,80,1,0.040393999999999999,0.0091519998386502266,1,0,1,1
periodic2,4,80,2,0.039666,0.0085439998656511307,1,0,1,1
periodic2,4,80,3,0.057096000000000001,0.0095359999686479568,1,0,1,1
periodic2,4,80,4,0.042684,0.0090880002826452255,2,0,1,1
periodic2,4,80,5,0.039787999999999997,0.0085119996219873428,1,0,1,1
periodic2,4,80,6,0.038790999999999999,0.0099200000986456871,1,0,1,1
periodic2,4,80,7,0.039897000000000002,0.0088640004396438599,1,0,1,1
periodic2,5,70,0,0.039517999999999998,0.0076799998059868813,1,0,1,1
periodic2,5,70,1,0.041248,0.008991999551653862,1,0,1,1
periodic2,5,70,2,0.041359,0.0088959997519850731,1,0,1,1
periodic2,5,70,3,0.040229000000000001,0.0090880002826452255,1,0,1,1
periodic2,5,70,4,0.041653000000000003,0.010528000071644783,2,0,1,1
periodic2,5,70,5,0.043326000000000003,0.010975999757647514,1,0,1,1
periodic2,5,70,6,0.042791000000000003,0.011455999687314034,2,0,1,1
periodic2,5,70,7,0.042983,0.010367999784648418,7,0,1,1
periodic2,5,80,0,0.037900000000000003,0.0063680000603199005,1,0,1,1
periodic2,5,80,1,0.040139000000000001,0.0086719999089837074,1,0,1,1
periodic2,5,80,2,0.040926999999999998,0.0086080003529787064,1,0,1,1
periodic2,5,80,3,0.034874000000000002,0.0084800003096461296,1,0,1,1
periodic2,5,80,4,0.040374,0.0090560000389814377,2,0,1,1
periodic2,5,80,5,0.041021000000000002,0.0086399996653199196,1,0,1,1
periodic2,5,80,6,0.040155999999999997,0.0089279999956488609,1,0,1,1
periodic2,5,80,7,0.040573999999999999,0.0091519998386502266,1,0,1,1
periodic2,6,70,0,0.049751999999999998,0.010111999697983265,1,0,1,1
periodic2,6,70,1,0.041271000000000002,0.0096640000119805336,1,0,1,1
periodic2,6,70,2,0.040953000000000003,0.0096640000119805336,1,0,1,1
periodic2,6,70,3,0.040536999999999997,0.009344000369310379,1,0,1,1
periodic2,6,70,4,0.043338000000000002,0.010784000158309937,2,0,1,1
periodic2,6,70,5,0.042457000000000002,0.01104000024497509,1,0,1,1
periodic2,6,70,6,0.043596999999999997,0.010719999670982361,2,0,1,1
periodic2,6,70,7,0.044201999999999998,0.011008000001311302,7,0,1,1
periodic2,6,80,0,0.038418000000000001,0.0071359998546540737,1,0,1,1
periodic2,6,80,1,0.041792000000000003,0.0089600002393126488,1,0,1,1
periodic2,6,80,2,0.038681,0.0073600001633167267,1,0,1,1
periodic2,6,80,3,0.040746999999999998,0.0091840000823140144,1,0,1,1
periodic2,6,80,4,0.040347000000000001,0.0085760001093149185,2,0,1,1
periodic2,6,80,5,0.036257999999999999,0.0089600002393126488,1,0,1,1
periodic2,6,80,6,0.040694000000000001,0.0090560000389814377,1,0,1,1
periodic2,6,80,7,0.040912999999999998,0.0087360003963112831,1,0,1,1
size_tiered,0,70,0,0.053851999999999997,0.011711999773979187,1,0,1,1
size_tiered,0,70,1,0.038544000000000002,0.0076480000279843807,1,0,1,1
size_tiered,0,70,2,0.040737000000000002,0.0086719999089837074,1,0,1,1
size_tiered,0,70,3,0.039646000000000001,0.0085439998656511307,1,0,1,1
size_tiered,0,70,4,0.040231999999999997,0.0090560000389814377,2,0,1,1
size_tiered,0,70,5,0.042764000000000003,0.010560000315308571,1,0,1,1
size_tiered,0,70,6,0.042278999999999997,0.0099839996546506882,2,0,1,1
size_tiered,0,70,7,0.041827000000000003,0.010688000358641148,7,0,1,1
size_tiered,0,80,0,0.037560000000000003,0.0067520001903176308,1,0,1,1
size_tiered,0,80,1,0.043251999999999999,0.008320000022649765,1,0,1,1
size_tiered,0,80,2,0.037595999999999997,0.0069120000116527081,1,0,1,1
size_tiered,0,80,3,0.034203999999999998,0.0073600001633167267,1,0,1,1
size_tiered,0,80,4,0.039459000000000001,0.0083839995786547661,2,0,1,1
size_tiered,0,80,5,0.040218999999999998,0.0088640004396438599,1,0,1,1
size_tiered,0,80,6,0.039785000000000001,0.0084480000659823418,1,0,1,1
size_tiered,0,80,7,0.040486000000000001,0.0082879997789859772,1,0,1,1
size_tiered,1,70,0,0.037831999999999998,0.0069439997896552086,1,0,1,1
size_tiered,1,70,1,0.040327000000000002,0.0077120000496506691,1,0,1,1
size_tiered,1,70,2,0.039715,0.0087999999523162842,1,0,1,1
size_tiered,1,70,3,0.039808000000000003,0.0087360003963112831,1,0,1,1
size_tiered,1,70,4,0.040481999999999997,0.0088959997519850731,2,0,1,1
size_tiered,1,70,5,0.040250000000000001,0.0090239997953176498,1,0,1,1
size_tiered,1,70,6,0.042151000000000001,0.0098559996113181114,2,0,1,1
size_tiered,1,70,7,0.041993999999999997,0.010432000271975994,7,0,1,1
size_tiered,1,80,0,0.037469000000000002,0.0064639998599886894,1,0,1,1
size_tiered,1,80,1,0.039986000000000001,0.0085119996219873428,1,0,1,1
size_tiered,1,80,2,0.039586000000000003,0.0086080003529787064,1,0,1,1
size_tiered,1,80,3,0.039849999999999997,0.0085760001093149185,1,0,1,1
size_tiered,1,80,4,0.044762999999999997,0.0083839995786547661,2,0,1,1
size_tiered,1,80,5,0.039382,0.0082879997789859772,1,0,1,1
size_tiered,1,80,6,0.039712999999999998,0.0083839995786547661,1,0,1,1
size_tiered,1,80,7,0.039935999999999999,0.0089279999956488609,1,0,1,1
size_tiered,2,70,0,0.038836000000000002,0.0072960001416504383,1,0,1,1
size_tiered,2,70,1,0.039759999999999997,0.0086080003529787064,1,0,1,1
size_tiered,2,70,2,0.040510999999999998,0.0090560000389814377,1,0,1,1
size_tiered,2,70,3,0.041520000000000001,0.0092160003259778023,1,0,1,1
size_tiered,2,70,4,0.040282999999999999,0.0088959997519850731,2,0,1,1
size_tiered,2,70,5,0.041675999999999998,0.010495999827980995,1,0,1,1
size_tiered,2,70,6,0.04249,0.010239999741315842,2,0,1,1
size_tiered,2,70,7,0.042530999999999999,0.010784000158309937,7,0,1,1
size_tiered,2,80,0,0.033513000000000001,0.0069760000333189964,1,0,1,1
size_tiered,2,80,1,0.032974000000000003,0.0065600001253187656,1,0,1,1
size_tiered,2,80,2,0.039763,0.0087040001526474953,1,0,1,1
size_tiered,2,80,3,0.039876000000000002,0.0087999999523162842,1,0,1,1
size_tiered,2,80,4,0.040221,0.0080639999359846115,2,0,1,1
size_tiered,2,80,5,0.039902,0.0079039996489882469,1,0,1,1
size_tiered,2,80,6,0.042223999999999998,0.010111999697983265,1,0,1,1
size_tiered,2,80,7,0.039872999999999999,0.008832000195980072,1,0,1,1
size_tiered,3,70,0,0.037953000000000001,0.0071359998546540737,1,0,1,1
size_tiered,3,70,1,0.039799000000000001,0.0083839995786547661,1,0,1,1
size_tiered,3,70,2,0.040384000000000003,0.0087999999523162842,1,0,1,1
size_tiered,3,70,3,0.042425999999999998,0.010176000185310841,1,0,1,1
size_tiered,3,70,4,0.046420999999999997,0.0092160003259778023,2,0,1,1
size_tiered,3,70,5,0.042009999999999999,0.010751999914646149,1,0,1,1
size_tiered,3,70,6,0.042097000000000002,0.010912000201642513,2,0,1,1
size_tiered,3,70,7,0.050534000000000003,0.012000000104308128,7,0,1,1
size_tiered,3,80,0,0.037609999999999998,0.0064639998599886894,1,0,1,1
size_tiered,3,80,1,0.039392999999999997,0.0081280004233121872,1,0,1,1
size_tiered,3,80,2,0.039523000000000003,0.0085119996219873428,1,0,1,1
size_tiered,3,80,3,0.040049000000000001,0.0088959997519850731,1,0,1,1
size_tiered,3,80,4,0.040053999999999999,0.0086719999089837074,2,0,1,1
size_tiered,3,80,5,0.039988000000000003,0.0088640004396438599,1,0,1,1
size_tiered,3,80,6,0.040412999999999998,0.0089600002393126488,1,0,1,1
size_tiered,3,80,7,0.041874000000000001,0.010591999627649784,1,0,1,1
size_tiered,4,70,0,0.040890000000000003,0.0086719999089837074,1,0,1,1
size_tiered,4,70,1,0.040788999999999999,0.0085119996219873428,1,0,1,1
size_tiered,4,70,2,0.039838999999999999,0.0086719999089837074,1,0,1,1
size_tiered,4,70,3,0.042334999999999998,0.011231999844312668,1,0,1,1
size_tiered,4,70,4,0.042019000000000001,0.010751999914646149,2,0,1,1
size_tiered,4,70,5,0.041843999999999999,0.010944000445306301,1,0,1,1
size_tiered,4,70,6,0.042363999999999999,0.01065600011497736,2,0,1,1
size_tiered,4,70,7,0.042964000000000002,0.011327999643981457,7,0,1,1
size_tiered,4,80,0,0.037901999999999998,0.0060160001739859581,1,0,1,1
size_tiered,4,80,1,0.040157999999999999,0.0082879997789859772,1,0,1,1
size_tiered,4,80,2,0.039877999999999997,0.0086399996653199196,1,0,1,1
size_tiered,4,80,3,0.035614,0.0080639999359846115,1,0,1,1
size_tiered,4,80,4,0.034604000000000003,0.0072320001199841499,2,0,1,1
size_tiered,4,80,5,0.039898000000000003,0.0086080003529787064,1,0,1,1
size_tiered,4,80,6,0.039938000000000001,0.0088640004396438599,1,0,1,1
size_tiered,4,80,7,0.039496000000000003,0.010304000228643417,1,0,1,1
size_tiered,5,70,0,0.039545999999999998,0.0073600001633167267,1,0,1,1
size_tiered,5,70,1,0.040934999999999999,0.009503999724984169,1,0,1,1
size_tiered,5,70,2,0.040056000000000001,0.0086080003529787064,1,0,1,1
size_tiered,5,70,3,0.036045000000000001,0.0087999999523162842,1,0,1,1
size_tiered,5,70,4,0.042456000000000001,0.010847999714314938,2,0,1,1
size_tiered,5,70,5,0.042072999999999999,0.01065600011497736,1,0,1,1
size_tiered,5,70,6,0.04274,0.01027199998497963,2,0,1,1
size_tiered,5,70,7,0.051500999999999998,0.01244799979031086,7,0,1,1
size_tiered,5,80,0,0.037988000000000001,0.0070719998329877853,1,0,1,1
size_tiered,5,80,1,0.038029,0.007519999984651804,1,0,1,1
size_tiered,5,80,2,0.040996999999999999,0.0087040001526474953,1,0,1,1
size_tiered,5,80,3,0.040418999999999997,0.009344000369310379,1,0,1,1
size_tiered,5,80,4,0.037581000000000003,0.0085119996219873428,2,0,1,1
size_tiered,5,80,5,0.040507000000000001,0.0093759996816515923,1,0,1,1
size_tiered,5,80,6,0.042749000000000002,0.011231999844312668,1,0,1,1
size_tiered,5,80,7,0.040398999999999997,0.0090560000389814377,1,0,1,1
size_tiered,6,70,0,0.038067999999999998,0.0064960001036524773,1,0,1,1
size_tiered,6,70,1,0.039907999999999999,0.0089600002393126488,1,0,1,1
size_tiered,6,70,2,0.036537,0.0093759996816515923,1,0,1,1
size_tiered,6,70,3,0.040277,0.0090880002826452255,1,0,1,1
size_tiered,6,70,4,0.041696999999999998,0.010111999697983265,2,0,1,1
size_tiered,6,70,5,0.042404999999999998,0.011296000331640244,1,0,1,1
size_tiered,6,70,6,0.042416000000000002,0.010208000428974628,2,0,1,1
size_tiered,6,70,7,0.042701999999999997,0.010751999914646149,7,0,1,1
size_tiered,6,80,0,0.040093999999999998,0.008991999551653862,1,0,1,1
size_tiered,6,80,1,0.039933000000000003,0.0084800003096461296,1,0,1,1
size_tiered,6,80,2,0.034484000000000001,0.0072320001199841499,1,0,1,1
size_tiered,6,80,3,0.039850999999999998,0.0086399996653199196,1,0,1,1
size_tiered,6,80,4,0.040037999999999997,0.0085760001093149185,2,0,1,1
size_tiered,6,80,5,0.040320000000000002,0.0088640004396438599,1,0,1,1
size_tiered,6,80,6,0.040281999999999998,0.0090560000389814377,1,0,1,1
size_tiered,6,80,7,0.041845,0.010719999670982361,1,0,1,1
compact,0,70,0,0.053432,0.012128000147640705,1,0,1,1
compact,0,70,1,0.041773999999999999,0.0092160003259778023,1,0,1,1
compact,0,70,2,0.040129999999999999,0.0080639999359846115,1,0,1,1
compact,0,70,3,0.039736,0.008320000022649765,1,0,1,1
compact,0,70,4,0.039932000000000002,0.0087360003963112831,2,0,1,1
compact,0,70,5,0.041695000000000003,0.010751999914646149,1,0,1,1
compact,0,70,6,0.042315999999999999,0.010847999714314938,2,0,1,1
compact,0,70,7,0.043167999999999998,0.010560000315308571,7,0,1,1
compact,0,80,0,0.037394999999999998,0.0059839999303221703,1,0,1,1
compact,0,80,1,0.040670999999999999,0.0081919999793171883,1,0,1,1
compact,0,80,2,0.040328000000000003,0.0093120001256465912,1,0,1,1
compact,0,80,3,0.038584,0.0080960001796483994,1,0,1,1
compact,0,80,4,0.040023000000000003,0.008320000022649765,2,0,1,1
compact,0,80,5,0.040089,0.0090560000389814377,1,0,1,1
compact,0,80,6,0.039634999999999997,0.0086080003529787064,1,0,1,1
compact,0,80,7,0.040217000000000003,0.0092160003259778023,1,0,1,1
compact,1,70,0,0.050783000000000002,0.0097599998116493225,1,0,1,1
compact,1,70,1,0.040626000000000002,0.0096960002556443214,1,0,1,1
compact,1,70,2,0.039600000000000003,0.0084480000659823418,1,0,1,1
compact,1,70,3,0.040211999999999998,0.0090239997953176498,1,0,1,1
compact,1,70,4,0.041875999999999997,0.010912000201642513,2,0,1,1
compact,1,70,5,0.039837999999999998,0.0089600002393126488,1,0,1,1
compact,1,70,6,0.042689999999999999,0.011359999887645245,2,0,1,1
compact,1,70,7,0.043359000000000002,0.01104000024497509,7,0,1,1
compact,1,80,0,0.037751,0.0069120000116527081,1,0,1,1
compact,1,80,1,0.040919999999999998,0.0086719999089837074,1,0,1,1
compact,1,80,2,0.043812999999999998,0.0083520002663135529,1,0,1,1
compact,1,80,3,0.034465000000000003,0.0084159998223185539,1,0,1,1
compact,1,80,4,0.040304,0.008991999551653862,2,0,1,1
compact,1,80,5,0.039725000000000003,0.0085760001093149185,1,0,1,1
compact,1,80,6,0.040091000000000002,0.0087040001526474953,1,0,1,1
compact,1,80,7,0.042216999999999998,0.01104000024497509,1,0,1,1
compact,2,70,0,0.052909999999999999,0.011008000001311302,1,0,1,1
compact,2,70,1,0.048807000000000003,0.012608000077307224,1,0,1,1
compact,2,70,2,0.042057999999999998,0.0098559996113181114,1,0,1,1
compact,2,70,3,0.051733000000000001,0.010847999714314938,1,0,1,1
compact,2,70,4,0.041215000000000002,0.008991999551653862,2,0,1,1
compact,2,70,5,0.041486000000000002,0.0096640000119805336,1,0,1,1
compact,2,70,6,0.044304000000000003,0.011264000087976456,2,0,1,1
compact,2,70,7,0.043158000000000002,0.010879999957978725,7,0,1,1
compact,2,80,0,0.038255999999999998,0.0067839999683201313,1,0,1,1
compact,2,80,1,0.040023999999999997,0.006624000146985054,1,0,1,1
compact,2,80,2,0.038071000000000001,0.007007999811321497,1,0,1,1
compact,2,80,3,0.039923,0.0087040001526474953,1,0,1,1
compact,2,80,4,0.040497999999999999,0.0093759996816515923,2,0,1,1
compact,2,80,5,0.041057999999999997,0.0093759996816515923,1,0,1,1
compact,2,80,6,0.040736000000000001,0.0095680002123117447,1,0,1,1
compact,2,80,7,0.043456000000000002,0.011264000087976456,1,0,1,1
compact,3,70,0,0.047261999999999998,0.0097599998116493225,1,0,1,1
compact,3,70,1,0.041235000000000001,0.0097279995679855347,1,0,1,1
compact,3,70,2,0.041294999999999998,0.0098879998549818993,1,0,1,1
compact,3,70,3,0.043604999999999998,0.011231999844312668,1,0,1,1
compact,3,70,4,0.035444000000000003,0.0090560000389814377,2,0,1,1
compact,3,70,5,0.044037,0.011520000174641609,1,0,1,1
compact,3,70,6,0.041328999999999998,0.0098879998549818993,2,0,1,1
compact,3,70,7,0.043602000000000002,0.010784000158309937,7,0,1,1
compact,3,80,0,0.039375,0.0084480000659823418,1,0,1,1
compact,3,80,1,0.04027,0.0087999999523162842,1,0,1,1
compact,3,80,2,0.038938,0.0073919999413192272,1,0,1,1
compact,3,80,3,0.040745999999999997,0.009503999724984169,1,0,1,1
compact,3,80,4,0.040526,0.008832000195980072,2,0,1,1
compact,3,80,5,0.040875000000000002,0.0091199995949864388,1,0,1,1
compact,3,80,6,0.040904999999999997,0.0096000004559755325,1,0,1,1
compact,3,80,7,0.043563999999999999,0.011071999557316303,1,0,1,1
compact,4,70,0,0.048370000000000003,0.0090239997953176498,1,0,1,1
compact,4,70,1,0.042103000000000002,0.0088640004396438599,1,0,1,1
compact,4,70,2,0.041638000000000001,0.010463999584317207,1,0,1,1
compact,4,70,3,0.035987999999999999,0.0092799998819828033,1,0,1,1
compact,4,70,4,0.041237999999999997,0.0087679997086524963,2,0,1,1
compact,4,70,5,0.037203,0.010816000401973724,1,0,1,1
compact,4,70,6,0.042255000000000001,0.010816000401973724,2,0,1,1
compact,4,70,7,0.043649,0.010975999757647514,7,0,1,1
compact,4,80,0,0.039109999999999999,0.0071680000983178616,1,0,1,1
compact,4,80,1,0.037739000000000002,0.0065919999033212662,1,0,1,1
compact,4,80,2,0.044741000000000003,0.0092160003259778023,1,0,1,1
compact,4,80,3,0.041356999999999998,0.0087999999523162842,1,0,1,1
compact,4,80,4,0.039942999999999999,0.0085119996219873428,2,0,1,1
compact,4,80,5,0.040073999999999999,0.0087999999523162842,1,0,1,1
compact,4,80,6,0.043164000000000001,0.010847999714314938,1,0,1,1
compact,4,80,7,0.039871999999999998,0.0084800003096461296,1,0,1,1
compact,5,70,0,0.049037999999999998,0.0092479996383190155,1,0,1,1
compact,5,70,1,0.041109,0.0094720004126429558,1,0,1,1
compact,5,70,2,0.041236000000000002,0.0088640004396438599,1,0,1,1
compact,5,70,3,0.040142999999999998,0.0089600002393126488,1,0,1,1
compact,5,70,4,0.042858,0.010719999670982361,2,0,1,1
compact,5,70,5,0.042379,0.011071999557316303,1,0,1,1
compact,5,70,6,0.042465999999999997,0.010912000201642513,2,0,1,1
compact,5,70,7,0.043539000000000001,0.010944000445306301,7,0,1,1
compact,5,80,0,0.037927000000000002,0.0071040000766515732,1,0,1,1
compact,5,80,1,0.038717000000000001,0.0065279998816549778,1,0,1,1
compact,5,80,2,0.041044999999999998,0.008991999551653862,1,0,1,1
compact,5,80,3,0.042573,0.0099520003423094749,1,0,1,1
compact,5,80,4,0.035568000000000002,0.0090880002826452255,2,0,1,1
compact,5,80,5,0.040818,0.0097599998116493225,1,0,1,1
compact,5,80,6,0.040697999999999998,0.0094079999253153801,1,0,1,1
compact,5,80,7,0.040138,0.008320000022649765,1,0,1,1
compact,6,70,0,0.052513999999999998,0.010176000185310841,1,0,1,1
compact,6,70,1,0.042707000000000002,0.0095359999686479568,1,0,1,1
compact,6,70,2,0.040862999999999997,0.0094079999253153801,1,0,1,1
compact,6,70,3,0.040911999999999997,0.010751999914646149,1,0,1,1
compact,6,70,4,0.041259999999999998,0.0098559996113181114,2,0,1,1
compact,6,70,5,0.042928000000000001,0.01065600011497736,1,0,1,1
compact,6,70,6,0.043989,0.011359999887645245,2,0,1,1
compact,6,70,7,0.044179999999999997,0.01104000024497509,7,0,1,1
compact,6,80,0,0.037172999999999998,0.0071680000983178616,1,0,1,1
compact,6,80,1,0.041161000000000003,0.008832000195980072,1,0,1,1
compact,6,80,2,0.040577000000000002,0.0092799998819828033,1,0,1,1
compact,6,80,3,0.039886999999999999,0.0085760001093149185,1,0,1,1
compact,6,80,4,0.040806000000000002,0.009503999724984169,2,0,1,1
compact,6,80,5,0.041237999999999997,0.0097599998116493225,1,0,1,1
compact,6,80,6,0.040253999999999998,0.0089600002393126488,1,0,1,1
compact,6,80,7,0.042762000000000001,0.011615999974310398,1,0,1,1
all_delta,0,70,0,0.057431000000000003,0.011807999573647976,1,0,1,1
all_delta,0,70,1,0.040299000000000001,0.0089279999956488609,1,0,1,1
all_delta,0,70,2,0.041468999999999999,0.0090239997953176498,1,0,1,1
all_delta,0,70,3,0.035712000000000001,0.0088959997519850731,1,0,1,1
all_delta,0,70,4,0.040973000000000002,0.0084800003096461296,2,0,1,1
all_delta,0,70,5,0.042488999999999999,0.011264000087976456,1,0,1,1
all_delta,0,70,6,0.042104000000000003,0.010688000358641148,2,0,1,1
all_delta,0,70,7,0.043334999999999999,0.010463999584317207,7,0,1,1
all_delta,0,80,0,0.041194000000000001,0.0086080003529787064,1,0,1,1
all_delta,0,80,1,0.037877000000000001,0.0068479999899864197,1,0,1,1
all_delta,0,80,2,0.038408999999999999,0.0070719998329877853,1,0,1,1
all_delta,0,80,3,0.040529999999999997,0.0092799998819828033,1,0,1,1
all_delta,0,80,4,0.039882000000000001,0.0085119996219873428,2,0,1,1
all_delta,0,80,5,0.039967999999999997,0.0084800003096461296,1,0,1,1
all_delta,0,80,6,0.040473000000000002,0.008991999551653862,1,0,1,1
all_delta,0,80,7,0.042464000000000002,0.0090560000389814377,1,0,1,1
all_delta,1,70,0,0.038442999999999998,0.0069439997896552086,1,0,1,1
all_delta,1,70,1,0.038928999999999998,0.0078720003366470337,1,0,1,1
all_delta,1,70,2,0.040551999999999998,0.0082559995353221893,1,0,1,1
all_delta,1,70,3,0.039732999999999997,0.0086399996653199196,1,0,1,1
all_delta,1,70,4,0.039982999999999998,0.0085760001093149185,2,0,1,1
all_delta,1,70,5,0.042373000000000001,0.010432000271975994,1,0,1,1
all_delta,1,70,6,0.041744999999999997,0.010688000358641148,2,0,1,1
all_delta,1,70,7,0.042342999999999999,0.010432000271975994,7,0,1,1
all_delta,1,80,0,0.037990999999999997,0.0071680000983178616,1,0,1,1
all_delta,1,80,1,0.037819999999999999,0.0069439997896552086,1,0,1,1
all_delta,1,80,2,0.037933000000000001,0.0072960001416504383,1,0,1,1
all_delta,1,80,3,0.040617,0.0090239997953176498,1,0,1,1
all_delta,1,80,4,0.034374000000000002,0.0080000003799796104,2,0,1,1
all_delta,1,80,5,0.040642999999999999,0.0091840000823140144,1,0,1,1
all_delta,1,80,6,0.042213000000000001,0.01104000024497509,1,0,1,1
all_delta,1,80,7,0.040000000000000001,0.0089600002393126488,1,0,1,1
all_delta,2,70,0,0.038538000000000003,0.0066880001686513424,1,0,1,1
all_delta,2,70,1,0.041341999999999997,0.0085119996219873428,1,0,1,1
all_delta,2,70,2,0.041202000000000003,0.0084800003096461296,1,0,1,1
all_delta,2,70,3,0.039877000000000003,0.0084480000659823418,1,0,1,1
all_delta,2,70,4,0.043593,0.011103999800980091,2,0,1,1
all_delta,2,70,5,0.047780999999999997,0.016224000602960587,1,0,1,1
all_delta,2,70,6,0.044091999999999999,0.010975999757647514,2,0,1,1
all_delta,2,70,7,0.043761000000000001,0.011552000418305397,7,0,1,1
all_delta,2,80,0,0.038156000000000002,0.0074240001849830151,1,0,1,1
all_delta,2,80,1,0.038396,0.0068160002119839191,1,0,1,1
all_delta,2,80,2,0.041021000000000002,0.0088640004396438599,1,0,1,1
all_delta,2,80,3,0.040196000000000003,0.0091199995949864388,1,0,1,1
all_delta,2,80,4,0.034944000000000003,0.0086399996653199196,2,0,1,1
all_delta,2,80,5,0.035533000000000002,0.0096000004559755325,1,0,1,1
all_delta,2,80,6,0.043216999999999998,0.010591999627649784,1,0,1,1
all_delta,2,80,7,0.043952999999999999,0.0087999999523162842,1,0,1,1
all_delta,3,70,0,0.038192999999999998,0.0065919999033212662,1,0,1,1
all_delta,3,70,1,0.039902,0.0084159998223185539,1,0,1,1
all_delta,3,70,2,0.046405000000000002,0.013952000066637993,1,0,1,1
all_delta,3,70,3,0.046857999999999997,0.010304000228643417,1,0,1,1
all_delta,3,70,4,0.046286000000000001,0.010719999670982361,2,0,1,1
all_delta,3,70,5,0.042404999999999998,0.011103999800980091,1,0,1,1
all_delta,3,70,6,0.042192,0.01104000024497509,2,0,1,1
all_delta,3,70,7,0.041998000000000001,0.010335999540984631,7,0,1,1
all_delta,3,80,0,0.036745,0.0069760000333189964,1,0,1,1
all_delta,3,80,1,0.040807999999999997,0.0067199999466538429,1,0,1,1
all_delta,3,80,2,0.040083000000000001,0.0087999999523162842,1,0,1,1
all_delta,3,80,3,0.039757000000000001,0.0085119996219873428,1,0,1,1
all_delta,3,80,4,0.040409,0.0091840000823140144,2,0,1,1
all_delta,3,80,5,0.040029000000000002,0.0089279999956488609,1,0,1,1
all_delta,3,80,6,0.042756000000000002,0.010335999540984631,1,0,1,1
all_delta,3,80,7,0.042633999999999998,0.010239999741315842,1,0,1,1
all_delta,4,70,0,0.038128000000000002,0.0065600001253187656,1,0,1,1
all_delta,4,70,1,0.043652000000000003,0.0088640004396438599,1,0,1,1
all_delta,4,70,2,0.039645,0.0084480000659823418,1,0,1,1
all_delta,4,70,3,0.040023999999999997,0.0088959997519850731,1,0,1,1
all_delta,4,70,4,0.042611000000000003,0.011071999557316303,2,0,1,1
all_delta,4,70,5,0.042186000000000001,0.010912000201642513,1,0,1,1
all_delta,4,70,6,0.042194000000000002,0.010879999957978725,2,0,1,1
all_delta,4,70,7,0.042848999999999998,0.011071999557316303,7,0,1,1
all_delta,4,80,0,0.037678999999999997,0.006624000146985054,1,0,1,1
all_delta,4,80,1,0.037512999999999998,0.0070719998329877853,1,0,1,1
all_delta,4,80,2,0.038524999999999997,0.008832000195980072,1,0,1,1
all_delta,4,80,3,0.039517999999999998,0.0082240002229809761,1,0,1,1
all_delta,4,80,4,0.040517999999999998,0.0090880002826452255,2,0,1,1
all_delta,4,80,5,0.040254999999999999,0.0089279999956488609,1,0,1,1
all_delta,4,80,6,0.041014000000000002,0.010463999584317207,1,0,1,1
all_delta,4,80,7,0.042297000000000001,0.010912000201642513,1,0,1,1
all_delta,5,70,0,0.042431999999999997,0.0089600002393126488,1,0,1,1
all_delta,5,70,1,0.040496999999999998,0.0088640004396438599,1,0,1,1
all_delta,5,70,2,0.039115999999999998,0.0088640004396438599,1,0,1,1
all_delta,5,70,3,0.042271999999999997,0.0099520003423094749,1,0,1,1
all_delta,5,70,4,0.042435,0.011136000044643879,2,0,1,1
all_delta,5,70,5,0.041480999999999997,0.010208000428974628,1,0,1,1
all_delta,5,70,6,0.041737999999999997,0.010591999627649784,2,0,1,1
all_delta,5,70,7,0.050118000000000003,0.011231999844312668,7,0,1,1
all_delta,5,80,0,0.0373,0.0063680000603199005,1,0,1,1
all_delta,5,80,1,0.037560999999999997,0.0065919999033212662,1,0,1,1
all_delta,5,80,2,0.039868000000000001,0.0083520002663135529,1,0,1,1
all_delta,5,80,3,0.039380999999999999,0.0082240002229809761,1,0,1,1
all_delta,5,80,4,0.039833,0.0087360003963112831,2,0,1,1
all_delta,5,80,5,0.040349999999999997,0.008991999551653862,1,0,1,1
all_delta,5,80,6,0.041804000000000001,0.010239999741315842,1,0,1,1
all_delta,5,80,7,0.036233000000000001,0.0088959997519850731,1,0,1,1
all_delta,6,70,0,0.038269999999999998,0.0062719997949898243,1,0,1,1
all_delta,6,70,1,0.040051000000000003,0.0085119996219873428,1,0,1,1
all_delta,6,70,2,0.040343999999999998,0.0086719999089837074,1,0,1,1
all_delta,6,70,3,0.042555999999999997,0.01027199998497963,1,0,1,1
all_delta,6,70,4,0.041968999999999999,0.010560000315308571,2,0,1,1
all_delta,6,70,5,0.042370999999999999,0.010176000185310841,1,0,1,1
all_delta,6,70,6,0.042453999999999999,0.011071999557316303,2,0,1,1
all_delta,6,70,7,0.042169999999999999,0.010495999827980995,7,0,1,1
all_delta,6,80,0,0.037669000000000001,0.0063359998166561127,1,0,1,1
all_delta,6,80,1,0.037779,0.0069760000333189964,1,0,1,1
all_delta,6,80,2,0.039749,0.0085760001093149185,1,0,1,1
all_delta,6,80,3,0.039895,0.0085760001093149185,1,0,1,1
all_delta,6,80,4,0.040339,0.0089600002393126488,2,0,1,1
all_delta,6,80,5,0.039704000000000003,0.0084159998223185539,1,0,1,1
all_delta,6,80,6,0.042143,0.010463999584317207,1,0,1,1
all_delta,6,80,7,0.040405000000000003,0.0091519998386502266,1,0,1,1
size_tiered,0,70,0,0.19307299999999999,0.11612799763679504,1,0,1,2
size_tiered,0,70,1,0.051984000000000002,0.012608000077307224,1,0,1,2
size_tiered,0,70,2,0.045122000000000002,0.01065600011497736,1,0,1,2
size_tiered,0,70,3,0.056512,0.0098240002989768982,1,0,1,2
size_tiered,0,70,4,0.039862000000000002,0.010495999827980995,2,0,1,2
size_tiered,0,70,5,0.046385000000000003,0.012095999903976917,1,0,1,2
size_tiered,0,70,6,0.045661,0.011296000331640244,2,0,1,2
size_tiered,0,70,7,0.047669000000000003,0.012640000320971012,7,0,1,2
size_tiered,0,80,0,0.041390999999999997,0.0091199995949864388,1,0,1,2
size_tiered,0,80,1,0.038338999999999998,0.0071040000766515732,1,0,1,2
size_tiered,0,80,2,0.041189999999999997,0.0089600002393126488,1,0,1,2
size_tiered,0,80,3,0.040578999999999997,0.0094079999253153801,1,0,1,2
size_tiered,0,80,4,0.040386999999999999,0.0091199995949864388,2,0,1,2
size_tiered,0,80,5,0.041968999999999999,0.0093759996816515923,1,0,1,2
size_tiered,0,80,6,0.043493999999999998,0.010975999757647514,1,0,1,2
size_tiered,0,80,7,0.040871999999999999,0.009503999724984169,1,0,1,2
size_tiered,1,70,0,0.041513000000000001,0.0087679997086524963,1,0,1,2
size_tiered,1,70,1,0.044489000000000001,0.010367999784648418,1,0,1,2
size_tiered,1,70,2,0.041984,0.0094400001689791679,1,0,1,2
size_tiered,1,70,3,0.040344999999999999,0.0088640004396438599,1,0,1,2
size_tiered,1,70,4,0.043605999999999999,0.01119999960064888,2,0,1,2
size_tiered,1,70,5,0.043568999999999997,0.011359999887645245,1,0,1,2
size_tiered,1,70,6,0.042154999999999998,0.011103999800980091,2,0,1,2
size_tiered,1,70,7,0.043963000000000002,0.010944000445306301,7,0,1,2
size_tiered,1,80,0,0.041077000000000002,0.0087679997086524963,1,0,1,2
size_tiered,1,80,1,0.038522000000000001,0.0072320001199841499,1,0,1,2
size_tiered,1,80,2,0.041043000000000003,0.0097599998116493225,1,0,1,2
size_tiered,1,80,3,0.041326000000000002,0.0088640004396438599,1,0,1,2
size_tiered,1,80,4,0.040439000000000003,0.0091199995949864388,2,0,1,2
size_tiered,1,80,5,0.041038999999999999,0.0098559996113181114,1,0,1,2
size_tiered,1,80,6,0.035635,0.0095680002123117447,1,0,1,2
size_tiered,1,80,7,0.041529999999999997,0.0084159998223185539,1,0,1,2
size_tiered,2,70,0,0.040382000000000001,0.0075840000063180923,1,0,1,2
size_tiered,2,70,1,0.042167999999999997,0.0092160003259778023,1,0,1,2
size_tiered,2,70,2,0.040433999999999998,0.0091199995949864388,1,0,1,2
size_tiered,2,70,3,0.043986999999999998,0.010847999714314938,1,0,1,2
size_tiered,2,70,4,0.043901999999999997,0.01119999960064888,2,0,1,2
size_tiered,2,70,5,0.04299,0.010528000071644783,1,0,1,2
size_tiered,2,70,6,0.037982000000000002,0.011008000001311302,2,0,1,2
size_tiered,2,70,7,0.044284999999999998,0.01119999960064888,7,0,1,2
size_tiered,2,80,0,0.038530000000000002,0.0070719998329877853,1,0,1,2
size_tiered,2,80,1,0.041423000000000001,0.0084480000659823418,1,0,1,2
size_tiered,2,80,2,0.041907,0.0093759996816515923,1,0,1,2
size_tiered,2,80,3,0.041071999999999997,0.0084800003096461296,1,0,1,2
size_tiered,2,80,4,0.041763000000000002,0.0087360003963112831,2,0,1,2
size_tiered,2,80,5,0.041390999999999997,0.0099520003423094749,1,0,1,2
size_tiered,2,80,6,0.041295999999999999,0.0097599998116493225,1,0,1,2
size_tiered,2,80,7,0.043408000000000002,0.010591999627649784,1,0,1,2
size_tiered,3,70,0,0.041745999999999998,0.007807999849319458,1,0,1,2
size_tiered,3,70,1,0.041987999999999998,0.0094720004126429558,1,0,1,2
size_tiered,3,70,2,0.041001999999999997,0.0095680002123117447,1,0,1,2
size_tiered,3,70,3,0.043326000000000003,0.011136000044643879,1,0,1,2
size_tiered,3,70,4,0.043755000000000002,0.011071999557316303,2,0,1,2
size_tiered,3,70,5,0.043153999999999998,0.011520000174641609,1,0,1,2
size_tiered,3,70,6,0.038204000000000002,0.01158399973064661,2,0,1,2
size_tiered,3,70,7,0.044334999999999999,0.012160000391304493,7,0,1,2
size_tiered,3,80,0,0.038984999999999999,0.0076159997843205929,1,0,1,2
size_tiered,3,80,1,0.040487000000000002,0.0088959997519850731,1,0,1,2
size_tiered,3,80,2,0.042125999999999997,0.0094079999253153801,1,0,1,2
size_tiered,3,80,3,0.042048000000000002,0.0093120001256465912,1,0,1,2
size_tiered,3,80,4,0.035883999999999999,0.0080319996923208237,2,0,1,2
size_tiered,3,80,5,0.047100000000000003,0.011455999687314034,1,0,1,2
size_tiered,3,80,6,0.044301,0.01104000024497509,1,0,1,2
size_tiered,3,80,7,0.043111999999999998,0.01142400037497282,1,0,1,2
size_tiered,4,70,0,0.039057000000000001,0.007007999811321497,1,0,1,2
size_tiered,4,70,1,0.042257999999999997,0.009344000369310379,1,0,1,2
size_tiered,4,70,2,0.043998000000000002,0.01104000024497509,1,0,1,2
size_tiered,4,70,3,0.037659999999999999,0.0087999999523162842,1,0,1,2
size_tiered,4,70,4,0.044160999999999999,0.010560000315308571,2,0,1,2
size_tiered,4,70,5,0.044482000000000001,0.011552000418305397,1,0,1,2
size_tiered,4,70,6,0.043550999999999999,0.011103999800980091,2,0,1,2
size_tiered,4,70,7,0.044406000000000001,0.011071999557316303,7,0,1,2
size_tiered,4,80,0,0.039148000000000002,0.0078720003366470337,1,0,1,2
size_tiered,4,80,1,0.038531999999999997,0.0068160002119839191,1,0,1,2
size_tiered,4,80,2,0.040994999999999997,0.0090560000389814377,1,0,1,2
size_tiered,4,80,3,0.044794,0.0092799998819828033,1,0,1,2
size_tiered,4,80,4,0.041295999999999999,0.0085439998656511307,2,0,1,2
size_tiered,4,80,5,0.041111000000000002,0.0093759996816515923,1,0,1,2
size_tiered,4,80,6,0.043140999999999999,0.011648000217974186,1,0,1,2
size_tiered,4,80,7,0.043984000000000002,0.009503999724984169,1,0,1,2
size_tiered,5,70,0,0.038875,0.0071040000766515732,1,0,1,2
size_tiered,5,70,1,0.041156999999999999,0.0091840000823140144,1,0,1,2
size_tiered,5,70,2,0.041082,0.0094720004126429558,1,0,1,2
size_tiered,5,70,3,0.041299000000000002,0.0096640000119805336,1,0,1,2
size_tiered,5,70,4,0.042881000000000002,0.011168000288307667,2,0,1,2
size_tiered,5,70,5,0.043493999999999998,0.011839999817311764,1,0,1,2
size_tiered,5,70,6,0.043131000000000003,0.011648000217974186,2,0,1,2
size_tiered,5,70,7,0.043709999999999999,0.010751999914646149,7,0,1,2
size_tiered,5,80,0,0.043723999999999999,0.0089279999956488609,1,0,1,2
size_tiered,5,80,1,0.045229999999999999,0.0089600002393126488,1,0,1,2
size_tiered,5,80,2,0.041321999999999998,0.0087679997086524963,1,0,1,2
size_tiered,5,80,3,0.041884999999999999,0.0094079999253153801,1,0,1,2
size_tiered,5,80,4,0.041466000000000003,0.0096000004559755325,2,0,1,2
size_tiered,5,80,5,0.043422000000000002,0.010751999914646149,1,0,1,2
size_tiered,5,80,6,0.043708999999999998,0.011392000131309032,1,0,1,2
size_tiered,5,80,7,0.043756000000000003,0.01104000024497509,1,0,1,2
size_tiered,6,70,0,0.039683000000000003,0.0078400000929832458,1,0,1,2
size_tiered,6,70,1,0.040932000000000003,0.009344000369310379,1,0,1,2
size_tiered,6,70,2,0.048472000000000001,0.0086399996653199196,1,0,1,2
size_tiered,6,70,3,0.043339000000000003,0.011680000461637974,1,0,1,2
size_tiered,6,70,4,0.042394000000000001,0.010751999914646149,2,0,1,2
size_tiered,6,70,5,0.043430000000000003,0.011327999643981457,1,0,1,2
size_tiered,6,70,6,0.040861000000000001,0.011552000418305397,2,0,1,2
size_tiered,6,70,7,0.051698000000000001,0.012640000320971012,7,0,1,2
size_tiered,6,80,0,0.041877999999999999,0.0087360003963112831,1,0,1,2
size_tiered,6,80,1,0.041489999999999999,0.0097920000553131104,1,0,1,2
size_tiered,6,80,2,0.041361000000000002,0.0087679997086524963,1,0,1,2
size_tiered,6,80,3,0.040566999999999999,0.0084480000659823418,1,0,1,2
size_tiered,6,80,4,0.041146000000000002,0.0096000004559755325,2,0,1,2
size_tiered,6,80,5,0.043360000000000003,0.0099839996546506882,1,0,1,2
size_tiered,6,80,6,0.035838000000000002,0.0091199995949864388,1,0,1,2
size_tiered,6,80,7,0.044068999999999997,0.011392000131309032,1,0,1,2
compact,0,70,0,0.059367000000000003,0.014015999622642994,1,0,1,2
compact,0,70,1,0.042333000000000003,0.010304000228643417,1,0,1,2
compact,0,70,2,0.041713,0.0094079999253153801,1,0,1,2
compact,0,70,3,0.040885999999999999,0.0087040001526474953,1,0,1,2
compact,0,70,4,0.040841000000000002,0.008991999551653862,2,0,1,2
compact,0,70,5,0.042729999999999997,0.011615999974310398,1,0,1,2
compact,0,70,6,0.044111999999999998,0.010944000445306301,2,0,1,2
compact,0,70,7,0.043729999999999998,0.010591999627649784,7,0,1,2
compact,0,80,0,0.042226,0.009503999724984169,1,0,1,2
compact,0,80,1,0.042508999999999998,0.0068160002119839191,1,0,1,2
compact,0,80,2,0.040476999999999999,0.0089600002393126488,1,0,1,2
compact,0,80,3,0.040909000000000001,0.0097599998116493225,1,0,1,2
compact,0,80,4,0.038829000000000002,0.0087360003963112831,2,0,1,2
compact,0,80,5,0.041317,0.0086399996653199196,1,0,1,2
compact,0,80,6,0.040576000000000001,0.0091199995949864388,1,0,1,2
compact,0,80,7,0.040488999999999997,0.0084480000659823418,1,0,1,2
compact,1,70,0,0.047697000000000003,0.010111999697983265,1,0,1,2
compact,1,70,1,0.035942000000000002,0.0098240002989768982,1,0,1,2
compact,1,70,2,0.035368999999999998,0.0094079999253153801,1,0,1,2
compact,1,70,3,0.040122999999999999,0.008832000195980072,1,0,1,2
compact,1,70,4,0.040740999999999999,0.0097920000553131104,2,0,1,2
compact,1,70,5,0.043725,0.011520000174641609,1,0,1,2
compact,1,70,6,0.041896999999999997,0.011136000044643879,2,0,1,2
compact,1,70,7,0.043797999999999997,0.011264000087976456,7,0,1,2
compact,1,80,0,0.037850000000000002,0.0072320001199841499,1,0,1,2
compact,1,80,1,0.039789999999999999,0.0089279999956488609,1,0,1,2
compact,1,80,2,0.040280999999999997,0.0093120001256465912,1,0,1,2
compact,1,80,3,0.040904999999999997,0.0088640004396438599,1,0,1,2
compact,1,80,4,0.039972000000000001,0.0087360003963112831,2,0,1,2
compact,1,80,5,0.047220999999999999,0.0090880002826452255,1,0,1,2
compact,1,80,6,0.043658000000000002,0.014816000126302242,1,0,1,2
compact,1,80,7,0.039967999999999997,0.0088959997519850731,1,0,1,2
compact,2,70,0,0.048708000000000001,0.0099520003423094749,1,0,1,2
compact,2,70,1,0.043165000000000002,0.010400000028312206,1,0,1,2
compact,2,70,2,0.041216000000000003,0.0093759996816515923,1,0,1,2
compact,2,70,3,0.041342999999999998,0.0092799998819828033,1,0,1,2
compact,2,70,4,0.045219000000000002,0.012128000147640705,2,0,1,2
compact,2,70,5,0.043667999999999998,0.01158399973064661,1,0,1,2
compact,2,70,6,0.043922000000000003,0.010816000401973724,2,0,1,2
compact,2,70,7,0.053276999999999998,0.012160000391304493,7,0,1,2
compact,2,80,0,0.037469000000000002,0.0071359998546540737,1,0,1,2
compact,2,80,1,0.041834000000000003,0.0086080003529787064,1,0,1,2
compact,2,80,2,0.041214000000000001,0.0096960002556443214,1,0,1,2
compact,2,80,3,0.041528000000000002,0.008991999551653862,1,0,1,2
compact,2,80,4,0.041633000000000003,0.0083839995786547661,2,0,1,2
compact,2,80,5,0.041648999999999999,0.0092479996383190155,1,0,1,2
compact,2,80,6,0.043401000000000002,0.010912000201642513,1,0,1,2
compact,2,80,7,0.042848999999999998,0.011552000418305397,1,0,1,2
compact,3,70,0,0.052816000000000002,0.011839999817311764,1,0,1,2
compact,3,70,1,0.042439999999999999,0.010591999627649784,1,0,1,2
compact,3,70,2,0.041321999999999998,0.0095359999686479568,1,0,1,2
compact,3,70,3,0.043865000000000001,0.011136000044643879,1,0,1,2
compact,3,70,4,0.046495000000000002,0.011615999974310398,2,0,1,2
compact,3,70,5,0.043110999999999997,0.011296000331640244,1,0,1,2
compact,3,70,6,0.043492999999999997,0.011904000304639339,2,0,1,2
compact,3,70,7,0.044505999999999997,0.011807999573647976,7,0,1,2
compact,3,80,0,0.035226,0.0069760000333189964,1,0,1,2
compact,3,80,1,0.040406999999999998,0.0097599998116493225,1,0,1,2
compact,3,80,2,0.039407999999999999,0.0080319996923208237,1,0,1,2
compact,3,80,3,0.045523000000000001,0.0091840000823140144,1,0,1,2
compact,3,80,4,0.043709999999999999,0.0098240002989768982,2,0,1,2
compact,3,80,5,0.041367000000000001,0.0097920000553131104,1,0,1,2
compact,3,80,6,0.041672000000000001,0.0095359999686479568,1,0,1,2
compact,3,80,7,0.042015999999999998,0.0092799998819828033,1,0,1,2
compact,4,70,0,0.050598999999999998,0.011680000461637974,1,0,1,2
compact,4,70,1,0.040257000000000001,0.0096960002556443214,1,0,1,2
compact,4,70,2,0.041411000000000003,0.0096000004559755325,1,0,1,2
compact,4,70,3,0.041294999999999998,0.0097599998116493225,1,0,1,2
compact,4,70,4,0.042167999999999997,0.0090880002826452255,2,0,1,2
compact,4,70,5,0.039329000000000003,0.010879999957978725,1,0,1,2
compact,4,70,6,0.038046999999999997,0.011455999687314034,2,0,1,2
compact,4,70,7,0.052032000000000002,0.012768000364303589,7,0,1,2
compact,4,80,0,0.039643999999999999,0.0072960001416504383,1,0,1,2
compact,4,80,1,0.041244999999999997,0.0097279995679855347,1,0,1,2
compact,4,80,2,0.041332000000000001,0.0092799998819828033,1,0,1,2
compact,4,80,3,0.042719,0.0098879998549818993,1,0,1,2
compact,4,80,4,0.041354000000000002,0.0089279999956488609,2,0,1,2
compact,4,80,5,0.040204999999999998,0.0087360003963112831,1,0,1,2
compact,4,80,6,0.037206999999999997,0.0096000004559755325,1,0,1,2
compact,4,80,7,0.043362999999999999,0.011839999817311764,1,0,1,2
compact,5,70,0,0.054510000000000003,0.011967999860644341,1,0,1,2
compact,5,70,1,0.042159000000000002,0.010176000185310841,1,0,1,2
compact,5,70,2,0.041959000000000003,0.0090239997953176498,1,0,1,2
compact,5,70,3,0.045801000000000001,0.012095999903976917,1,0,1,2
compact,5,70,4,0.041291000000000001,0.009344000369310379,2,0,1,2
compact,5,70,5,0.043366000000000002,0.011872000060975552,1,0,1,2
compact,5,70,6,0.043947,0.011392000131309032,2,0,1,2
compact,5,70,7,0.043534000000000003,0.011264000087976456,7,0,1,2
compact,5,80,0,0.038927999999999997,0.0076799998059868813,1,0,1,2
compact,5,80,1,0.041001999999999997,0.0088959997519850731,1,0,1,2
compact,5,80,2,0.042393,0.010015999898314476,1,0,1,2
compact,5,80,3,0.041586999999999999,0.0092799998819828033,1,0,1,2
compact,5,80,4,0.041248,0.0086080003529787064,2,0,1,2
compact,5,80,5,0.045151999999999998,0.010304000228643417,1,0,1,2
compact,5,80,6,0.043149,0.011520000174641609,1,0,1,2
compact,5,80,7,0.041308999999999998,0.0097279995679855347,1,0,1,2
compact,6,70,0,0.050793999999999999,0.0096960002556443214,1,0,1,2
compact,6,70,1,0.042715000000000003,0.0094400001689791679,1,0,1,2
compact,6,70,2,0.041522000000000003,0.0088959997519850731,1,0,1,2
compact,6,70,3,0.041399999999999999,0.0090880002826452255,1,0,1,2
compact,6,70,4,0.045241000000000003,0.011744000017642975,2,0,1,2
compact,6,70,5,0.043423000000000003,0.011839999817311764,1,0,1,2
compact,6,70,6,0.043777000000000003,0.010879999957978725,2,0,1,2
compact,6,70,7,0.044671000000000002,0.011615999974310398,7,0,1,2
compact,6,80,0,0.042998000000000001,0.0097920000553131104,1,0,1,2
compact,6,80,1,0.041884999999999999,0.0087360003963112831,1,0,1,2
compact,6,80,2,0.042523999999999999,0.010623999871313572,1,0,1,2
compact,6,80,3,0.042450000000000002,0.0096000004559755325,1,0,1,2
compact,6,80,4,0.040946000000000003,0.0096640000119805336,2,0,1,2
compact,6,80,5,0.042043999999999998,0.0094400001689791679,1,0,1,2
compact,6,80,6,0.043707999999999997,0.011359999887645245,1,0,1,2
compact,6,80,7,0.044991000000000003,0.011648000217974186,1,0,1,2
all_delta,0,70,0,0.053691999999999997,0.014720000326633453,1,0,1,2
all_delta,0,70,1,0.038101000000000003,0.0099520003423094749,1,0,1,2
all_delta,0,70,2,0.041045999999999999,0.0087999999523162842,1,0,1,2
all_delta,0,70,3,0.041787999999999999,0.011136000044643879,1,0,1,2
all_delta,0,70,4,0.038731000000000002,0.0096640000119805336,2,0,1,2
all_delta,0,70,5,0.038616999999999999,0.0094400001689791679,1,0,1,2
all_delta,0,70,6,0.042623000000000001,0.011392000131309032,2,0,1,2
all_delta,0,70,7,0.041140999999999997,0.010432000271975994,7,0,1,2
all_delta,0,80,0,0.038261999999999997,0.0071999998763203621,1,0,1,2
all_delta,0,80,1,0.044387000000000003,0.0088959997519850731,1,0,1,2
all_delta,0,80,2,0.040016999999999997,0.0087360003963112831,1,0,1,2
all_delta,0,80,3,0.042106999999999999,0.010176000185310841,1,0,1,2
all_delta,0,80,4,0.041377999999999998,0.010143999941647053,2,0,1,2
all_delta,0,80,5,0.039720999999999999,0.0087360003963112831,1,0,1,2
all_delta,0,80,6,0.041001999999999997,0.0084800003096461296,1,0,1,2
all_delta,0,80,7,0.043743999999999998,0.010688000358641148,1,0,1,2
all_delta,1,70,0,0.039203000000000002,0.0074240001849830151,1,0,1,2
all_delta,1,70,1,0.041516999999999998,0.008832000195980072,1,0,1,2
all_delta,1,70,2,0.044734999999999997,0.0099520003423094749,1,0,1,2
all_delta,1,70,3,0.041203999999999998,0.0097920000553131104,1,0,1,2
all_delta,1,70,4,0.042720000000000001,0.011327999643981457,2,0,1,2
all_delta,1,70,5,0.048776,0.010975999757647514,1,0,1,2
all_delta,1,70,6,0.039766999999999997,0.01142400037497282,2,0,1,2
all_delta,1,70,7,0.043837000000000001,0.011552000418305397,7,0,1,2
all_delta,1,80,0,0.039054999999999999,0.0076159997843205929,1,0,1,2
all_delta,1,80,1,0.041562000000000002,0.0099839996546506882,1,0,1,2
all_delta,1,80,2,0.038315000000000002,0.0071680000983178616,1,0,1,2
all_delta,1,80,3,0.040908,0.0094720004126429558,1,0,1,2
all_delta,1,80,4,0.041300999999999997,0.0089279999956488609,2,0,1,2
all_delta,1,80,5,0.041306000000000002,0.0090239997953176498,1,0,1,2
all_delta,1,80,6,0.040985000000000001,0.0092160003259778023,1,0,1,2
all_delta,1,80,7,0.047102999999999999,0.011455999687314034,1,0,1,2
all_delta,2,70,0,0.039985,0.007807999849319458,1,0,1,2
all_delta,2,70,1,0.041634999999999998,0.0093759996816515923,1,0,1,2
all_delta,2,70,2,0.042474999999999999,0.0096960002556443214,1,0,1,2
all_delta,2,70,3,0.040490999999999999,0.0093759996816515923,1,0,1,2
all_delta,2,70,4,0.042909000000000003,0.01158399973064661,2,0,1,2
all_delta,2,70,5,0.043861999999999998,0.01158399973064661,1,0,1,2
all_delta,2,70,6,0.044018000000000002,0.01119999960064888,2,0,1,2
all_delta,2,70,7,0.052310000000000002,0.012768000364303589,7,0,1,2
all_delta,2,80,0,0.039273000000000002,0.0073600001633167267,1,0,1,2
all_delta,2,80,1,0.039440000000000003,0.0079680001363158226,1,0,1,2
all_delta,2,80,2,0.041206,0.0085119996219873428,1,0,1,2
all_delta,2,80,3,0.041633999999999997,0.0089600002393126488,1,0,1,2
all_delta,2,80,4,0.041682999999999998,0.0098879998549818993,2,0,1,2
all_delta,2,80,5,0.041619999999999997,0.0096319997683167458,1,0,1,2
all_delta,2,80,6,0.041957000000000001,0.0095359999686479568,1,0,1,2
all_delta,2,80,7,0.043271999999999998,0.01158399973064661,1,0,1,2
all_delta,3,70,0,0.040547,0.0080000003799796104,1,0,1,2
all_delta,3,70,1,0.040027,0.0074880002066493034,1,0,1,2
all_delta,3,70,2,0.042946999999999999,0.011392000131309032,1,0,1,2
all_delta,3,70,3,0.043813999999999999,0.01119999960064888,1,0,1,2
all_delta,3,70,4,0.043747000000000001,0.010944000445306301,2,0,1,2
all_delta,3,70,5,0.043136000000000001,0.010912000201642513,1,0,1,2
all_delta,3,70,6,0.044858000000000002,0.011807999573647976,2,0,1,2
all_delta,3,70,7,0.052021999999999999,0.012640000320971012,7,0,1,2
all_delta,3,80,0,0.041764999999999997,0.0087360003963112831,1,0,1,2
all_delta,3,80,1,0.042169999999999999,0.009344000369310379,1,0,1,2
all_delta,3,80,2,0.036145999999999998,0.0090560000389814377,1,0,1,2
all_delta,3,80,3,0.042409000000000002,0.0086080003529787064,1,0,1,2
all_delta,3,80,4,0.046568999999999999,0.0099520003423094749,2,0,1,2
all_delta,3,80,5,0.042673000000000003,0.010560000315308571,1,0,1,2
all_delta,3,80,6,0.043737999999999999,0.010784000158309937,1,0,1,2
all_delta,3,80,7,0.045772,0.012703999876976013,1,0,1,2
all_delta,4,70,0,0.036745,0.0082879997789859772,1,0,1,2
all_delta,4,70,1,0.041239999999999999,0.0091199995949864388,1,0,1,2
all_delta,4,70,2,0.042388000000000002,0.010912000201642513,1,0,1,2
all_delta,4,70,3,0.044913000000000002,0.011744000017642975,1,0,1,2
all_delta,4,70,4,0.043791999999999998,0.011935999616980553,2,0,1,2
all_delta,4,70,5,0.042908000000000002,0.011008000001311302,1,0,1,2
all_delta,4,70,6,0.052367999999999998,0.013439999893307686,2,0,1,2
all_delta,4,70,7,0.052160999999999999,0.01375999953597784,7,0,1,2
all_delta,4,80,0,0.036046000000000002,0.0071040000766515732,1,0,1,2
all_delta,4,80,1,0.041123,0.0094720004126429558,1,0,1,2
all_delta,4,80,2,0.04215,0.010304000228643417,1,0,1,2
all_delta,4,80,3,0.040729000000000001,0.0091199995949864388,1,0,1,2
all_delta,4,80,4,0.041422,0.0087679997086524963,2,0,1,2
all_delta,4,80,5,0.042827999999999998,0.011296000331640244,1,0,1,2
all_delta,4,80,6,0.043832999999999997,0.010944000445306301,1,0,1,2
all_delta,4,80,7,0.043221999999999997,0.011552000418305397,1,0,1,2
all_delta,5,70,0,0.042748000000000001,0.0074559999629855156,1,0,1,2
all_delta,5,70,1,0.043152999999999997,0.0094079999253153801,1,0,1,2
all_delta,5,70,2,0.043644000000000002,0.010784000158309937,1,0,1,2
all_delta,5,70,3,0.043253,0.010623999871313572,1,0,1,2
all_delta,5,70,4,0.044155,0.011231999844312668,2,0,1,2
all_delta,5,70,5,0.041291000000000001,0.012223999947309494,1,0,1,2
all_delta,5,70,6,0.045504000000000003,0.013120000250637531,2,0,1,2
all_delta,5,70,7,0.043687999999999998,0.011520000174641609,7,0,1,2
all_delta,5,80,0,0.038920999999999997,0.0070400000549852848,1,0,1,2
all_delta,5,80,1,0.041404999999999997,0.0087679997086524963,1,0,1,2
all_delta,5,80,2,0.041023999999999998,0.0094720004126429558,1,0,1,2
all_delta,5,80,3,0.041348000000000003,0.0087679997086524963,1,0,1,2
all_delta,5,80,4,0.043212,0.01065600011497736,2,0,1,2
all_delta,5,80,5,0.036449000000000002,0.0097599998116493225,1,0,1,2
all_delta,5,80,6,0.041468999999999999,0.0094720004126429558,1,0,1,2
all_delta,5,80,7,0.043242999999999997,0.011392000131309032,1,0,1,2
all_delta,6,70,0,0.039135999999999997,0.0073919999413192272,1,0,1,2
all_delta,6,70,1,0.041886,0.0094079999253153801,1,0,1,2
all_delta,6,70,2,0.041295999999999999,0.0094720004126429558,1,0,1,2
all_delta,6,70,3,0.043638000000000003,0.01065600011497736,1,0,1,2
all_delta,6,70,4,0.044776000000000003,0.011231999844312668,2,0,1,2
all_delta,6,70,5,0.043971999999999997,0.011008000001311302,1,0,1,2
all_delta,6,70,6,0.051701999999999998,0.01283199992030859,2,0,1,2
all_delta,6,70,7,0.052675,0.013311999849975109,7,0,1,2
all_delta,6,80,0,0.03943,0.0074240001849830151,1,0,1,2
all_delta,6,80,1,0.041071000000000003,0.0092479996383190155,1,0,1,2
all_delta,6,80,2,0.041243000000000002,0.0094079999253153801,1,0,1,2
all_delta,6,80,3,0.040836999999999998,0.0093120001256465912,1,0,1,2
all_delta,6,80,4,0.043610000000000003,0.010751999914646149,2,0,1,2
all_delta,6,80,5,0.043142,0.011359999887645245,1,0,1,2
all_delta,6,80,6,0.043872000000000001,0.011231999844312668,1,0,1,2
all_delta,6,80,7,0.044976000000000002,0.011615999974310398,1,0,1,2
periodic2,0,70,0,0.057591000000000003,0.013632000423967838,1,0,1,2
periodic2,0,70,1,0.042816,0.009503999724984169,1,0,1,2
periodic2,0,70,2,0.040971,0.0094720004126429558,1,0,1,2
periodic2,0,70,3,0.040424000000000002,0.0092160003259778023,1,0,1,2
periodic2,0,70,4,0.040287999999999997,0.0090239997953176498,2,0,1,2
periodic2,0,70,5,0.043036999999999999,0.010591999627649784,1,0,1,2
periodic2,0,70,6,0.043226000000000001,0.010879999957978725,2,0,1,2
periodic2,0,70,7,0.037401999999999998,0.010688000358641148,7,0,1,2
periodic2,0,80,0,0.040784000000000001,0.0085439998656511307,1,0,1,2
periodic2,0,80,1,0.037384000000000001,0.006624000146985054,1,0,1,2
periodic2,0,80,2,0.040354000000000001,0.0091199995949864388,1,0,1,2
periodic2,0,80,3,0.035111000000000003,0.0071359998546540737,1,0,1,2
periodic2,0,80,4,0.034387000000000001,0.0075840000063180923,2,0,1,2
periodic2,0,80,5,0.040357999999999998,0.0092799998819828033,1,0,1,2
periodic2,0,80,6,0.039694,0.008832000195980072,1,0,1,2
periodic2,0,80,7,0.039387999999999999,0.0084800003096461296,1,0,1,2
periodic2,1,70,0,0.043208999999999997,0.0091199995949864388,1,0,1,2
periodic2,1,70,1,0.040411999999999997,0.0072639998979866505,1,0,1,2
periodic2,1,70,2,0.042943000000000002,0.0087999999523162842,1,0,1,2
periodic2,1,70,3,0.040673000000000001,0.009344000369310379,1,0,1,2
periodic2,1,70,4,0.040840000000000001,0.0090239997953176498,2,0,1,2
periodic2,1,70,5,0.043156,0.010719999670982361,1,0,1,2
periodic2,1,70,6,0.043966999999999999,0.012095999903976917,2,0,1,2
periodic2,1,70,7,0.051386000000000001,0.012575999833643436,7,0,1,2
periodic2,1,80,0,0.038317999999999998,0.006624000146985054,1,0,1,2
periodic2,1,80,1,0.033984,0.0071359998546540737,1,0,1,2
periodic2,1,80,2,0.038204000000000002,0.007007999811321497,1,0,1,2
periodic2,1,80,3,0.04215,0.0091199995949864388,1,0,1,2
periodic2,1,80,4,0.044776999999999997,0.0090880002826452255,2,0,1,2
periodic2,1,80,5,0.041910000000000003,0.0089279999956488609,1,0,1,2
periodic2,1,80,6,0.040398999999999997,0.0092160003259778023,1,0,1,2
periodic2,1,80,7,0.046017000000000002,0.010912000201642513,1,0,1,2
periodic2,2,70,0,0.050208000000000003,0.010015999898314476,1,0,1,2
periodic2,2,70,1,0.042470000000000001,0.0094400001689791679,1,0,1,2
periodic2,2,70,2,0.035380000000000002,0.0088640004396438599,1,0,1,2
periodic2,2,70,3,0.049125000000000002,0.013120000250637531,1,0,1,2
periodic2,2,70,4,0.036069999999999998,0.0094079999253153801,2,0,1,2
periodic2,2,70,5,0.040964,0.0096000004559755325,1,0,1,2
periodic2,2,70,6,0.043437999999999997,0.011552000418305397,2,0,1,2
periodic2,2,70,7,0.043400000000000001,0.011520000174641609,7,0,1,2
periodic2,2,80,0,0.039010999999999997,0.0070719998329877853,1,0,1,2
periodic2,2,80,1,0.041489999999999999,0.009344000369310379,1,0,1,2
periodic2,2,80,2,0.039611,0.008832000195980072,1,0,1,2
periodic2,2,80,3,0.042346000000000002,0.0090880002826452255,1,0,1,2
periodic2,2,80,4,0.040707,0.0090239997953176498,2,0,1,2
periodic2,2,80,5,0.041624000000000001,0.0090560000389814377,1,0,1,2
periodic2,2,80,6,0.041301999999999998,0.0087360003963112831,1,0,1,2
periodic2,2,80,7,0.044502,0.01142400037497282,1,0,1,2
periodic2,3,70,0,0.039687,0.0071999998763203621,1,0,1,2
periodic2,3,70,1,0.04233,0.0091840000823140144,1,0,1,2
periodic2,3,70,2,0.041792000000000003,0.0090239997953176498,1,0,1,2
periodic2,3,70,3,0.041295999999999999,0.0094400001689791679,1,0,1,2
periodic2,3,70,4,0.045650000000000003,0.010816000401973724,2,0,1,2
periodic2,3,70,5,0.044034999999999998,0.010944000445306301,1,0,1,2
periodic2,3,70,6,0.043132999999999998,0.011359999887645245,2,0,1,2
periodic2,3,70,7,0.043229999999999998,0.011327999643981457,7,0,1,2
periodic2,3,80,0,0.041444000000000002,0.0085119996219873428,1,0,1,2
periodic2,3,80,1,0.041443000000000001,0.009503999724984169,1,0,1,2
periodic2,3,80,2,0.041496999999999999,0.0086399996653199196,1,0,1,2
periodic2,3,80,3,0.041103000000000001,0.0090560000389814377,1,0,1,2
periodic2,3,80,4,0.045468000000000001,0.0096000004559755325,2,0,1,2
periodic2,3,80,5,0.041957000000000001,0.0092799998819828033,1,0,1,2
periodic2,3,80,6,0.043215000000000003,0.011103999800980091,1,0,1,2
periodic2,3,80,7,0.043515999999999999,0.01142400037497282,1,0,1,2
periodic2,4,70,0,0.048391999999999998,0.010239999741315842,1,0,1,2
periodic2,4,70,1,0.042479000000000003,0.0091519998386502266,1,0,1,2
periodic2,4,70,2,0.041057999999999997,0.0096319997683167458,1,0,1,2
periodic2,4,70,3,0.041461999999999999,0.0096960002556443214,1,0,1,2
periodic2,4,70,4,0.043937999999999998,0.010944000445306301,2,0,1,2
periodic2,4,70,5,0.044040000000000003,0.01104000024497509,1,0,1,2
periodic2,4,70,6,0.043785999999999999,0.010816000401973724,2,0,1,2
periodic2,4,70,7,0.044082000000000003,0.010591999627649784,7,0,1,2
periodic2,4,80,0,0.038247999999999997,0.007519999984651804,1,0,1,2
periodic2,4,80,1,0.039843999999999997,0.0085439998656511307,1,0,1,2
periodic2,4,80,2,0.041280999999999998,0.0087040001526474953,1,0,1,2
periodic2,4,80,3,0.040767999999999999,0.0091840000823140144,1,0,1,2
periodic2,4,80,4,0.041293999999999997,0.009503999724984169,2,0,1,2
periodic2,4,80,5,0.040446999999999997,0.0091199995949864388,1,0,1,2
periodic2,4,80,6,0.041488999999999998,0.0087679997086524963,1,0,1,2
periodic2,4,80,7,0.043298999999999997,0.010528000071644783,1,0,1,2
periodic2,5,70,0,0.041682999999999998,0.0086399996653199196,1,0,1,2
periodic2,5,70,1,0.041804000000000001,0.0086719999089837074,1,0,1,2
periodic2,5,70,2,0.041216000000000003,0.0087040001526474953,1,0,1,2
periodic2,5,70,3,0.041300000000000003,0.0095680002123117447,1,0,1,2
periodic2,5,70,4,0.043195999999999998,0.010495999827980995,2,0,1,2
periodic2,5,70,5,0.042945999999999998,0.01142400037497282,1,0,1,2
periodic2,5,70,6,0.046545000000000003,0.010816000401973724,2,0,1,2
periodic2,5,70,7,0.038485999999999999,0.01142400037497282,7,0,1,2
periodic2,5,80,0,0.039791,0.0073279999196529388,1,0,1,2
periodic2,5,80,1,0.041841999999999997,0.0090880002826452255,1,0,1,2
periodic2,5,80,2,0.041748,0.0091199995949864388,1,0,1,2
periodic2,5,80,3,0.040926999999999998,0.0091199995949864388,1,0,1,2
periodic2,5,80,4,0.041059999999999999,0.0094079999253153801,2,0,1,2
periodic2,5,80,5,0.041307000000000003,0.0088959997519850731,1,0,1,2
periodic2,5,80,6,0.037316000000000002,0.0097279995679855347,1,0,1,2
periodic2,5,80,7,0.035373000000000002,0.0090560000389814377,1,0,1,2
periodic2,6,70,0,0.049151,0.010239999741315842,1,0,1,2
periodic2,6,70,1,0.042365,0.0091840000823140144,1,0,1,2
periodic2,6,70,2,0.041183999999999998,0.0096960002556443214,1,0,1,2
periodic2,6,70,3,0.043885,0.010912000201642513,1,0,1,2
periodic2,6,70,4,0.044422999999999997,0.011455999687314034,2,0,1,2
periodic2,6,70,5,0.043452999999999999,0.01065600011497736,1,0,1,2
periodic2,6,70,6,0.043311000000000002,0.010560000315308571,2,0,1,2
periodic2,6,70,7,0.049706,0.011455999687314034,7,0,1,2
periodic2,6,80,0,0.038627000000000002,0.0067520001903176308,1,0,1,2
periodic2,6,80,1,0.038621999999999997,0.0073279999196529388,1,0,1,2
periodic2,6,80,2,0.041569000000000002,0.0087999999523162842,1,0,1,2
periodic2,6,80,3,0.040516000000000003,0.008991999551653862,1,0,1,2
periodic2,6,80,4,0.040691999999999999,0.0091519998386502266,2,0,1,2
periodic2,6,80,5,0.041627999999999998,0.0089279999956488609,1,0,1,2
periodic2,6,80,6,0.041463,0.0088959997519850731,1,0,1,2
periodic2,6,80,7,0.043483000000000001,0.010816000401973724,1,0,1,2
compact,0,70,0,0.19287099999999999,0.11683200299739838,1,0,1,3
compact,0,70,1,0.049493000000000002,0.010912000201642513,1,0,1,3
compact,0,70,2,0.040613000000000003,0.010080000385642052,1,0,1,3
compact,0,70,3,0.040738999999999997,0.010784000158309937,1,0,1,3
compact,0,70,4,0.042987999999999998,0.011231999844312668,2,0,1,3
compact,0,70,5,0.043699000000000002,0.01142400037497282,1,0,1,3
compact,0,70,6,0.036380999999999997,0.0094400001689791679,2,0,1,3
compact,0,70,7,0.052880999999999997,0.011615999974310398,7,0,1,3
compact,0,80,0,0.034113999999999998,0.0070719998329877853,1,0,1,3
compact,0,80,1,0.037156000000000002,0.0066880001686513424,1,0,1,3
compact,0,80,2,0.040715000000000001,0.0090239997953176498,1,0,1,3
compact,0,80,3,0.040216000000000002,0.0095680002123117447,1,0,1,3
compact,0,80,4,0.038926000000000002,0.0089600002393126488,2,0,1,3
compact,0,80,5,0.040071000000000002,0.0091840000823140144,1,0,1,3
compact,0,80,6,0.043491000000000002,0.0098240002989768982,1,0,1,3
compact,0,80,7,0.041308999999999998,0.0091199995949864388,1,0,1,3
compact,1,70,0,0.046195,0.0098879998549818993,1,0,1,3
compact,1,70,1,0.039845999999999999,0.0099839996546506882,1,0,1,3
compact,1,70,2,0.040307999999999997,0.0094079999253153801,1,0,1,3
compact,1,70,3,0.04052,0.0093120001256465912,1,0,1,3
compact,1,70,4,0.044672000000000003,0.011615999974310398,2,0,1,3
compact,1,70,5,0.041925999999999998,0.011136000044643879,1,0,1,3
compact,1,70,6,0.042513000000000002,0.011327999643981457,2,0,1,3
compact,1,70,7,0.044111999999999998,0.011520000174641609,7,0,1,3
compact,1,80,0,0.039611,0.0087999999523162842,1,0,1,3
compact,1,80,1,0.040147000000000002,0.0087679997086524963,1,0,1,3
compact,1,80,2,0.033971000000000001,0.007807999849319458,1,0,1,3
compact,1,80,3,0.040476999999999999,0.0084800003096461296,1,0,1,3
compact,1,80,4,0.041634999999999998,0.0084800003096461296,2,0,1,3
compact,1,80,5,0.039710000000000002,0.0097920000553131104,1,0,1,3
compact,1,80,6,0.039501000000000001,0.0088959997519850731,1,0,1,3
compact,1,80,7,0.040957,0.0090880002826452255,1,0,1,3
compact,2,70,0,0.055397000000000002,0.011231999844312668,1,0,1,3
compact,2,70,1,0.043409999999999997,0.010879999957978725,1,0,1,3
compact,2,70,2,0.040258000000000002,0.0095680002123117447,1,0,1,3
compact,2,70,3,0.040354000000000001,0.0097599998116493225,1,0,1,3
compact,2,70,4,0.042063999999999997,0.010432000271975994,2,0,1,3
compact,2,70,5,0.039316999999999998,0.010719999670982361,1,0,1,3
compact,2,70,6,0.042860000000000002,0.011711999773979187,2,0,1,3
compact,2,70,7,0.043858000000000001,0.011807999573647976,7,0,1,3
compact,2,80,0,0.038084,0.0069120000116527081,1,0,1,3
compact,2,80,1,0.039843999999999997,0.0099520003423094749,1,0,1,3
compact,2,80,2,0.043833999999999998,0.0093120001256465912,1,0,1,3
compact,2,80,3,0.041029999999999997,0.0087040001526474953,1,0,1,3
compact,2,80,4,0.036812999999999999,0.0094079999253153801,2,0,1,3
compact,2,80,5,0.040644,0.009344000369310379,1,0,1,3
compact,2,80,6,0.042351,0.011136000044643879,1,0,1,3
compact,2,80,7,0.043874999999999997,0.011839999817311764,1,0,1,3
compact,3,70,0,0.052116000000000003,0.010688000358641148,1,0,1,3
compact,3,70,1,0.039482000000000003,0.0094720004126429558,1,0,1,3
compact,3,70,2,0.041356999999999998,0.0094400001689791679,1,0,1,3
compact,3,70,3,0.043595000000000002,0.011296000331640244,1,0,1,3
compact,3,70,4,0.042797000000000002,0.011231999844312668,2,0,1,3
compact,3,70,5,0.047032999999999998,0.010879999957978725,1,0,1,3
compact,3,70,6,0.043486999999999998,0.012415999546647072,2,0,1,3
compact,3,70,7,0.043865000000000001,0.01104000024497509,7,0,1,3
compact,3,80,0,0.037642000000000002,0.0068479999899864197,1,0,1,3
compact,3,80,1,0.038386999999999998,0.0081280004233121872,1,0,1,3
compact,3,80,2,0.041155999999999998,0.0088640004396438599,1,0,1,3
compact,3,80,3,0.041541000000000002,0.0087360003963112831,1,0,1,3
compact,3,80,4,0.040416000000000001,0.0098879998549818993,2,0,1,3
compact,3,80,5,0.045477999999999998,0.0090560000389814377,1,0,1,3
compact,3,80,6,0.044677000000000001,0.011872000060975552,1,0,1,3
compact,3,80,7,0.043986999999999998,0.011520000174641609,1,0,1,3
compact,4,70,0,0.049732999999999999,0.01283199992030859,1,0,1,3
compact,4,70,1,0.040690999999999998,0.0097920000553131104,1,0,1,3
compact,4,70,2,0.040977,0.0091519998386502266,1,0,1,3
compact,4,70,3,0.167161,0.032992001622915268,1,0,1,3
compact,4,70,4,0.043618999999999998,0.01119999960064888,2,0,1,3
compact,4,70,5,0.04258,0.011296000331640244,1,0,1,3
compact,4,70,6,0.043978999999999997,0.011136000044643879,2,0,1,3
compact,4,70,7,0.045695,0.011136000044643879,7,0,1,3
compact,4,80,0,0.041563000000000003,0.0083520002663135529,1,0,1,3
compact,4,80,1,0.041149999999999999,0.0090880002826452255,1,0,1,3
compact,4,80,2,0.040004999999999999,0.008991999551653862,1,0,1,3
compact,4,80,3,0.065033999999999995,0.0096000004559755325,1,0,1,3
compact,4,80,4,0.040043000000000002,0.0091840000823140144,2,0,1,3
compact,4,80,5,0.039190999999999997,0.0090560000389814377,1,0,1,3
compact,4,80,6,0.042932999999999999,0.011967999860644341,1,0,1,3
compact,4,80,7,0.039439000000000002,0.008832000195980072,1,0,1,3
compact,5,70,0,0.052255000000000003,0.010560000315308571,1,0,1,3
compact,5,70,1,0.041773999999999999,0.0097279995679855347,1,0,1,3
compact,5,70,2,0.041529000000000003,0.010335999540984631,1,0,1,3
compact,5,70,3,0.040467999999999997,0.0094079999253153801,1,0,1,3
compact,5,70,4,0.042611000000000003,0.010912000201642513,2,0,1,3
compact,5,70,5,0.042443000000000002,0.01119999960064888,1,0,1,3
compact,5,70,6,0.044073000000000001,0.01104000024497509,2,0,1,3
compact,5,70,7,0.043584999999999999,0.010784000158309937,7,0,1,3
compact,5,80,0,0.037795000000000002,0.0076480000279843807,1,0,1,3
compact,5,80,1,0.034627999999999999,0.0071040000766515732,1,0,1,3
compact,5,80,2,0.040062,0.0091840000823140144,1,0,1,3
compact,5,80,3,0.039663999999999998,0.010048000141978264,1,0,1,3
compact,5,80,4,0.040075,0.0087999999523162842,2,0,1,3
compact,5,80,5,0.040721,0.0098879998549818993,1,0,1,3
compact,5,80,6,0.039971,0.010015999898314476,1,0,1,3
compact,5,80,7,0.039291,0.0092799998819828033,1,0,1,3
compact,6,70,0,0.058824000000000001,0.010463999584317207,1,0,1,3
compact,6,70,1,0.041472000000000002,0.010143999941647053,1,0,1,3
compact,6,70,2,0.041091999999999997,0.010111999697983265,1,0,1,3
compact,6,70,3,0.039359999999999999,0.0094400001689791679,1,0,1,3
compact,6,70,4,0.042772999999999999,0.011711999773979187,2,0,1,3
compact,6,70,5,0.041647999999999998,0.011487999930977821,1,0,1,3
compact,6,70,6,0.041523999999999998,0.010719999670982361,2,0,1,3
compact,6,70,7,0.049006000000000001,0.011839999817311764,7,0,1,3
compact,6,80,0,0.037023,0.0069120000116527081,1,0,1,3
compact,6,80,1,0.041156999999999999,0.0087040001526474953,1,0,1,3
compact,6,80,2,0.034669999999999999,0.0075520002283155918,1,0,1,3
compact,6,80,3,0.039775999999999999,0.0087999999523162842,1,0,1,3
compact,6,80,4,0.040267999999999998,0.0094400001689791679,2,0,1,3
compact,6,80,5,0.040771000000000002,0.0096319997683167458,1,0,1,3
compact,6,80,6,0.042236000000000003,0.011008000001311302,1,0,1,3
compact,6,80,7,0.042634999999999999,0.010879999957978725,1,0,1,3
all_delta,0,70,0,0.060726000000000002,0.015263999812304974,1,0,1,3
all_delta,0,70,1,0.038914999999999998,0.0094720004126429558,1,0,1,3
all_delta,0,70,2,0.038372000000000003,0.0082240002229809761,1,0,1,3
all_delta,0,70,3,0.039752999999999997,0.010463999584317207,1,0,1,3
all_delta,0,70,4,0.037400000000000003,0.0089600002393126488,2,0,1,3
all_delta,0,70,5,0.039724000000000002,0.0098559996113181114,1,0,1,3
all_delta,0,70,6,0.040875000000000002,0.010495999827980995,2,0,1,3
all_delta,0,70,7,0.039652,0.0099520003423094749,7,0,1,3
all_delta,0,80,0,0.034777000000000002,0.0062719997949898243,1,0,1,3
all_delta,0,80,1,0.037548999999999999,0.0092160003259778023,1,0,1,3
all_delta,0,80,2,0.036582999999999997,0.0082559995353221893,1,0,1,3
all_delta,0,80,3,0.037421000000000003,0.0092160003259778023,1,0,1,3
all_delta,0,80,4,0.038207999999999999,0.0090880002826452255,2,0,1,3
all_delta,0,80,5,0.034169999999999999,0.0089600002393126488,1,0,1,3
all_delta,0,80,6,0.039300000000000002,0.010784000158309937,1,0,1,3
all_delta,0,80,7,0.039155000000000002,0.011008000001311302,1,0,1,3
all_delta,1,70,0,0.035099999999999999,0.0075840000063180923,1,0,1,3
all_delta,1,70,1,0.037114000000000001,0.0081599997356534004,1,0,1,3
all_delta,1,70,2,0.036995,0.0086080003529787064,1,0,1,3
all_delta,1,70,3,0.041410000000000002,0.0092799998819828033,1,0,1,3
all_delta,1,70,4,0.037071,0.0087360003963112831,2,0,1,3
all_delta,1,70,5,0.0395,0.011231999844312668,1,0,1,3
all_delta,1,70,6,0.047822000000000003,0.012319999746978283,2,0,1,3
all_delta,1,70,7,0.039953000000000002,0.010463999584317207,7,0,1,3
all_delta,1,80,0,0.039898999999999997,0.0084480000659823418,1,0,1,3
all_delta,1,80,1,0.036783000000000003,0.0080960001796483994,1,0,1,3
all_delta,1,80,2,0.036503000000000001,0.0080960001796483994,1,0,1,3
all_delta,1,80,3,0.036131000000000003,0.008991999551653862,1,0,1,3
all_delta,1,80,4,0.036499999999999998,0.0087040001526474953,2,0,1,3
all_delta,1,80,5,0.037274000000000002,0.0079039996489882469,1,0,1,3
all_delta,1,80,6,0.038009000000000001,0.010432000271975994,1,0,1,3
all_delta,1,80,7,0.037824999999999998,0.0092160003259778023,1,0,1,3
all_delta,2,70,0,0.036323000000000001,0.0071040000766515732,1,0,1,3
all_delta,2,70,1,0.037843000000000002,0.0082879997789859772,1,0,1,3
all_delta,2,70,2,0.040247999999999999,0.010528000071644783,1,0,1,3
all_delta,2,70,3,0.037337000000000002,0.0087040001526474953,1,0,1,3
all_delta,2,70,4,0.033979000000000002,0.0084480000659823418,2,0,1,3
all_delta,2,70,5,0.038857999999999997,0.011231999844312668,1,0,1,3
all_delta,2,70,6,0.040214,0.010623999871313572,2,0,1,3
all_delta,2,70,7,0.040412999999999998,0.011103999800980091,7,0,1,3
all_delta,2,80,0,0.037329000000000001,0.0086719999089837074,1,0,1,3
all_delta,2,80,1,0.037268999999999997,0.0083839995786547661,1,0,1,3
all_delta,2,80,2,0.037666999999999999,0.0085119996219873428,1,0,1,3
all_delta,2,80,3,0.037028999999999999,0.0088640004396438599,1,0,1,3
all_delta,2,80,4,0.037838999999999998,0.0091519998386502266,2,0,1,3
all_delta,2,80,5,0.037413000000000002,0.0088959997519850731,1,0,1,3
all_delta,2,80,6,0.040014000000000001,0.011359999887645245,1,0,1,3
all_delta,2,80,7,0.040384000000000003,0.010591999627649784,1,0,1,3
all_delta,3,70,0,0.036584999999999999,0.0071040000766515732,1,0,1,3
all_delta,3,70,1,0.037848,0.0087360003963112831,1,0,1,3
all_delta,3,70,2,0.037697000000000001,0.0091199995949864388,1,0,1,3
all_delta,3,70,3,0.037531000000000002,0.0087040001526474953,1,0,1,3
all_delta,3,70,4,0.038753000000000003,0.010015999898314476,2,0,1,3
all_delta,3,70,5,0.039726999999999998,0.01104000024497509,1,0,1,3
all_delta,3,70,6,0.039715,0.011168000288307667,2,0,1,3
all_delta,3,70,7,0.039768999999999999,0.010719999670982361,7,0,1,3
all_delta,3,80,0,0.037386000000000003,0.0085760001093149185,1,0,1,3
all_delta,3,80,1,0.037992999999999999,0.0081919999793171883,1,0,1,3
all_delta,3,80,2,0.032834000000000002,0.008320000022649765,1,0,1,3
all_delta,3,80,3,0.033467999999999998,0.0088959997519850731,1,0,1,3
all_delta,3,80,4,0.039045999999999997,0.010495999827980995,2,0,1,3
all_delta,3,80,5,0.038606000000000001,0.010143999941647053,1,0,1,3
all_delta,3,80,6,0.039673,0.010495999827980995,1,0,1,3
all_delta,3,80,7,0.039498999999999999,0.010879999957978725,1,0,1,3
all_delta,4,70,0,0.035373000000000002,0.0070400000549852848,1,0,1,3
all_delta,4,70,1,0.037072000000000001,0.0080000003799796104,1,0,1,3
all_delta,4,70,2,0.037434000000000002,0.0081919999793171883,1,0,1,3
all_delta,4,70,3,0.039135000000000003,0.010591999627649784,1,0,1,3
all_delta,4,70,4,0.038969999999999998,0.010111999697983265,2,0,1,3
all_delta,4,70,5,0.038717000000000001,0.010560000315308571,1,0,1,3
all_delta,4,70,6,0.048426999999999998,0.01244799979031086,2,0,1,3
all_delta,4,70,7,0.039867,0.010623999871313572,7,0,1,3
all_delta,4,80,0,0.034946999999999999,0.0059520001523196697,1,0,1,3
all_delta,4,80,1,0.037490000000000002,0.0082240002229809761,1,0,1,3
all_delta,4,80,2,0.038254000000000003,0.0097920000553131104,1,0,1,3
all_delta,4,80,3,0.036995,0.0079359998926520348,1,0,1,3
all_delta,4,80,4,0.039177999999999998,0.0092479996383190155,2,0,1,3
all_delta,4,80,5,0.040296999999999999,0.010400000028312206,1,0,1,3
all_delta,4,80,6,0.037359999999999997,0.0087999999523162842,1,0,1,3
all_delta,4,80,7,0.039661000000000002,0.011071999557316303,1,0,1,3
all_delta,5,70,0,0.036111999999999998,0.0072639998979866505,1,0,1,3
all_delta,5,70,1,0.038593000000000002,0.0093759996816515923,1,0,1,3
all_delta,5,70,2,0.041100999999999999,0.010463999584317207,1,0,1,3
all_delta,5,70,3,0.040260999999999998,0.011168000288307667,1,0,1,3
all_delta,5,70,4,0.040384000000000003,0.010623999871313572,2,0,1,3
all_delta,5,70,5,0.040646000000000002,0.010463999584317207,1,0,1,3
all_delta,5,70,6,0.039879999999999999,0.011008000001311302,2,0,1,3
all_delta,5,70,7,0.040296999999999999,0.011392000131309032,7,0,1,3
all_delta,5,80,0,0.035983000000000001,0.0066880001686513424,1,0,1,3
all_delta,5,80,1,0.038164999999999998,0.0093759996816515923,1,0,1,3
all_delta,5,80,2,0.038220999999999998,0.0094079999253153801,1,0,1,3
all_delta,5,80,3,0.038016000000000001,0.0092160003259778023,1,0,1,3
all_delta,5,80,4,0.038251,0.0089600002393126488,2,0,1,3
all_delta,5,80,5,0.036942999999999997,0.010432000271975994,1,0,1,3
all_delta,5,80,6,0.037402999999999999,0.008832000195980072,1,0,1,3
all_delta,5,80,7,0.040202000000000002,0.010080000385642052,1,0,1,3
all_delta,6,70,0,0.037666999999999999,0.0073600001633167267,1,0,1,3
all_delta,6,70,1,0.036698000000000001,0.0094079999253153801,1,0,1,3
all_delta,6,70,2,0.036769000000000003,0.0084480000659823418,1,0,1,3
all_delta,6,70,3,0.039516999999999997,0.010944000445306301,1,0,1,3
all_delta,6,70,4,0.035660999999999998,0.011008000001311302,2,0,1,3
all_delta,6,70,5,0.038405000000000002,0.010719999670982361,1,0,1,3
all_delta,6,70,6,0.03993,0.010816000401973724,2,0,1,3
all_delta,6,70,7,0.048694000000000001,0.012543999589979649,7,0,1,3
all_delta,6,80,0,0.034785000000000003,0.0064639998599886894,1,0,1,3
all_delta,6,80,1,0.037651999999999998,0.0090560000389814377,1,0,1,3
all_delta,6,80,2,0.042007000000000003,0.013183999806642532,1,0,1,3
all_delta,6,80,3,0.041294999999999998,0.0087999999523162842,1,0,1,3
all_delta,6,80,4,0.037740999999999997,0.0088640004396438599,2,0,1,3
all_delta,6,80,5,0.038771,0.010944000445306301,1,0,1,3
all_delta,6,80,6,0.039004999999999998,0.010335999540984631,1,0,1,3
all_delta,6,80,7,0.040132000000000001,0.01119999960064888,1,0,1,3
periodic2,0,70,0,0.054643999999999998,0.013376000337302685,1,0,1,3
periodic2,0,70,1,0.038781000000000003,0.0092160003259778023,1,0,1,3
periodic2,0,70,2,0.038439000000000001,0.0088640004396438599,1,0,1,3
periodic2,0,70,3,0.037386000000000003,0.0088959997519850731,1,0,1,3
periodic2,0,70,4,0.040658,0.01027199998497963,2,0,1,3
periodic2,0,70,5,0.039810999999999999,0.010560000315308571,1,0,1,3
periodic2,0,70,6,0.037969999999999997,0.01027199998497963,2,0,1,3
periodic2,0,70,7,0.039245000000000002,0.010335999540984631,7,0,1,3
periodic2,0,80,0,0.035027000000000003,0.0067839999683201313,1,0,1,3
periodic2,0,80,1,0.034549000000000003,0.006399999838322401,1,0,1,3
periodic2,0,80,2,0.035626999999999999,0.0081280004233121872,1,0,1,3
periodic2,0,80,3,0.03354,0.0073600001633167267,1,0,1,3
periodic2,0,80,4,0.037012999999999997,0.0077760000713169575,2,0,1,3
periodic2,0,80,5,0.037468000000000001,0.0087679997086524963,1,0,1,3
periodic2,0,80,6,0.038219000000000003,0.010688000358641148,1,0,1,3
periodic2,0,80,7,0.038589999999999999,0.010143999941647053,1,0,1,3
periodic2,1,70,0,0.038894999999999999,0.0084800003096461296,1,0,1,3
periodic2,1,70,1,0.037983000000000003,0.0086080003529787064,1,0,1,3
periodic2,1,70,2,0.035845000000000002,0.0089600002393126488,1,0,1,3
periodic2,1,70,3,0.036401000000000003,0.0087999999523162842,1,0,1,3
periodic2,1,70,4,0.037439,0.0087679997086524963,2,0,1,3
periodic2,1,70,5,0.039911000000000002,0.01065600011497736,1,0,1,3
periodic2,1,70,6,0.038711000000000002,0.010688000358641148,2,0,1,3
periodic2,1,70,7,0.039726999999999998,0.010528000071644783,7,0,1,3
periodic2,1,80,0,0.037766000000000001,0.008320000022649765,1,0,1,3
periodic2,1,80,1,0.037483000000000002,0.0080639999359846115,1,0,1,3
periodic2,1,80,2,0.037344000000000002,0.008832000195980072,1,0,1,3
periodic2,1,80,3,0.037046000000000003,0.0085439998656511307,1,0,1,3
periodic2,1,80,4,0.036872000000000002,0.0081919999793171883,2,0,1,3
periodic2,1,80,5,0.037321,0.0084480000659823418,1,0,1,3
periodic2,1,80,6,0.037526999999999998,0.0091519998386502266,1,0,1,3
periodic2,1,80,7,0.035660999999999998,0.0086719999089837074,1,0,1,3
periodic2,2,70,0,0.041083000000000001,0.010143999941647053,1,0,1,3
periodic2,2,70,1,0.038473,0.0097279995679855347,1,0,1,3
periodic2,2,70,2,0.037501,0.0081919999793171883,1,0,1,3
periodic2,2,70,3,0.041527000000000001,0.0089279999956488609,1,0,1,3
periodic2,2,70,4,0.040821000000000003,0.010816000401973724,2,0,1,3
periodic2,2,70,5,0.039711999999999997,0.010719999670982361,1,0,1,3
periodic2,2,70,6,0.040794999999999998,0.010335999540984631,2,0,1,3
periodic2,2,70,7,0.039912999999999997,0.010944000445306301,7,0,1,3
periodic2,2,80,0,0.034603000000000002,0.0063680000603199005,1,0,1,3
periodic2,2,80,1,0.035057999999999999,0.0066880001686513424,1,0,1,3
periodic2,2,80,2,0.036498000000000003,0.0085119996219873428,1,0,1,3
periodic2,2,80,3,0.037329000000000001,0.0087040001526474953,1,0,1,3
periodic2,2,80,4,0.033626000000000003,0.0083520002663135529,2,0,1,3
periodic2,2,80,5,0.039148000000000002,0.01065600011497736,1,0,1,3
periodic2,2,80,6,0.036775000000000002,0.0081280004233121872,1,0,1,3
periodic2,2,80,7,0.040163999999999998,0.0098240002989768982,1,0,1,3
periodic2,3,70,0,0.031870999999999997,0.006624000146985054,1,0,1,3
periodic2,3,70,1,0.037504999999999997,0.0087360003963112831,1,0,1,3
periodic2,3,70,2,0.036618999999999999,0.0081280004233121872,1,0,1,3
periodic2,3,70,3,0.037066000000000002,0.0080960001796483994,1,0,1,3
periodic2,3,70,4,0.039981000000000003,0.010432000271975994,2,0,1,3
periodic2,3,70,5,0.039435999999999999,0.010944000445306301,1,0,1,3
periodic2,3,70,6,0.040122999999999999,0.0099520003423094749,2,0,1,3
periodic2,3,70,7,0.048741,0.012640000320971012,7,0,1,3
periodic2,3,80,0,0.034937999999999997,0.0064320000819861889,1,0,1,3
periodic2,3,80,1,0.037456000000000003,0.0090239997953176498,1,0,1,3
periodic2,3,80,2,0.037672999999999998,0.0090880002826452255,1,0,1,3
periodic2,3,80,3,0.037117999999999998,0.0084800003096461296,1,0,1,3
periodic2,3,80,4,0.037713999999999998,0.009344000369310379,2,0,1,3
periodic2,3,80,5,0.040647999999999997,0.010816000401973724,1,0,1,3
periodic2,3,80,6,0.036692000000000002,0.0083839995786547661,1,0,1,3
periodic2,3,80,7,0.035064999999999999,0.008991999551653862,1,0,1,3
periodic2,4,70,0,0.044061999999999997,0.009503999724984169,1,0,1,3
periodic2,4,70,1,0.032920999999999999,0.0074559999629855156,1,0,1,3
periodic2,4,70,2,0.036671000000000002,0.0087679997086524963,1,0,1,3
periodic2,4,70,3,0.040354000000000001,0.010751999914646149,1,0,1,3
periodic2,4,70,4,0.037442999999999997,0.0089279999956488609,2,0,1,3
periodic2,4,70,5,0.039890000000000002,0.010111999697983265,1,0,1,3
periodic2,4,70,6,0.039718000000000003,0.011296000331640244,2,0,1,3
periodic2,4,70,7,0.039678999999999999,0.010912000201642513,7,0,1,3
periodic2,4,80,0,0.037152999999999999,0.0079680001363158226,1,0,1,3
periodic2,4,80,1,0.036889999999999999,0.0084480000659823418,1,0,1,3
periodic2,4,80,2,0.036725000000000001,0.0080319996923208237,1,0,1,3
periodic2,4,80,3,0.033552999999999999,0.0079039996489882469,1,0,1,3
periodic2,4,80,4,0.038245000000000001,0.0091199995949864388,2,0,1,3
periodic2,4,80,5,0.036939,0.0086080003529787064,1,0,1,3
periodic2,4,80,6,0.038476000000000003,0.010335999540984631,1,0,1,3
periodic2,4,80,7,0.036144000000000003,0.0086399996653199196,1,0,1,3
periodic2,5,70,0,0.035462,0.0066559999249875546,1,0,1,3
periodic2,5,70,1,0.037513999999999999,0.0084159998223185539,1,0,1,3
periodic2,5,70,2,0.037455000000000002,0.0089600002393126488,1,0,1,3
periodic2,5,70,3,0.036983000000000002,0.0086719999089837074,1,0,1,3
periodic2,5,70,4,0.039718999999999997,0.010432000271975994,2,0,1,3
periodic2,5,70,5,0.039941999999999998,0.010304000228643417,1,0,1,3
periodic2,5,70,6,0.039733999999999998,0.010143999941647053,2,0,1,3
periodic2,5,70,7,0.039452000000000001,0.010623999871313572,7,0,1,3
periodic2,5,80,0,0.036191000000000001,0.0071359998546540737,1,0,1,3
periodic2,5,80,1,0.036832999999999998,0.0084800003096461296,1,0,1,3
periodic2,5,80,2,0.037242999999999998,0.0087999999523162842,1,0,1,3
periodic2,5,80,3,0.036582000000000003,0.008991999551653862,1,0,1,3
periodic2,5,80,4,0.036932,0.0085439998656511307,2,0,1,3
periodic2,5,80,5,0.036893000000000002,0.0091519998386502266,1,0,1,3
periodic2,5,80,6,0.038394999999999999,0.0091840000823140144,1,0,1,3
periodic2,5,80,7,0.037012999999999997,0.0086399996653199196,1,0,1,3
periodic2,6,70,0,0.044408999999999997,0.009344000369310379,1,0,1,3
periodic2,6,70,1,0.03764,0.008832000195980072,1,0,1,3
periodic2,6,70,2,0.038273000000000001,0.0085119996219873428,1,0,1,3
periodic2,6,70,3,0.036294,0.0087040001526474953,1,0,1,3
periodic2,6,70,4,0.039266000000000002,0.010528000071644783,2,0,1,3
periodic2,6,70,5,0.039649999999999998,0.011071999557316303,1,0,1,3
periodic2,6,70,6,0.039011999999999998,0.010432000271975994,2,0,1,3
periodic2,6,70,7,0.040326000000000001,0.010847999714314938,7,0,1,3
periodic2,6,80,0,0.034498000000000001,0.0060160001739859581,1,0,1,3
periodic2,6,80,1,0.036150000000000002,0.0071999998763203621,1,0,1,3
periodic2,6,80,2,0.036644000000000003,0.0083839995786547661,1,0,1,3
periodic2,6,80,3,0.037232000000000001,0.0077760000713169575,1,0,1,3
periodic2,6,80,4,0.037286,0.0087679997086524963,2,0,1,3
periodic2,6,80,5,0.036705000000000002,0.0084480000659823418,1,0,1,3
periodic2,6,80,6,0.03678,0.0083520002663135529,1,0,1,3
periodic2,6,80,7,0.037020999999999998,0.0084480000659823418,1,0,1,3
size_tiered,0,70,0,0.049274999999999999,0.012160000391304493,1,0,1,3
size_tiered,0,70,1,0.037028999999999999,0.0077439998276531696,1,0,1,3
size_tiered,0,70,2,0.03737,0.0085760001093149185,1,0,1,3
size_tiered,0,70,3,0.036206000000000002,0.0084480000659823418,1,0,1,3
size_tiered,0,70,4,0.037971999999999999,0.0086080003529787064,2,0,1,3
size_tiered,0,70,5,0.038633000000000001,0.01027199998497963,1,0,1,3
size_tiered,0,70,6,0.039586999999999997,0.010912000201642513,2,0,1,3
size_tiered,0,70,7,0.039177999999999998,0.01065600011497736,7,0,1,3
size_tiered,0,80,0,0.034404999999999998,0.0061759999953210354,1,0,1,3
size_tiered,0,80,1,0.035098999999999998,0.0068799997679889202,1,0,1,3
size_tiered,0,80,2,0.036475,0.0082879997789859772,1,0,1,3
size_tiered,0,80,3,0.036367999999999998,0.0080639999359846115,1,0,1,3
size_tiered,0,80,4,0.036526999999999997,0.0081599997356534004,2,0,1,3
size_tiered,0,80,5,0.036137000000000002,0.0087679997086524963,1,0,1,3
size_tiered,0,80,6,0.036892000000000001,0.0084800003096461296,1,0,1,3
size_tiered,0,80,7,0.03696,0.0087040001526474953,1,0,1,3
size_tiered,1,70,0,0.035151000000000002,0.0067520001903176308,1,0,1,3
size_tiered,1,70,1,0.037356,0.0076799998059868813,1,0,1,3
size_tiered,1,70,2,0.037197000000000001,0.0075520002283155918,1,0,1,3
size_tiered,1,70,3,0.039171999999999998,0.0096640000119805336,1,0,1,3
size_tiered,1,70,4,0.039634999999999997,0.010048000141978264,2,0,1,3
size_tiered,1,70,5,0.039065000000000003,0.010495999827980995,1,0,1,3
size_tiered,1,70,6,0.03891,0.010495999827980995,2,0,1,3
size_tiered,1,70,7,0.039925000000000002,0.010143999941647053,7,0,1,3
size_tiered,1,80,0,0.033925999999999998,0.0065600001253187656,1,0,1,3
size_tiered,1,80,1,0.034486000000000003,0.0064960001036524773,1,0,1,3
size_tiered,1,80,2,0.036429999999999997,0.0080000003799796104,1,0,1,3
size_tiered,1,80,3,0.039683999999999997,0.0091519998386502266,1,0,1,3
size_tiered,1,80,4,0.036872000000000002,0.0081280004233121872,2,0,1,3
size_tiered,1,80,5,0.03628,0.0079359998926520348,1,0,1,3
size_tiered,1,80,6,0.036437999999999998,0.0081599997356534004,1,0,1,3
size_tiered,1,80,7,0.032113000000000003,0.0080639999359846115,1,0,1,3
size_tiered,2,70,0,0.036615000000000002,0.006624000146985054,1,0,1,3
size_tiered,2,70,1,0.037451999999999999,0.0087679997086524963,1,0,1,3
size_tiered,2,70,2,0.037089999999999998,0.0087360003963112831,1,0,1,3
size_tiered,2,70,3,0.039687,0.0087679997086524963,1,0,1,3
size_tiered,2,70,4,0.038958,0.010400000028312206,2,0,1,3
size_tiered,2,70,5,0.038593000000000002,0.010208000428974628,1,0,1,3
size_tiered,2,70,6,0.039373999999999999,0.010847999714314938,2,0,1,3
size_tiered,2,70,7,0.039766000000000003,0.010975999757647514,7,0,1,3
size_tiered,2,80,0,0.030793000000000001,0.0063680000603199005,1,0,1,3
size_tiered,2,80,1,0.036997000000000002,0.0084480000659823418,1,0,1,3
size_tiered,2,80,2,0.039734999999999999,0.0084159998223185539,1,0,1,3
size_tiered,2,80,3,0.036864000000000001,0.0083839995786547661,1,0,1,3
size_tiered,2,80,4,0.036831999999999997,0.0081280004233121872,2,0,1,3
size_tiered,2,80,5,0.037368999999999999,0.0088640004396438599,1,0,1,3
size_tiered,2,80,6,0.037000999999999999,0.0086399996653199196,1,0,1,3
size_tiered,2,80,7,0.038914999999999998,0.010176000185310841,1,0,1,3
size_tiered,3,70,0,0.035201000000000003,0.0066559999249875546,1,0,1,3
size_tiered,3,70,1,0.036844000000000002,0.0079680001363158226,1,0,1,3
size_tiered,3,70,2,0.037148,0.0082559995353221893,1,0,1,3
size_tiered,3,70,3,0.039176000000000002,0.010432000271975994,1,0,1,3
size_tiered,3,70,4,0.039498999999999999,0.0099520003423094749,2,0,1,3
size_tiered,3,70,5,0.034752999999999999,0.010304000228643417,1,0,1,3
size_tiered,3,70,6,0.038940000000000002,0.010463999584317207,2,0,1,3
size_tiered,3,70,7,0.039551000000000003,0.010623999871313572,7,0,1,3
size_tiered,3,80,0,0.034500000000000003,0.0064639998599886894,1,0,1,3
size_tiered,3,80,1,0.034722000000000003,0.0067520001903176308,1,0,1,3
size_tiered,3,80,2,0.037357000000000001,0.0087360003963112831,1,0,1,3
size_tiered,3,80,3,0.037511999999999997,0.0078720003366470337,1,0,1,3
size_tiered,3,80,4,0.036505000000000003,0.0080000003799796104,2,0,1,3
size_tiered,3,80,5,0.036031000000000001,0.0084159998223185539,1,0,1,3
size_tiered,3,80,6,0.036152999999999998,0.0089279999956488609,1,0,1,3
size_tiered,3,80,7,0.039573999999999998,0.010015999898314476,1,0,1,3
size_tiered,4,70,0,0.037002,0.0081599997356534004,1,0,1,3
size_tiered,4,70,1,0.037615000000000003,0.0087040001526474953,1,0,1,3
size_tiered,4,70,2,0.037125999999999999,0.0086399996653199196,1,0,1,3
size_tiered,4,70,3,0.037349,0.0089279999956488609,1,0,1,3
size_tiered,4,70,4,0.038503999999999997,0.010335999540984631,2,0,1,3
size_tiered,4,70,5,0.037878000000000002,0.010143999941647053,1,0,1,3
size_tiered,4,70,6,0.039669999999999997,0.01104000024497509,2,0,1,3
size_tiered,4,70,7,0.039363000000000002,0.010335999540984631,7,0,1,3
size_tiered,4,80,0,0.033727,0.0059520001523196697,1,0,1,3
size_tiered,4,80,1,0.037454000000000001,0.0080639999359846115,1,0,1,3
size_tiered,4,80,2,0.037476000000000002,0.0088959997519850731,1,0,1,3
size_tiered,4,80,3,0.037297999999999998,0.0089600002393126488,1,0,1,3
size_tiered,4,80,4,0.036729999999999999,0.0086719999089837074,2,0,1,3
size_tiered,4,80,5,0.036837000000000002,0.0083520002663135529,1,0,1,3
size_tiered,4,80,6,0.039038999999999997,0.010367999784648418,1,0,1,3
size_tiered,4,80,7,0.037428000000000003,0.0089279999956488609,1,0,1,3
size_tiered,5,70,0,0.035364,0.0064320000819861889,1,0,1,3
size_tiered,5,70,1,0.037633,0.008832000195980072,1,0,1,3
size_tiered,5,70,2,0.037468000000000001,0.0086080003529787064,1,0,1,3
size_tiered,5,70,3,0.038172999999999999,0.010400000028312206,1,0,1,3
size_tiered,5,70,4,0.038753000000000003,0.010111999697983265,2,0,1,3
size_tiered,5,70,5,0.038744000000000001,0.010239999741315842,1,0,1,3
size_tiered,5,70,6,0.039673,0.011392000131309032,2,0,1,3
size_tiered,5,70,7,0.040391000000000003,0.010208000428974628,7,0,1,3
size_tiered,5,80,0,0.034667999999999997,0.0066559999249875546,1,0,1,3
size_tiered,5,80,1,0.035333999999999997,0.007007999811321497,1,0,1,3
size_tiered,5,80,2,0.036974,0.0084480000659823418,1,0,1,3
size_tiered,5,80,3,0.036797999999999997,0.0083520002663135529,1,0,1,3
size_tiered,5,80,4,0.037442999999999997,0.0089279999956488609,2,0,1,3
size_tiered,5,80,5,0.033057999999999997,0.0083520002663135529,1,0,1,3
size_tiered,5,80,6,0.039965000000000001,0.01142400037497282,1,0,1,3
size_tiered,5,80,7,0.039329999999999997,0.010560000315308571,1,0,1,3
size_tiered,6,70,0,0.031788999999999998,0.0065919999033212662,1,0,1,3
size_tiered,6,70,1,0.037657999999999997,0.008832000195980072,1,0,1,3
size_tiered,6,70,2,0.037592,0.0088959997519850731,1,0,1,3
size_tiered,6,70,3,0.038936999999999999,0.010304000228643417,1,0,1,3
size_tiered,6,70,4,0.038817999999999998,0.010208000428974628,2,0,1,3
size_tiered,6,70,5,0.038823000000000003,0.01027199998497963,1,0,1,3
size_tiered,6,70,6,0.039508000000000001,0.0098879998549818993,2,0,1,3
size_tiered,6,70,7,0.039491999999999999,0.010463999584317207,7,0,1,3
size_tiered,6,80,0,0.034131000000000002,0.0064960001036524773,1,0,1,3
size_tiered,6,80,1,0.030856000000000001,0.0064960001036524773,1,0,1,3
size_tiered,6,80,2,0.036227000000000002,0.0084480000659823418,1,0,1,3
size_tiered,6,80,3,0.037019000000000003,0.0081919999793171883,1,0,1,3
size_tiered,6,80,4,0.036882999999999999,0.0082240002229809761,2,0,1,3
size_tiered,6,80,5,0.037169000000000001,0.0084480000659823418,1,0,1,3
size_tiered,6,80,6,0.037380999999999998,0.0087999999523162842,1,0,1,3
size_tiered,6,80,7,0.039288999999999998,0.010688000358641148,1,0,1,3
