rotation,mode,policy,batch,epoch,status,rows,runs,merges,deferred,begin_ms,ready_ms,published_ms,writer_done_ms,host_build_ms,metadata_ms,staging_ms,h2d_ms,uploaded_bytes,merge_host_rw_bytes,shared_bytes,current_only_bytes,retired_only_bytes,reader_only_at_publish_bytes,unreferenced_at_publish_bytes,live_at_publish_bytes,last_reader_device_done_ms,old_epoch_owner_released_ms,exclusive_actual_reclaim_ms,lifecycle_ms,arrival_ms,maintenance_queue_ms,other_held_at_publish_bytes,cap_mib
0,sequential,all_delta,1,0,published,9461367,1,0,0,662.687823,752.582507,752.584595,752.585748,0,33.324389,42.382515,9.273348,397377414,0,0,441000192,0,0,0,508312320,0,752.585748,752.585748,89.897925,662.687823,0,0,1280
0,sequential,all_delta,1,1,published,9466817,2,0,0,775.861976,783.417644,783.419837,783.420742,0,0.015626,0.0256340000001,0.05411,228900,0,0,441229312,0,0,0,508541440,775.842436,784.088293,783.420742,8.226317,775.861976,0,0,1280
0,sequential,all_delta,1,2,published,10232664,3,0,0,807.580581,818.489141,818.491295,818.492427,0,2.688627,3.499322,0.798067,32165574,0,0,473394944,0,0,0,540707072,807.519337,818.501022,818.492427,10.920441,807.580581,0,0,1280
0,sequential,all_delta,1,3,published,10234444,4,0,0,844.867926,849.899737,849.901994,849.902945,0,0.00531599999999,0.00853500000005,0.0416029999999,74760,0,0,473469952,0,0,0,540782080,844.847669,849.930589,849.902945,5.062663,844.867926,0,0,1280
0,sequential,all_delta,1,4,published,10269993,5,0,0,876.276667,883.145704,883.148431,883.149388,0,0.122325,0.142231,0.109206,1493058,0,0,474963200,0,0,0,542275328,876.236192,883.157738,883.149388,6.881071,876.276667,0,0,1280
0,sequential,all_delta,1,5,published,10274223,6,0,0,909.782529,913.794141,913.796664,913.797602,0,0.0124420000001,0.0203839999999,0.046817,177660,0,0,475140864,0,0,0,542452992,909.763958,913.805987,913.797602,4.023458,909.782529,0,0,1280
0,sequential,all_delta,1,6,published,10279473,7,0,0,940.507888,944.411083,944.413975,944.415033,0,0.0149699999999,0.025124,0.050146,220500,0,0,475361536,0,0,0,542673664,940.49212,944.42271,944.415033,3.914822,940.507888,0,0,1280
0,sequential,periodic2,1,0,published,9461367,1,0,0,971.410236,1059.868485,1059.86988,1059.870503,0,33.338789,41.876257,9.240455,397377414,0,0,441000192,0,0,0,508312320,0,1059.870503,1059.870503,88.460267,971.410236,0,0,1280
0,sequential,periodic2,1,1,published,9466817,2,0,0,1083.118292,1087.013009,1087.014473,1087.015116,0,0.016032,0.0250150000004,0.0504600000002,228900,0,0,441229312,0,0,0,508541440,1083.103218,1087.022665,1087.015116,3.904373,1083.118292,0,0,1280
0,sequential,periodic2,1,2,published_merge_deferred,10232664,3,0,1,1110.432419,1121.356548,1121.358056,1121.359312,0,2.68192,3.487082,0.787808,32165574,0,0,473394944,0,0,0,540707072,1110.414269,1121.36728,1121.359312,10.934861,1110.432419,0,0,1280
0,sequential,periodic2,1,3,published,10234444,4,0,0,1147.640835,1151.521268,1151.523092,1151.52418,0,0.00591899999995,0.00844300000017,0.0427309999998,74760,0,0,473469952,0,0,0,540782080,1147.625324,1151.531775,1151.52418,3.89094,1147.640835,0,0,1280
0,sequential,periodic2,1,4,published_merge_deferred,10269993,5,0,1,1177.937364,1182.244845,1182.247426,1182.248364,0,0.117941,0.143931,0.105572,1493058,0,0,474963200,0,0,0,542275328,1177.920289,1182.256392,1182.248364,4.319028,1177.937364,0,0,1280
0,sequential,periodic2,1,5,published,10274223,6,0,0,1208.837439,1212.720642,1212.723162,1212.724243,0,0.01214,0.0201099999999,0.0476439999998,177660,0,0,475140864,0,0,0,542452992,1208.821501,1212.732036,1212.724243,3.894597,1208.837439,0,0,1280
0,sequential,periodic2,1,6,published_merge_deferred,10279473,7,0,1,1239.305775,1243.323008,1243.325727,1243.326658,0,0.0146949999998,0.0233829999997,0.048927,220500,0,0,475361536,0,0,0,542673664,1239.2895,1243.33811,1243.326658,4.032335,1239.305775,0,0,1280
0,sequential,size_tiered,1,0,published,9461367,1,0,0,1270.138636,1358.542658,1358.54416,1358.544765,0,33.490591,41.781725,9.211112,397377414,0,0,441000192,0,0,0,508312320,0,1358.544765,1358.544765,88.406129,1270.138636,0,0,1280
0,sequential,size_tiered,1,1,published,9466817,2,0,0,1381.783004,1385.795889,1385.797426,1385.798038,0,0.0158099999999,0.0245069999999,0.050436,228900,0,0,441229312,0,0,0,508541440,1381.766585,1385.805431,1385.798038,4.022427,1381.783004,0,0,1280
0,sequential,size_tiered,1,2,published,10232664,2,1,0,1409.303929,1454.378402,1454.380391,1454.381079,22.885257,5.406424,6.875607,1.59839,64560048,64788948,0,473394688,229120,0,229120,540935936,1409.073837,1454.391449,1454.391195,45.08752,1409.303929,0,229120,1280
0,sequential,size_tiered,1,3,published,10234444,3,0,0,1480.812096,1489.638207,1489.640157,1489.64092,0,0.005627,0.00847799999974,0.0431679999999,74760,0,0,473469696,0,0,0,540781824,1480.449105,1490.256308,1489.64092,9.444212,1480.812096,0,0,1280
0,sequential,size_tiered,1,4,published,10269993,3,1,0,1516.493707,1527.283337,1527.2852,1527.285951,1.031513,0.241133,0.2957,0.212657,3060876,3135636,0,474962688,75008,0,75008,542349824,1516.473855,1527.295617,1527.295366,10.80191,1516.493707,0,75008,1280
0,sequential,size_tiered,1,5,published,10274223,4,0,0,1553.690378,1557.695918,1557.698408,1557.69933,0,0.0119539999998,0.0206109999999,0.0454410000002,177660,0,0,475140352,0,0,0,542452480,1553.669177,1557.707345,1557.69933,4.016967,1553.690378,0,0,1280
0,sequential,size_tiered,1,6,published,10279473,4,1,0,1584.198832,1592.418218,1592.420161,1592.420997,0.250327,0.0430889999998,0.0662179999999,0.111271,618660,796320,0,475361024,177664,0,177664,542850816,1584.181271,1592.430581,1592.430293,8.231749,1584.198832,0,177664,1280
0,sequential,compact,1,0,published,9461367,1,0,0,1620.642118,1709.07211,1709.073495,1709.074282,0,33.347461,41.541244,9.173966,397377414,0,0,441000192,0,0,0,508312320,0,1709.074282,1709.074282,88.432164,1620.642118,0,0,1280
0,sequential,compact,1,1,published_merge_deferred,9466817,2,0,1,1732.309216,1736.505881,1736.507184,1736.507773,0,0.0154620000001,0.022033,0.0550780000001,228900,0,0,441229312,0,0,0,508541440,1732.292269,1736.51686,1736.507773,4.207644,1732.309216,0,0,1280
0,sequential,compact,1,2,published_merge_deferred,10232664,3,0,1,1759.847305,1770.913138,1770.914983,1770.915927,0,2.684753,3.339603,0.793635,32165574,0,0,473394944,0,0,0,540707072,1759.831682,1770.923888,1770.915927,11.076583,1759.847305,0,0,1280
0,sequential,compact,1,3,published_merge_deferred,10234444,4,0,1,1797.242652,1801.346462,1801.349001,1801.349923,0,0.00494599999979,0.00636499999973,0.041252,74760,0,0,473469952,0,0,0,540782080,1797.228088,1801.358341,1801.349923,4.115689,1797.242652,0,0,1280
0,sequential,compact,1,4,published_merge_deferred,10269993,5,0,1,1827.754021,1832.100612,1832.103535,1832.104467,0,0.117825,0.132304,0.106675,1493058,0,0,474963200,0,0,0,542275328,1827.738055,1832.112733,1832.104467,4.358712,1827.754021,0,0,1280
0,sequential,compact,1,5,published_merge_deferred,10274223,6,0,1,1858.517918,1862.564949,1862.56765,1862.568639,0,0.0122160000001,0.0178849999998,0.047748,177660,0,0,475140864,0,0,0,542452992,1858.503071,1862.576755,1862.568639,4.058837,1858.517918,0,0,1280
0,sequential,compact,1,6,published_merge_deferred,10279473,7,0,1,1889.219357,1893.294539,1893.297411,1893.298485,0,0.014778,0.0222789999998,0.0498599999999,220500,0,0,475361536,0,0,0,542673664,1889.203554,1893.306282,1893.298485,4.086925,1889.219357,0,0,1280
0,sequential,all_delta,8,0,published,9461367,1,0,0,1920.199968,2004.96233,2004.963372,2004.963916,0,33.392017,38.638561,8.88615,397377414,0,0,441000192,0,0,0,508312320,0,2004.963916,2004.963916,84.763948,1920.199968,0,0,1280
0,sequential,all_delta,8,1,published,9466817,2,0,0,2024.65945,2027.982926,2027.984106,2027.984588,0,0.014308,0.0306090000001,0.0519289999997,228900,0,0,441229312,0,0,0,508541440,2024.621748,2027.991534,2027.984588,3.332084,2024.65945,0,0,1280
0,sequential,all_delta,8,2,published,10232664,3,0,0,2044.255623,2053.029481,2053.031099,2053.0316,0,2.089879,2.76713,0.72846,32165574,0,0,473394944,0,0,0,540707072,2044.238539,2053.03791,2053.0316,8.782287,2044.255623,0,0,1280
0,sequential,all_delta,8,3,published,10234444,4,0,0,2072.140585,2075.320029,2075.321665,2075.322148,0,0.00390800000014,0.024163,0.0391660000005,74760,0,0,473469952,0,0,0,540782080,2072.121638,2075.333501,2075.322148,3.192916,2072.140585,0,0,1280
0,sequential,all_delta,8,4,published,10269993,5,0,0,2094.567121,2098.01727,2098.019416,2098.020255,0,0.104701,0.11049,0.0884850000002,1493058,0,0,474963200,0,0,0,542275328,2094.549684,2098.026893,2098.020255,3.459772,2094.567121,0,0,1280
0,sequential,all_delta,8,5,published,10274223,6,0,0,2117.605188,2120.813227,2120.815362,2120.816117,0,0.0106889999997,0.026175,0.0441279999995,177660,0,0,475140864,0,0,0,542452992,2117.248387,2120.82253,2120.816117,3.217342,2117.605188,0,0,1280
0,sequential,all_delta,8,6,published,10279473,7,0,0,2140.189705,2143.481814,2143.48417,2143.484941,0,0.0138739999998,0.0302240000001,0.0439459999998,220500,0,0,475361536,0,0,0,542673664,2140.167602,2143.491836,2143.484941,3.302131,2140.189705,0,0,1280
0,sequential,periodic2,8,0,published,9461367,1,0,0,2162.973144,2303.663258,2303.664341,2303.66485,0,30.220389,98.663991,8.542721,397377414,0,0,441000192,0,0,0,508312320,0,2303.66485,2303.66485,140.691706,2162.973144,0,0,1280
0,sequential,periodic2,8,1,published,9466817,2,0,0,2319.859174,2323.120721,2323.122054,2323.122533,0,0.0112049999998,0.0179600000001,0.0459150000002,228900,0,0,441229312,0,0,0,508541440,2319.839298,2323.129378,2323.122533,3.270204,2319.859174,0,0,1280
0,sequential,periodic2,8,2,published_merge_deferred,10232664,3,0,1,2339.333843,2348.119965,2348.121224,2348.12172,0,2.08738,2.73993,0.729661000001,32165574,0,0,473394944,0,0,0,540707072,2339.311756,2348.127979,2348.12172,8.794136,2339.333843,0,0,1280
0,sequential,periodic2,8,3,published,10234444,4,0,0,2367.179213,2370.382683,2370.384212,2370.38531,0,0.00349800000004,0.00499500000024,0.0385449999994,74760,0,0,473469952,0,0,0,540782080,2367.162453,2370.391994,2370.38531,3.212781,2367.179213,0,0,1280
0,sequential,periodic2,8,4,published_merge_deferred,10269993,5,0,1,2389.608914,2393.056746,2393.059036,2393.059833,0,0.0908909999998,0.109897,0.0891800000004,1493058,0,0,474963200,0,0,0,542275328,2389.590909,2393.067157,2393.059833,3.458243,2389.608914,0,0,1280
0,sequential,periodic2,8,5,published,10274223,6,0,0,2412.357137,2415.914297,2415.916402,2415.917087,0,0.00876000000017,0.0154780000003,0.0435859999998,177660,0,0,475140864,0,0,0,542452992,2412.340871,2415.923204,2415.917087,3.566067,2412.357137,0,0,1280
0,sequential,periodic2,8,6,published_merge_deferred,10279473,7,0,1,2435.28085,2438.489952,2438.492341,2438.49304,0,0.010428,0.017859,0.0458279999998,220500,0,0,475361536,0,0,0,542673664,2435.260216,2438.49941,2438.49304,3.21856,2435.28085,0,0,1280
0,sequential,size_tiered,8,0,published,9461367,1,0,0,2457.896381,2531.648013,2531.649055,2531.649515,0,25.876129,36.045458,8.596567,397377414,0,0,441000192,0,0,0,508312320,0,2531.649515,2531.649515,73.753134,2457.896381,0,0,1280
0,sequential,size_tiered,8,1,published,9466817,2,0,0,2547.788496,2551.100578,2551.101815,2551.102316,0,0.0111350000002,0.0182520000003,0.046468,228900,0,0,441229312,0,0,0,508541440,2547.771966,2551.1086,2551.102316,3.320104,2547.788496,0,0,1280
0,sequential,size_tiered,8,2,published,10232664,2,1,0,2567.349365,2603.403856,2603.405438,2603.406089,17.841507,4.234655,5.539421,1.459116,64560048,64788948,0,473394688,229120,0,229120,540935936,2567.332559,2603.414237,2603.413999,36.064872,2567.349365,0,229120,1280
0,sequential,size_tiered,8,3,published,10234444,3,0,0,2622.420014,2625.582247,2625.58375,2625.584356,0,0.00394900000038,0.00615400000015,0.0432689999998,74760,0,0,473469696,0,0,0,540781824,2622.402922,2625.590312,2625.584356,3.170298,2622.420014,0,0,1280
0,sequential,size_tiered,8,4,published,10269993,3,1,0,2644.668518,2652.399676,2652.401274,2652.40184,0.836537,0.186398,0.256,0.176608,3060876,3135636,0,474962688,75008,0,75008,542349824,2644.650273,2652.40963,2652.409425,7.741112,2644.668518,0,75008,1280
0,sequential,size_tiered,8,5,published,10274223,4,0,0,2671.53585,2674.740749,2674.742259,2674.742892,0,0.00844800000004,0.0162640000003,0.0424649999995,177660,0,0,475140352,0,0,0,542452480,2671.519045,2674.749216,2674.742892,3.213366,2671.53585,0,0,1280
0,sequential,size_tiered,8,6,published,10279473,4,1,0,2693.999659,2700.67335,2700.675019,2700.675777,0.217891,0.0317729999997,0.0565420000003,0.10127,618660,796320,0,475361024,177664,0,177664,542850816,2693.981629,2700.683182,2700.682976,6.683523,2693.999659,0,177664,1280
0,sequential,compact,8,0,published,9461367,1,0,0,2720.016178,2794.261566,2794.262697,2794.263211,0,25.896378,36.569716,8.577119,397377414,0,0,441000192,0,0,0,508312320,0,2794.263211,2794.263211,74.247033,2720.016178,0,0,1280
0,sequential,compact,8,1,published_merge_deferred,9466817,2,0,1,2810.388244,2814.979357,2814.980496,2814.980953,0,0.0115849999997,0.0171800000003,0.0476060000001,228900,0,0,441229312,0,0,0,508541440,2810.368036,2814.987798,2814.980953,4.599554,2810.388244,0,0,1280
0,sequential,compact,8,2,published_merge_deferred,10232664,3,0,1,2831.282592,2840.016085,2840.017551,2840.018108,0,2.109537,2.692926,0.721978,32165574,0,0,473394944,0,0,0,540707072,2831.258829,2840.024458,2840.018108,8.741866,2831.282592,0,0,1280
0,sequential,compact,8,3,published_merge_deferred,10234444,4,0,1,2859.104006,2863.346753,2863.348228,2863.348936,0,0.00360200000023,0.0050540000002,0.0407490000002,74760,0,0,473469952,0,0,0,540782080,2859.074613,2863.357296,2863.348936,4.25329,2859.104006,0,0,1280
0,sequential,compact,8,4,published_merge_deferred,10269993,5,0,1,2883.323763,2886.798362,2886.800449,2886.801205,0,0.0959950000001,0.110494,0.0902579999997,1493058,0,0,474963200,0,0,0,542275328,2882.556738,2886.807758,2886.801205,3.483995,2883.323763,0,0,1280
0,sequential,compact,8,5,published_merge_deferred,10274223,6,0,1,2906.041263,2909.221325,2909.223202,2909.224043,0,0.00839999999971,0.013011,0.0414740000001,177660,0,0,475140864,0,0,0,542452992,2906.020723,2909.231003,2909.224043,3.18974,2906.041263,0,0,1280
0,sequential,compact,8,6,published_merge_deferred,10279473,7,0,1,2928.580957,2932.340973,2932.343501,2932.344338,0,0.0108929999997,0.0177390000003,0.0443679999994,220500,0,0,475361536,0,0,0,542673664,2928.560091,2932.361504,2932.344338,3.780547,2928.580957,0,0,1280
0,sequential,all_delta,64,0,published,9461367,1,0,0,2951.764972,3026.162248,3026.163329,3026.16374,0,25.912626,36.618651,8.648738,397377414,0,0,441000192,0,0,0,508312320,0,3026.16374,3026.16374,74.398768,2951.764972,0,0,1280
0,sequential,all_delta,64,1,published,9466817,2,0,0,3041.544296,3044.771685,3044.772802,3044.773209,0,0.0109280000001,0.01784,0.0467779999999,228900,0,0,441229312,0,0,0,508541440,3041.507071,3044.780036,3044.773209,3.23574,3041.544296,0,0,1280
0,sequential,all_delta,64,2,published,10232664,3,0,0,3060.262981,3068.991844,3068.993163,3068.993696,0,2.091006,2.709875,0.729109,32165574,0,0,473394944,0,0,0,540707072,3060.224764,3068.999947,3068.993696,8.736966,3060.262981,0,0,1280
0,sequential,all_delta,64,3,published,10234444,4,0,0,3087.312401,3090.498113,3090.499465,3090.499991,0,0.00309500000003,0.00517100000025,0.0416660000001,74760,0,0,473469952,0,0,0,540782080,3087.274012,3090.506408,3090.499991,3.194007,3087.312401,0,0,1280
0,sequential,all_delta,64,4,published,10269993,5,0,0,3108.942138,3112.355062,3112.356775,3112.357375,0,0.0908239999999,0.114475,0.0890959999997,1493058,0,0,474963200,0,0,0,542275328,3108.902519,3112.363724,3112.357375,3.421586,3108.942138,0,0,1280
0,sequential,all_delta,64,5,published,10274223,6,0,0,3132.868907,3136.094973,3136.0966,3136.0974,0,0.00858999999991,0.0494900000003,0.0433470000003,177660,0,0,475140864,0,0,0,542452992,3132.822937,3136.103776,3136.0974,3.234869,3132.868907,0,0,1280
0,sequential,all_delta,64,6,published,10279473,7,0,0,3154.731731,3157.969216,3157.970983,3157.971735,0,0.010632,0.0648580000002,0.0457980000001,220500,0,0,475361536,0,0,0,542673664,3154.689011,3157.978018,3157.971735,3.246287,3154.731731,0,0,1280
0,sequential,periodic2,64,0,published,9461367,1,0,0,3176.661873,3290.570683,3290.571795,3290.572214,0,25.894509,76.284774,8.545045,397377414,0,0,441000192,0,0,0,508312320,0,3290.572214,3290.572214,113.910341,3176.661873,0,0,1280
0,sequential,periodic2,64,1,published,9466817,2,0,0,3305.936666,3309.210817,3309.212008,3309.212502,0,0.011223,0.066597,0.0501760000002,228900,0,0,441229312,0,0,0,508541440,3305.899408,3309.218363,3309.212502,3.281697,3305.936666,0,0,1280
0,sequential,periodic2,64,2,published_merge_deferred,10232664,3,0,1,3324.698666,3341.982856,3341.984287,3341.984795,0,2.399687,10.977888,0.721968,32165574,0,0,473394944,0,0,0,540707072,3324.66182,3341.99113,3341.984795,17.292464,3324.698666,0,0,1280
0,sequential,periodic2,64,3,published,10234444,4,0,0,3360.292508,3363.467027,3363.468581,3363.469156,0,0.00307199999997,0.00504399999954,0.0381110000003,74760,0,0,473469952,0,0,0,540782080,3360.254005,3363.475933,3363.469156,3.183425,3360.292508,0,0,1280
0,sequential,periodic2,64,4,published_merge_deferred,10269993,5,0,1,3381.920301,3385.720723,3385.72223,3385.722769,0,0.0904909999999,0.489397,0.0858939999998,1493058,0,0,474963200,0,0,0,542275328,3381.879731,3385.728822,3385.722769,3.808521,3381.920301,0,0,1280
0,sequential,periodic2,64,5,published,10274223,6,0,0,3404.339448,3407.496778,3407.498317,3407.498851,0,0.00885099999959,0.0132150000004,0.0430269999997,177660,0,0,475140864,0,0,0,542452992,3404.296286,3407.504949,3407.498851,3.165501,3404.339448,0,0,1280
0,sequential,periodic2,64,6,published_merge_deferred,10279473,7,0,1,3426.144983,3430.056735,3430.059228,3430.060092,0,0.010886,0.0159610000005,0.0481059999993,220500,0,0,475361536,0,0,0,542673664,3426.079908,3430.066953,3430.060092,3.92197,3426.144983,0,0,1280
0,sequential,size_tiered,64,0,published,9461367,1,0,0,3448.758104,3522.665771,3522.666975,3522.667429,0,25.96282,36.104226,8.635949,397377414,0,0,441000192,0,0,0,508312320,0,3522.667429,3522.667429,73.909325,3448.758104,0,0,1280
0,sequential,size_tiered,64,1,published,9466817,2,0,0,3538.033712,3542.621236,3542.622661,3542.623193,0,0.011336,0.0176350000002,0.0475399999996,228900,0,0,441229312,0,0,0,508541440,3537.992963,3542.630723,3542.623193,4.597011,3538.033712,0,0,1280
0,sequential,size_tiered,64,2,published,10232664,2,1,0,3558.103392,3584.838153,3584.840096,3584.840626,6.396767,4.196109,5.405424,1.468696,64560048,64788948,0,473394688,229120,0,229120,540935936,3558.060195,3584.848954,3584.848628,26.745562,3558.103392,0,229120,1280
0,sequential,size_tiered,64,3,published,10234444,3,0,0,3603.461157,3606.660326,3606.661707,3606.662242,0,0.00326399999994,0.00587199999973,0.0408240000002,74760,0,0,473469696,0,0,0,540781824,3603.040399,3606.66884,3606.662242,3.207683,3603.461157,0,0,1280
0,sequential,size_tiered,64,4,published,10269993,3,1,0,3624.949113,3632.752356,3632.753844,3632.754324,0.259926,0.186097,0.240656,0.186387,3060876,3135636,0,474962688,75008,0,75008,542349824,3624.904792,3632.762195,3632.761972,7.813082,3624.949113,0,75008,1280
0,sequential,size_tiered,64,5,published,10274223,4,0,0,3651.412384,3654.613896,3654.615575,3654.616152,0,0.00865599999997,0.0145419999994,0.0439890000002,177660,0,0,475140352,0,0,0,542452480,3651.072508,3654.622704,3654.616152,3.21032,3651.412384,0,0,1280
0,sequential,size_tiered,64,6,published,10279473,4,1,0,3673.153599,3683.922194,3683.923867,3683.924445,0.0463049999998,0.0316479999997,0.0500919999995,0.101448,618660,796320,0,475361024,177664,0,177664,542850816,3673.032285,3683.932223,3683.93209,10.778624,3673.153599,0,177664,1280
0,sequential,compact,64,0,published,9461367,1,0,0,3702.476733,3776.575646,3776.576802,3776.577252,0,25.937156,36.302363,8.598155,397377414,0,0,441000192,0,0,0,508312320,0,3776.577252,3776.577252,74.100519,3702.476733,0,0,1280
0,sequential,compact,64,1,published_merge_deferred,9466817,2,0,1,3791.965606,3795.174067,3795.174897,3795.175359,0,0.011172,0.01773,0.0508790000004,228900,0,0,441229312,0,0,0,508541440,3791.927591,3795.181876,3795.175359,3.21627,3791.965606,0,0,1280
0,sequential,compact,64,2,published_merge_deferred,10232664,3,0,1,3810.631753,3819.278526,3819.279908,3819.280428,0,2.088451,2.688683,0.721056,32165574,0,0,473394944,0,0,0,540707072,3810.593991,3819.286907,3819.280428,8.655154,3810.631753,0,0,1280
0,sequential,compact,64,3,published_merge_deferred,10234444,4,0,1,3837.619855,3840.882873,3840.884271,3840.884787,0,0.00312299999996,0.00521600000002,0.0393340000001,74760,0,0,473469952,0,0,0,540782080,3837.562716,3840.8917,3840.884787,3.271845,3837.619855,0,0,1280
0,sequential,compact,64,4,published_merge_deferred,10269993,5,0,1,3859.336802,3863.016115,3863.017683,3863.01855,0,0.0908570000001,0.111457,0.0887120000002,1493058,0,0,474963200,0,0,0,542275328,3859.292898,3863.025111,3863.01855,3.688309,3859.336802,0,0,1280
0,sequential,compact,64,5,published_merge_deferred,10274223,6,0,1,3881.54991,3884.913711,3884.915234,3884.915868,0,0.00842499999999,0.0143319999997,0.0471810000004,177660,0,0,475140864,0,0,0,542452992,3881.507878,3884.922499,3884.915868,3.372589,3881.54991,0,0,1280
0,sequential,compact,64,6,published_merge_deferred,10279473,7,0,1,3903.546418,3906.809773,3906.811568,3906.812207,0,0.0106029999997,0.0181019999995,0.0443129999994,220500,0,0,475361536,0,0,0,542673664,3903.505402,3906.818457,3906.812207,3.272039,3903.546418,0,0,1280
0,sequential,all_delta,1,0,published,9461367,1,0,0,594.140316,668.717714,668.719389,668.720413,0,25.879368,36.153933,8.582906,397377414,0,0,441000192,0,0,0,508312320,0,668.720413,668.720413,74.580097,594.140316,0,0,2048
0,sequential,all_delta,1,1,published,9466817,2,0,0,691.312256,694.571014,694.57277,694.57356,0,0.010991,0.022768,0.0462180000001,228900,0,0,441229312,0,0,0,508541440,691.298471,694.579615,694.57356,3.267359,691.312256,0,0,2048
0,sequential,all_delta,1,2,published,10232664,3,0,0,717.241575,726.222707,726.224403,726.225423,0,2.086887,3.050941,0.728632,32165574,0,0,473394944,0,0,0,540707072,717.225102,726.231815,726.225423,8.99024,717.241575,0,0,2048
0,sequential,all_delta,1,3,published,10234444,4,0,0,751.699253,754.865222,754.866778,754.867634,0,0.00336800000002,0.00773399999991,0.0431199999999,74760,0,0,473469952,0,0,0,540782080,751.681528,754.87382,754.867634,3.174567,751.699253,0,0,2048
0,sequential,all_delta,1,4,published,10269993,5,0,0,780.811191,789.091422,789.093662,789.094546,0,0.090939,0.121337,0.0880059999998,1493058,0,0,474963200,0,0,0,542275328,780.396535,789.711449,789.094546,8.900258,780.811191,0,0,2048
0,sequential,all_delta,1,5,published,10274223,6,0,0,815.332697,818.557183,818.559176,818.560005,0,0.00862500000005,0.018045,0.0426079999999,177660,0,0,475140864,0,0,0,542452992,815.31587,818.566168,818.560005,3.233471,815.332697,0,0,2048
0,sequential,all_delta,1,6,published,10279473,7,0,0,844.671952,847.781129,847.783459,847.784455,0,0.011289,0.022321,0.0406340000001,220500,0,0,475361536,0,0,0,542673664,844.416871,847.791088,847.784455,3.119136,844.671952,0,0,2048
0,sequential,periodic2,1,0,published,9461367,1,0,0,874.261546,947.42522,947.426467,947.427046,0,25.906,35.460691,8.572598,397377414,0,0,441000192,0,0,0,508312320,0,947.427046,947.427046,73.1655,874.261546,0,0,2048
0,sequential,periodic2,1,1,published,9466817,2,0,0,969.923028,973.04229,973.043695,973.044269,0,0.011294,0.021892,0.0451790000001,228900,0,0,441229312,0,0,0,508541440,969.910817,973.050372,973.044269,3.127344,969.923028,0,0,2048
0,sequential,periodic2,1,2,published,10232664,1,1,0,995.713029,1339.883362,1339.885109,1339.885755,252.086434,30.090868,45.309234,10.035281,461937462,859543776,0,441000192,441229312,0,441229312,949541632,995.699235,1339.894777,1339.894593,344.181748,995.713029,0,441229312,2048
0,sequential,periodic2,1,3,published,10234444,2,0,0,1365.179392,1368.369062,1368.370277,1368.371267,0,0.00325399999997,0.00770299999999,0.0378969999999,74760,0,0,441075200,0,0,0,508387328,1365.165717,1368.377375,1368.371267,3.197983,1365.179392,0,0,2048
0,sequential,periodic2,1,4,published,10269993,1,1,0,1393.705473,1743.253857,1743.255225,1743.256245,262.700967,28.193602,42.713392,9.483271,432832764,862679412,0,441000192,441075200,0,441075200,949387520,1393.693257,1758.98486,1758.984572,365.279387,1393.705473,0,441075200,2048
0,sequential,periodic2,1,5,published,10274223,2,0,0,1784.418887,1787.610123,1787.611759,1787.612484,0,0.00880299999994,0.0185649999999,0.0424019999998,177660,0,0,441177856,0,0,0,508489984,1784.397574,1787.618573,1787.612484,3.199686,1784.418887,0,0,2048
0,sequential,periodic2,1,6,published,10279473,1,1,0,1815.175566,2313.478289,2313.480193,2313.48165,393.794346,36.350819,47.041664,10.099734,431958366,863475732,0,441000192,441177856,0,441177856,949490176,1815.128886,2331.564283,2331.563929,516.388717,1815.175566,0,441177856,2048
0,sequential,size_tiered,1,0,published,9461367,1,0,0,2378.964118,2466.513999,2466.515404,2466.516094,0,33.424069,40.685221,9.267771,397377414,0,0,441000192,0,0,0,508312320,0,2466.516094,2466.516094,87.551976,2378.964118,0,0,2048
0,sequential,size_tiered,1,1,published,9466817,2,0,0,2489.952977,2494.065421,2494.06691,2494.067505,0,0.0186590000003,0.040829,0.0537180000006,228900,0,0,441229312,0,0,0,508541440,2489.933038,2494.075155,2494.067505,4.122178,2489.952977,0,0,2048
0,sequential,size_tiered,1,2,published,10232664,2,1,0,2517.516742,2562.160407,2562.16188,2562.162553,22.583138,5.402713,6.65945,1.675425,64560048,64788948,0,473394688,229120,0,229120,540935936,2517.499503,2562.171812,2562.171602,44.65507,2517.516742,0,229120,2048
0,sequential,size_tiered,1,3,published,10234444,3,0,0,2588.549149,2592.521304,2592.523114,2592.523781,0,0.00581899999997,0.0351390000001,0.0461169999999,74760,0,0,473469696,0,0,0,540781824,2588.531766,2592.531161,2592.523781,3.982012,2588.549149,0,0,2048
0,sequential,size_tiered,1,4,published,10269993,3,1,0,2618.910694,2628.653282,2628.6552,2628.656035,1.019253,0.261167,0.310919,0.216008,3060876,3135636,0,474962688,75008,0,75008,542349824,2618.895404,2628.665439,2628.665161,9.754745,2618.910694,0,75008,2048
0,sequential,size_tiered,1,5,published,10274223,4,0,0,2655.179703,2659.170161,2659.172757,2659.173859,0,0.0110019999997,0.0200920000007,0.047873,177660,0,0,475140352,0,0,0,542452480,2655.164391,2659.181806,2659.173859,4.002103,2655.179703,0,0,2048
0,sequential,size_tiered,1,6,published,10279473,4,1,0,2685.897104,2694.264305,2694.266287,2694.267698,0.2509,0.0408240000002,0.0680370000005,0.111477,618660,796320,0,475361024,177664,0,177664,542850816,2685.877155,2694.277231,2694.277046,8.380127,2685.897104,0,177664,2048
0,sequential,compact,1,0,published,9461367,1,0,0,2722.602907,2810.443901,2810.445235,2810.445987,0,33.454412,40.835061,9.24372,397377414,0,0,441000192,0,0,0,508312320,0,2810.445987,2810.445987,87.84308,2722.602907,0,0,2048
0,sequential,compact,1,1,published,9466817,1,1,0,2833.81337,3292.747795,3292.749321,3292.749954,266.33609,36.881235,137.268882,9.17457,397835214,795212628,0,441000192,441000192,0,441000192,949312512,2833.790545,3292.760111,3292.759895,458.946741,2833.81337,0,441000192,2048
0,sequential,compact,1,2,published,10232664,1,1,0,3316.204997,3727.989837,3727.991237,3727.991833,303.665081,38.803796,50.165238,10.842436,461937462,859543776,0,441000192,441000192,0,441000192,949312512,3316.186586,3744.354983,3728.001701,428.149986,3316.204997,0,441000192,2048
0,sequential,compact,1,3,published,10234444,1,1,0,3770.642403,4172.683214,4172.68457,4172.685219,301.338412,36.087607,46.495312,10.017627,429921408,859693296,0,441000192,441000192,0,441000192,949312512,3770.616252,4189.718816,4172.695254,419.076413,3770.642403,0,441000192,2048
0,sequential,compact,1,4,published,10269993,1,1,0,4220.414029,4644.838415,4644.839831,4644.840459,320.74397,36.291473,46.929598,10.127289,432832764,862679412,0,441000192,441000192,0,441000192,949312512,4220.382709,4662.243844,4644.849939,441.829815,4220.414029,0,441000192,2048
0,sequential,compact,1,5,published,10274223,1,1,0,4688.65436,5081.065055,5081.066228,5081.066777,292.07215,36.257565,46.270289,9.965219,431695026,863034732,0,441000192,441000192,0,441000192,949312512,4688.62818,5094.44068,5081.074949,405.78632,4688.65436,0,441000192,2048
0,sequential,compact,1,6,published,10279473,1,1,0,5120.074444,5460.424318,5460.425399,5460.42675,254.610482,28.133937,41.662931,9.429103,431958366,863475732,0,441000192,441000192,0,441000192,949312512,5120.053676,5473.948877,5460.434497,353.874433,5120.074444,0,441000192,2048
0,sequential,all_delta,8,0,published,9461367,1,0,0,5517.022241,5726.957769,5726.959398,5726.960132,0,30.18552,166.904549,9.14204,397377414,0,0,441000192,0,0,0,508312320,0,5726.960132,5726.960132,209.937891,5517.022241,0,0,2048
0,sequential,all_delta,8,1,published,9466817,2,0,0,5743.363454,5747.584671,5747.586027,5747.586679,0,0.015609,0.0250919999999,0.046147,228900,0,0,441229312,0,0,0,508541440,5743.338207,5747.59437,5747.586679,4.230916,5743.363454,0,0,2048
0,sequential,all_delta,8,2,published,10232664,3,0,0,5764.072597,5782.354899,5782.356772,5782.357635,0,2.682659,10.709825,0.795953,32165574,0,0,473394944,0,0,0,540707072,5764.050646,5782.365197,5782.357635,18.2926,5764.072597,0,0,2048
0,sequential,all_delta,8,3,published,10234444,4,0,0,5801.638115,5805.613855,5805.615947,5805.616841,0,0.00560600000063,0.00801000000047,0.0420989999993,74760,0,0,473469952,0,0,0,540782080,5801.617001,5805.624831,5805.616841,3.986716,5801.638115,0,0,2048
0,sequential,all_delta,8,4,published,10269993,5,0,0,5825.08384,5829.444006,5829.446685,5829.447834,0,0.117891,0.154555,0.107629,1493058,0,0,474963200,0,0,0,542275328,5825.062666,5829.455452,5829.447834,4.371612,5825.08384,0,0,2048
0,sequential,all_delta,8,5,published,10274223,6,0,0,5848.925751,5852.901463,5852.90405,5852.905049,0,0.0121339999996,0.0190750000002,0.0511140000008,177660,0,0,475140864,0,0,0,542452992,5848.906079,5852.912305,5852.905049,3.986554,5848.925751,0,0,2048
0,sequential,all_delta,8,6,published,10279473,7,0,0,5872.423208,5877.030411,5877.039018,5877.04032,0,0.0148399999998,0.0228559999996,0.0510249999988,220500,0,0,475361536,0,0,0,542673664,5872.400795,5877.050643,5877.04032,4.627435,5872.423208,0,0,2048
0,sequential,periodic2,8,0,published,9461367,1,0,0,5896.820907,5986.698868,5986.700358,5986.701106,0,33.302052,43.520082,9.013302,397377414,0,0,441000192,0,0,0,508312320,0,5986.701106,5986.701106,89.880199,5896.820907,0,0,2048
0,sequential,periodic2,8,1,published,9466817,2,0,0,6003.152468,6007.210086,6007.211607,6007.212429,0,0.0159079999994,0.0242809999991,0.0515059999998,228900,0,0,441229312,0,0,0,508541440,6003.128648,6007.220142,6007.212429,4.067674,6003.152468,0,0,2048
0,sequential,periodic2,8,2,published,10232664,1,1,0,6023.692185,6427.684357,6427.690295,6427.690996,294.578676,38.769882,51.341272,10.895496,461937462,859543776,0,441000192,441229312,0,441229312,949541632,6023.668766,6427.704107,6427.703888,404.011922,6023.692185,0,441229312,2048
0,sequential,periodic2,8,3,published,10234444,2,0,0,6446.871309,6450.932856,6450.934413,6450.935074,0,0.00389100000029,0.00755000000026,0.0407009999999,74760,0,0,441075200,0,0,0,508387328,6446.847539,6450.9427,6450.935074,4.071391,6446.871309,0,0,2048
0,sequential,periodic2,8,4,published,10269993,1,1,0,6470.163008,6860.679474,6860.680995,6860.681824,290.98033,36.422933,44.948794,10.156958,432832764,862679412,0,441000192,441075200,0,441075200,949387520,6470.141224,6878.156447,6878.156175,407.993439,6470.163008,0,441075200,2048
0,sequential,periodic2,8,5,published,10274223,2,0,0,6897.449277,6901.483748,6901.4851,6901.485912,0,0.011958,0.068499,0.0473480000001,177660,0,0,441177856,0,0,0,508489984,6897.414629,6901.493239,6901.485912,4.043962,6897.449277,0,0,2048
0,sequential,periodic2,8,6,published,10279473,1,1,0,6920.735593,7309.327167,7309.32868,7309.329447,289.814533,36.299798,44.062808,10.152235,431958366,863475732,0,441000192,441177856,0,441177856,949490176,6920.707479,7326.33033,7326.33008,405.594737,6920.735593,0,441177856,2048
0,sequential,size_tiered,8,0,published,9461367,1,0,0,7368.071876,7456.026385,7456.027612,7456.028366,0,33.366752,41.33321,9.3013,397377414,0,0,441000192,0,0,0,508312320,0,7456.028366,7456.028366,87.95649,7368.071876,0,0,2048
0,sequential,size_tiered,8,1,published,9466817,2,0,0,7472.468926,7476.478186,7476.479826,7476.480656,0,0.0156640000005,0.0862630000001,0.0510199999999,228900,0,0,441229312,0,0,0,508541440,7472.444542,7476.487961,7476.480656,4.019035,7472.468926,0,0,2048
0,sequential,size_tiered,8,2,published,10232664,2,1,0,7492.917758,7540.110282,7540.111874,7540.112743,21.64987,5.781439,9.952421,1.579205,64560048,64788948,0,473394688,229120,0,229120,540935936,7492.895751,7540.121958,7540.121815,47.2042,7492.917758,0,229120,2048
0,sequential,size_tiered,8,3,published,10234444,3,0,0,7559.358625,7563.280966,7563.282702,7563.283599,0,0.00534300000072,0.0076739999995,0.0447199999999,74760,0,0,473469696,0,0,0,540781824,7559.336869,7563.291206,7563.283599,3.932581,7559.358625,0,0,2048
0,sequential,size_tiered,8,4,published,10269993,3,1,0,7582.530643,7591.977907,7591.979552,7591.980327,0.959558,0.241566,0.287527,0.217932,3060876,3135636,0,474962688,75008,0,75008,542349824,7582.510062,7591.989412,7591.989227,9.458769,7582.530643,0,75008,2048
0,sequential,size_tiered,8,5,published,10274223,4,0,0,7611.334697,7615.79407,7615.796174,7615.797126,0,0.0120669999997,0.0185050000009,0.045826999999,177660,0,0,475140352,0,0,0,542452480,7611.307873,7615.805362,7615.797126,4.470665,7611.334697,0,0,2048
0,sequential,size_tiered,8,6,published,10279473,4,1,0,7635.310851,7643.476522,7643.47835,7643.479542,0.232338,0.0431579999995,0.061912000001,0.106152999999,618660,796320,0,475361024,177664,0,177664,542850816,7635.28281,7643.489744,7643.488745,8.178893,7635.310851,0,177664,2048
0,sequential,compact,8,0,published,9461367,1,0,0,7663.108107,7751.785087,7751.786338,7751.7872,0,33.40218,41.415771,9.306108,397377414,0,0,441000192,0,0,0,508312320,0,7751.7872,7751.7872,88.679093,7663.108107,0,0,2048
0,sequential,compact,8,1,published,9466817,1,1,0,7768.203453,8117.429017,8117.430469,8117.431153,254.239147,33.407699,40.957898,9.339419,397835214,795212628,0,441000192,441000192,0,441000192,949312512,7768.173142,8117.440742,8117.440552,349.237289,7768.203453,0,441000192,2048
0,sequential,compact,8,2,published,10232664,1,1,0,8133.815097,8520.322249,8520.323741,8520.324509,281.621872,38.771196,47.161879,10.778317,461937462,859543776,0,441000192,441000192,0,441000192,949312512,8133.792379,8536.352282,8520.333769,402.537185,8133.815097,0,441000192,2048
0,sequential,compact,8,3,published,10234444,1,1,0,8555.570613,8943.441748,8943.442926,8943.443615,289.638825,36.046283,44.065,10.057391,429921408,859693296,0,441000192,441000192,0,441000192,949312512,8555.533019,8960.578914,8943.453575,405.008301,8555.570613,0,441000192,2048
0,sequential,compact,8,4,published,10269993,1,1,0,8980.316528,9359.614924,9359.616174,9359.61701,280.433495,36.367583,44.22739,10.16203,432832764,862679412,0,441000192,441000192,0,441000192,949312512,8979.708757,9376.966292,9359.626643,396.649764,8980.316528,0,441000192,2048
0,sequential,compact,8,5,published,10274223,1,1,0,9396.185459,9774.464847,9774.466107,9774.467015,279.390999,36.214749,44.148213,10.03474,431695026,863034732,0,441000192,441000192,0,441000192,949312512,9396.151235,9791.53928,9774.48305,395.353821,9396.185459,0,441000192,2048
0,sequential,compact,8,6,published,10279473,1,1,0,9810.855108,10193.653922,10193.655382,10193.656152,283.198684,36.246765,44.539179,10.13283,431958366,863475732,0,441000192,441000192,0,441000192,949312512,9810.79971,10211.016826,10193.666559,400.161718,9810.855108,0,441000192,2048
0,sequential,all_delta,64,0,published,9461367,1,0,0,10252.66994,10341.119943,10341.121192,10341.121836,0,33.331675,41.71322,9.2951,397377414,0,0,441000192,0,0,0,508312320,0,10341.121836,10341.121836,88.451896,10252.66994,0,0,2048
0,sequential,all_delta,64,1,published,9466817,2,0,0,10356.647316,10360.689596,10360.691247,10360.691887,0,0.0159750000003,0.0231749999984,0.051974,228900,0,0,441229312,0,0,0,508541440,10356.596096,10360.699815,10360.691887,4.052499,10356.647316,0,0,2048
0,sequential,all_delta,64,2,published,10232664,3,0,0,10376.289751,10387.430283,10387.431818,10387.432565,0,2.687181,3.316071,0.798944,32165574,0,0,473394944,0,0,0,540707072,10376.240433,10387.440183,10387.432565,11.150432,10376.289751,0,0,2048
0,sequential,all_delta,64,3,published,10234444,4,0,0,10405.894217,10410.047175,10410.049004,10410.049808,0,0.00532600000042,0.00761599999896,0.0367149999984,74760,0,0,473469952,0,0,0,540782080,10405.840139,10410.057304,10410.049808,4.163087,10405.894217,0,0,2048
0,sequential,all_delta,64,4,published,10269993,5,0,0,10428.822011,10433.748421,10433.750442,10433.751375,0,0.117864,0.148439999999,0.109483999999,1493058,0,0,474963200,0,0,0,542275328,10428.759823,10433.760045,10433.751375,4.938034,10428.822011,0,0,2048
0,sequential,all_delta,64,5,published,10274223,6,0,0,10452.925272,10456.866317,10456.868438,10456.869625,0,0.0124260000011,0.0188870000002,0.0462310000003,177660,0,0,475140864,0,0,0,542452992,10452.40565,10456.87754,10456.869625,3.952268,10452.925272,0,0,2048
0,sequential,all_delta,64,6,published,10279473,7,0,0,10475.676844,10479.694455,10479.696975,10479.698002,0,0.0148270000009,0.021643,0.0506310000037,220500,0,0,475361536,0,0,0,542673664,10475.591265,10479.707369,10479.698002,4.030525,10475.676844,0,0,2048
0,sequential,periodic2,64,0,published,9461367,1,0,0,10498.588391,10766.138511,10766.139789,10766.140631,0,38.054667,215.102656,8.891963,397377414,0,0,441000192,0,0,0,508312320,0,10766.140631,10766.140631,267.55224,10498.588391,0,0,2048
0,sequential,periodic2,64,1,published,9466817,2,0,0,10781.676011,10785.643089,10785.644554,10785.645192,0,0.015969,0.0235769999999,0.0506409999998,228900,0,0,441229312,0,0,0,508541440,10781.626244,10785.65261,10785.645192,3.976599,10781.676011,0,0,2048
0,sequential,periodic2,64,2,published,10232664,1,1,0,10801.253028,11196.446677,11196.448258,11196.449144,287.629438,38.717698,47.373333,10.833292,461937462,859543776,0,441000192,441229312,0,441229312,949541632,10801.203815,11196.460939,11196.460714,395.207911,10801.253028,0,441229312,2048
0,sequential,periodic2,64,3,published,10234444,2,0,0,11214.744191,11218.640777,11218.64231,11218.643068,0,0.00547800000095,0.00757600000179,0.0419659999989,74760,0,0,441075200,0,0,0,508387328,11214.684184,11218.651271,11218.643068,3.90708,11214.744191,0,0,2048
0,sequential,periodic2,64,4,published,10269993,1,1,0,11236.99886,11624.912651,11624.913956,11624.914639,290.822575,36.297495,42.944585,9.98075,432832764,862679412,0,441000192,441075200,0,441075200,949387520,11236.89832,11639.632508,11639.632151,402.633648,11236.99886,0,441075200,2048
0,sequential,periodic2,64,5,published,10274223,2,0,0,11657.827341,11661.047606,11661.048879,11661.049512,0,0.00856600000043,0.0168789999971,0.0428860000011,177660,0,0,441177856,0,0,0,508489984,11657.775563,11661.056037,11661.049512,3.228696,11657.827341,0,0,2048
0,sequential,periodic2,64,6,published,10279473,1,1,0,11679.36893,12010.902639,12010.904062,12010.904673,249.030331,28.164343,38.37655,9.43780800001,431958366,863475732,0,441000192,441177856,0,441177856,949490176,11679.325423,12024.153097,12024.152744,344.784167,11679.36893,0,441177856,2048
0,sequential,size_tiered,64,0,published,9461367,1,0,0,12060.973991,12135.524348,12135.52551,12135.526051,0,25.956608,36.75861,8.61451799999,397377414,0,0,441000192,0,0,0,508312320,0,12135.526051,12135.526051,74.55206,12060.973991,0,0,2048
0,sequential,size_tiered,64,1,published,9466817,2,0,0,12150.93022,12153.992978,12153.994053,12153.994692,0,0.011840000001,0.0204350000022,0.0450879999989,228900,0,0,441229312,0,0,0,508541440,12150.891696,12154.000492,12153.994692,3.070272,12150.93022,0,0,2048
0,sequential,size_tiered,64,2,published,10232664,2,1,0,12169.461774,12206.066814,12206.068146,12206.068867,18.75424,4.19574,5.552177,1.472464,64560048,64788948,0,473394688,229120,0,229120,540935936,12169.423197,12206.076344,12206.076203,36.61457,12169.461774,0,229120,2048
0,sequential,size_tiered,64,3,published,10234444,3,0,0,12224.341215,12227.438444,12227.439869,12227.440536,0,0.00351199999932,0.00713599999654,0.037065999999,74760,0,0,473469696,0,0,0,540781824,12224.300244,12227.446543,12227.440536,3.105328,12224.341215,0,0,2048
0,sequential,size_tiered,64,4,published,10269993,3,1,0,12245.72207,12253.197946,12253.199469,12253.200171,0.790781,0.186131,0.250820000001,0.178490000002,3060876,3135636,0,474962688,75008,0,75008,542349824,12245.677583,12253.207695,12253.207426,7.485625,12245.72207,0,75008,2048
0,sequential,size_tiered,64,5,published,10274223,4,0,0,12271.624873,12274.647862,12274.649424,12274.65018,0,0.00910699999986,0.0168059999996,0.042426,177660,0,0,475140352,0,0,0,542452480,12271.583294,12274.656397,12274.65018,3.031524,12271.624873,0,0,2048
0,sequential,size_tiered,64,6,published,10279473,4,1,0,12293.105185,12299.486664,12299.48826,12299.489013,0.180543,0.0320400000001,0.0542950000035,0.094170999997,618660,796320,0,475361024,177664,0,177664,542850816,12293.0613,12299.496491,12299.496244,6.391306,12293.105185,0,177664,2048
0,sequential,compact,64,0,published,9461367,1,0,0,12318.007281,12392.396867,12392.39801,12392.398843,0,25.983683,36.699402,8.611624,397377414,0,0,441000192,0,0,0,508312320,0,12392.398843,12392.398843,74.391562,12318.007281,0,0,2048
0,sequential,compact,64,1,published,9466817,1,1,0,12407.782136,12794.349806,12794.353058,12794.353684,309.688268,26.146897,35.605805,8.71250000001,397835214,795212628,0,441000192,441000192,0,441000192,949312512,12407.743172,12794.361702,12794.361574,386.579566,12407.782136,0,441000192,2048
0,sequential,compact,64,2,published,10232664,1,1,0,12809.789283,13156.97565,13156.976745,13156.977307,249.379478,30.433743,49.822092,10.045824,461937462,859543776,0,441000192,441000192,0,441000192,949312512,12809.746552,13169.943597,13156.985,360.154314,12809.789283,0,441000192,2048
0,sequential,compact,64,3,published,10234444,1,1,0,13188.172066,13511.568376,13511.569456,13511.57016,240.619591,28.044595,38.165635,9.36064100001,429921408,859693296,0,441000192,441000192,0,441000192,949312512,13188.007608,13525.028107,13511.577717,336.856041,13188.172066,0,441000192,2048
0,sequential,compact,64,4,published,10269993,1,1,0,13543.177991,13870.28293,13870.283942,13870.284513,243.866002,28.218528,39.09077,9.45800799999,432832764,862679412,0,441000192,441000192,0,441000192,949312512,13543.127649,13883.921775,13870.292616,340.743784,13543.177991,0,441000192,2048
0,sequential,compact,64,5,published,10274223,1,1,0,13902.774113,14230.396864,14230.398067,14230.398672,241.720611,28.165116,38.641328,9.44317700001,431695026,863034732,0,441000192,441000192,0,441000192,949312512,13902.153719,14243.730717,14230.406955,340.956604,13902.774113,0,441000192,2048
0,sequential,compact,64,6,published,10279473,1,1,0,14262.042536,14587.92694,14587.928136,14587.928698,241.373168,28.157897,38.423478,9.412086,431958366,863475732,0,441000192,441000192,0,441000192,949312512,14261.987344,14602.038098,14588.525059,339.995562,14262.042536,0,441000192,2048
0,shadow,all_delta,1,1,published,9466817,2,0,0,1002.104005,1008.556961,1008.560046,1008.561076,0,0.0369460000001,0.0492200000001,0.098358,228900,0,0,441229312,0,0,0,508541440,1054.169935,1054.177796,1008.561076,52.073791,1002.090164,0.0138410000001,0,2048
0,shadow,all_delta,1,2,published,10232664,3,0,0,1011.734577,1025.112568,1025.115974,1025.118023,0,2.687166,5.074227,1.173629,32165574,0,441000192,32394752,0,0,0,540707072,0,1025.11781,1025.118023,13.383446,1011.723193,0.0113839999999,0,2048
0,shadow,all_delta,1,3,published,10234444,4,0,0,1025.128819,1029.601595,1029.603921,1029.60554,0,0.00847700000008,0.0209579999998,0.0722349999999,74760,0,0,473469952,0,0,0,540782080,0,1029.605318,1029.60554,4.476721,1018.015484,7.113335,0,2048
0,shadow,all_delta,1,4,published,10269993,5,0,0,1029.615678,1034.484411,1034.486809,1034.488397,0,0.117912,0.182588,0.14148,1493058,0,0,474963200,0,0,0,542275328,0,1034.48823,1034.488397,4.872719,1021.590834,8.024844,0,2048
0,shadow,all_delta,1,5,published,10274223,6,0,0,1034.647738,1039.03862,1039.041369,1039.046006,0,0.01305,0.0288840000001,0.0691880000002,177660,0,441000192,34140672,0,0,0,542452992,0,1039.045835,1039.046006,4.398268,1034.638231,0.00950699999999,0,2048
0,shadow,all_delta,1,6,published,10279473,7,0,0,1042.095217,1046.460642,1046.463411,1046.465579,0,0.017208,0.0356649999997,0.0769439999999,220500,0,441000192,34361344,0,0,0,542673664,0,1046.465214,1046.465579,4.370362,1042.086873,0.00834400000008,0,2048
0,growth,all_delta,1,1,published,9466817,2,0,0,1160.260754,1166.48025,1166.482188,1166.48292,0,0.0384509999999,0.03331,0.0753839999998,228900,0,0,441229312,0,0,0,508541440,1166.480011,1166.49142,1166.48292,6.230666,1160.246461,0.014293,0,2048
0,growth,all_delta,1,2,published,10232664,3,0,0,1169.641957,1182.467825,1182.469765,1182.471162,0,2.685711,4.729406,1.138425,32165574,0,0,473394944,0,0,0,540707072,1182.465309,1182.480065,1182.471162,12.838108,1169.632689,0.00926800000002,0,2048
0,growth,all_delta,1,3,published,10234444,4,0,0,1182.482126,1186.802681,1186.804503,1186.805655,0,0.00772700000016,0.0120819999997,0.0508029999999,74760,0,0,473469952,0,0,0,540782080,1186.802102,1186.814019,1186.805655,4.331893,1175.769424,6.712702,0,2048
0,growth,all_delta,1,4,published,10269993,5,0,0,1186.815713,1191.437993,1191.439892,1191.442356,0,0.118055,0.168755,0.122452,1493058,0,473469952,1493248,0,0,0,542275328,1191.568229,1191.57008,1191.442356,4.754367,1179.27843,7.537283,0,2048
0,growth,all_delta,1,5,published,10274223,6,0,0,1192.451874,1196.852037,1196.853963,1196.854968,0,0.0131510000001,0.033412,0.0713459999999,177660,0,0,475140864,0,0,0,542452992,1196.853005,1196.863648,1196.854968,4.411774,1192.440414,0.0114600000002,0,2048
0,growth,all_delta,1,6,published,10279473,7,0,0,1200.33632,1204.653234,1204.6553,1204.659547,0,0.0154299999999,0.0316439999999,0.0835910000001,220500,0,475140864,220672,0,0,0,542673664,1204.65625,1204.668341,1204.659547,4.332021,1200.326704,0.00961599999982,0,2048
0,shadow,periodic2,1,1,published,9466817,2,0,0,1459.255253,1467.319445,1467.321266,1467.321953,0,0.038266,0.0295729999998,0.0754000000002,228900,0,0,441229312,0,0,0,508541440,1497.893877,3097.361217,1467.321953,1638.105964,1459.240696,0.014557,0,2048
0,shadow,periodic2,1,2,published,10232664,1,1,0,1470.681537,1974.403777,1974.405988,1974.409446,355.941392,38.846226,79.7882,15.859304,461937462,859543776,0,441000192,441229312,0,441229312,949541632,0,1974.409324,3097.354502,1626.672965,1470.672505,0.00903199999993,441229312,2048
0,shadow,periodic2,1,3,published,10234444,2,0,0,1974.422961,1979.67465,1979.676091,1979.677135,0,0.0061169999999,0.0218520000001,0.0498650000002,74760,0,0,441075200,0,0,0,949387520,0,1979.676955,1979.677135,5.254174,1477.375682,497.047279,441000192,2048
0,shadow,periodic2,1,4,published,10269993,1,1,0,1979.687474,2459.292816,2459.295024,2486.030706,356.73142,36.420632,62.218063,14.821497,432832764,862679412,0,441000192,441075200,0,441075200,1390387712,0,2486.030361,2486.030706,506.343232,1480.908047,498.779427,882075392,2048
0,shadow,periodic2,1,5,published,10274223,2,0,0,2486.098269,2491.617601,2491.619977,2491.621485,0,0.0158370000004,0.0454419999996,0.0684300000003,177660,0,0,441177856,0,0,0,949490176,0,2491.621278,2491.621485,5.523216,1486.779925,999.318344,441000192,2048
0,shadow,periodic2,1,6,published,10279473,1,1,0,2491.634025,3077.789584,3077.791951,3097.262946,464.745026,36.315284,60.020413,14.602245,431958366,863475732,0,441000192,441177856,0,441177856,1390490368,0,3097.26256,3097.262946,605.628921,1490.066125,1001.5679,882178048,2048
0,growth,periodic2,1,1,published,9466817,2,0,0,3224.354467,3230.429718,3230.431674,3230.434314,0,0.0502079999997,0.0484379999998,0.0711600000004,228900,0,441000192,229120,0,0,0,508541440,3230.431483,3230.444252,3230.434314,6.089785,3224.336636,0.0178310000001,0,2048
0,growth,periodic2,1,2,published,10232664,1,1,0,3233.621394,3710.421347,3710.423173,3710.423738,349.312752,38.823022,63.045098,15.099911,461937462,859543776,0,441000192,441229312,0,441229312,949541632,3258.454882,3710.434808,3710.434652,476.813414,3233.61087,0.0105239999998,441229312,2048
0,growth,periodic2,1,3,published,10234444,2,0,0,3710.437113,3714.037192,3714.038472,3714.039015,0,0.00712199999998,0.0290699999996,0.0412909999995,74760,0,0,441075200,0,0,0,508387328,0,3714.045892,3714.039015,3.608779,3239.818813,470.6183,0,2048
0,growth,periodic2,1,4,published,10269993,1,1,0,3714.047737,4130.954656,4130.956085,4130.956554,310.234698,28.250321,57.163383,13.908959,432832764,862679412,0,441000192,441075200,0,441075200,949387520,0,4147.679057,4147.678764,433.63132,3243.205562,470.842175,441075200,2048
0,growth,periodic2,1,5,published,10274223,2,0,0,4147.680292,4151.656201,4151.657951,4151.658691,0,0.0104340000007,0.0240139999996,0.126158,177660,0,0,441177856,0,0,0,508489984,0,4151.666394,4151.658691,3.986102,3247.476327,900.203965,0,2048
0,growth,periodic2,1,6,published,10279473,1,1,0,4151.668304,4645.106861,4645.108552,4645.109763,386.463196,28.188841,55.969083,13.860376,431958366,863475732,0,441000192,441177856,0,441177856,949490176,0,4660.721412,4660.721102,509.053108,3250.710152,900.958152,441177856,2048
0,shadow,size_tiered,1,1,published,9466817,2,0,0,4920.952841,4929.002978,4929.004728,4929.005413,0,0.0373960000006,0.035437999999,0.0753409999998,228900,0,0,441229312,0,0,0,508541440,4958.023946,5001.441343,4929.005413,80.488502,4920.936943,0.0158980000006,0,2048
0,shadow,size_tiered,1,2,published,10232664,2,1,0,4932.331415,4977.037654,4977.039185,4977.041779,21.117523,4.200232,6.987496,1.847986,64560048,64788948,0,473394688,229120,0,229120,540935936,0,4977.041664,4977.041779,44.710364,4932.321919,0.00949599999967,229120,2048
0,shadow,size_tiered,1,3,published,10234444,3,0,0,4977.050934,4980.415551,4980.417096,4980.418109,0,0.00584700000036,0.0189429999991,0.0412880000003,74760,0,0,473469696,0,0,0,540781824,0,4980.417957,4980.418109,3.367175,4939.297519,37.753415,0,2048
0,shadow,size_tiered,1,4,published,10269993,3,1,0,4980.426876,4989.697152,4989.698784,4989.701198,0.978671999999,0.186968000001,0.321480000001,0.185359999999,3060876,3135636,0,474962688,75008,0,75008,542349824,0,4989.701087,4989.701198,9.274322,4942.683537,37.743339,75008,2048
0,shadow,size_tiered,1,5,published,10274223,4,0,0,4989.709242,4993.034768,4993.03617,4993.037415,0,0.0091139999995,0.023052999999,0.0433109999985,177660,0,0,475140352,0,0,0,542452480,0,4993.037271,4993.037415,3.328173,4947.150164,42.559078,0,2048
0,shadow,size_tiered,1,6,published,10279473,4,1,0,4993.046302,5001.391535,5001.393129,5001.395624,0.23824,0.0331640000004,0.075656,0.128285999999,618660,796320,0,475361024,177664,0,177664,542850816,0,5001.395514,5001.395624,8.349322,4950.353658,42.692644,177664,2048
0,growth,size_tiered,1,1,published,9466817,2,0,0,5105.3035,5110.512216,5110.513786,5110.517242,0,0.0379909999992,0.0225220000011,0.065568,228900,0,441000192,229120,0,0,0,508541440,5110.513727,5110.524569,5110.517242,5.221069,5105.288177,0.0153229999996,0,2048
0,growth,size_tiered,1,2,published,10232664,2,1,0,5113.629367,5147.188866,5147.19056,5147.191256,13.437301,4.202877,5.847632,1.816601,64560048,64788948,0,473394688,229120,0,229120,540935936,5137.582112,5147.200022,5147.199808,33.570655,5113.619925,0.00944199999958,229120,2048
0,growth,size_tiered,1,3,published,10234444,3,0,0,5147.202211,5150.725974,5150.727457,5150.728096,0,0.00338900000042,0.00828300000103,0.0420809999996,74760,0,0,473469696,0,0,0,540781824,0,5150.734737,5150.728096,3.532526,5119.309712,27.892499,0,2048
0,growth,size_tiered,1,4,published,10269993,3,1,0,5150.736538,5159.218468,5159.219741,5159.220586,0.94445,0.192134,0.335070000001,0.195728999998,3060876,3135636,0,474962688,75008,0,75008,542349824,0,5159.228581,5159.22836,8.492043,5123.674923,27.061615,75008,2048
0,growth,size_tiered,1,5,published,10274223,4,0,0,5159.229904,5162.666267,5162.667881,5162.668616,0,0.00889800000004,0.0158739999997,0.0422259999996,177660,0,0,475140352,0,0,0,542452480,0,5162.67495,5162.668616,3.445046,5126.616148,32.613756,0,2048
0,growth,size_tiered,1,6,published,10279473,4,1,0,5162.676723,5169.672061,5169.673416,5169.67404,0.211313,0.0327810000008,0.0764460000009,0.0952109999989,618660,796320,0,475361024,177664,0,177664,542850816,0,5169.681653,5169.681536,7.00493,5129.864328,32.812395,177664,2048
0,shadow,compact,1,1,published,9466817,1,1,0,5410.490422,5775.644447,5775.646205,5775.646867,263.025635,25.98918,52.159952,12.866374,397835214,795212628,0,441000192,441000192,0,441000192,949312512,5439.691449,7879.489382,7879.48689,2468.99896,5410.47453,0.0158919999994,441000192,2048
0,shadow,compact,1,2,published,10232664,1,1,0,5775.655603,6189.555683,6189.556957,6206.302438,300.844103,30.220785,60.255529,14.835039,461937462,859543776,0,441000192,441000192,0,441000192,1390312704,0,6206.302119,6206.302438,430.646835,5419.741424,355.914179,882000384,2048
0,shadow,compact,1,3,published,10234444,1,1,0,6206.324189,6637.825821,6637.827162,6651.684135,325.146444,28.087533,56.39245,13.785345,429921408,859693296,0,441000192,441000192,0,441000192,1390312704,0,6651.683835,6651.684135,445.359946,5422.705665,783.618524,882000384,2048
0,shadow,compact,1,4,published,10269993,1,1,0,6651.705174,7054.789818,7054.791258,7070.282353,297.955422,28.219751,55.698824,13.906692,432832764,862679412,0,441000192,441000192,0,441000192,1390312704,0,7070.281974,7070.282353,418.577179,5425.876979,1225.828195,882000384,2048
0,shadow,compact,1,5,published,10274223,1,1,0,7070.304636,7473.422477,7473.423746,7486.882691,297.565895,28.163877,55.499816,13.886851,431695026,863034732,0,441000192,441000192,0,441000192,1390312704,0,7486.882452,7486.882691,416.578055,5428.840669,1641.463967,882000384,2048
0,shadow,compact,1,6,published,10279473,1,1,0,7486.90229,7862.578448,7862.589321,7879.319249,290.792045,28.172811,38.820715,9.513886,431958366,863475732,0,441000192,441000192,0,441000192,1390312704,0,7879.318825,7879.319249,392.416959,5432.041464,2054.860826,882000384,2048
0,growth,compact,1,1,published,9466817,1,1,0,8158.673634,8484.918248,8484.920275,8484.920858,242.977556,26.074011,38.349362,8.661882,397835214,795212628,0,441000192,441000192,0,441000192,949312512,8186.436122,8484.929644,8484.929019,326.25601,8158.659824,0.0138099999995,441000192,2048
0,growth,compact,1,2,published,10232664,1,1,0,8484.93197,8845.971254,8845.973008,8845.973474,258.372368,30.446628,54.614252,10.054822,461937462,859543776,0,441000192,441000192,0,441000192,949312512,0,8860.572884,8845.980975,375.640914,8167.595544,317.336426,441000192,2048
0,growth,compact,1,3,published,10234444,1,1,0,8860.576249,9204.674453,9204.6764,9204.676951,257.841979,28.043093,41.079861,9.294231,429921408,859693296,0,441000192,441000192,0,441000192,949312512,0,9218.197508,9204.684723,357.621259,8170.377062,690.199187,441000192,2048
0,growth,compact,1,4,published,10269993,1,1,0,9218.201189,9555.963545,9555.965236,9555.965841,251.153494,28.192927,42.346242,9.40685,432832764,862679412,0,441000192,441000192,0,441000192,949312512,0,9570.862684,9555.973018,352.661495,8173.426659,1044.77453,441000192,2048
0,growth,compact,1,5,published,10274223,1,1,0,9570.865315,9916.923881,9916.925728,9916.926298,257.330676,28.146033,41.804052,9.37779799998,431695026,863034732,0,441000192,441000192,0,441000192,949312512,0,9930.512137,9916.934312,359.646822,8176.205548,1394.659767,441000192,2048
0,growth,compact,1,6,published,10279473,1,1,0,9930.516043,10273.276046,10273.278936,10273.279689,256.678914,28.237096,41.593335,9.377845,431958366,863475732,0,441000192,441000192,0,441000192,949312512,0,10287.384467,10273.28753,356.868424,8179.253618,1751.262425,441000192,2048
0,shadow,all_delta,8,1,published,9466817,2,0,0,10733.887461,10740.06774,10740.070162,10740.070874,0,0.047724,0.0464229999998,0.0707479999983,228900,0,0,441229312,0,0,0,508541440,10870.119755,10870.12864,10740.070874,136.241179,10733.87113,0.0163310000007,0,2048
0,shadow,all_delta,8,2,published,10232664,3,0,0,10753.958894,10767.906898,10767.909079,10767.910264,0,5.266588,3.534748,0.848421999997,32165574,0,0,473394944,0,0,0,540707072,0,10767.910077,10767.910264,13.95137,10753.94244,0.0164539999987,0,2048
0,shadow,all_delta,8,3,published,10234444,4,0,0,10772.398564,10776.632828,10776.63516,10776.638037,0,0.006585000001,0.0316080000011,0.0426669999997,74760,0,441000192,32469760,0,0,0,540782080,0,10776.637855,10776.638037,4.239473,10772.385122,0.0134419999995,0,2048
0,shadow,all_delta,8,4,published,10269993,5,0,0,10790.487317,10796.415847,10796.418136,10796.420134,0,0.263144999999,0.155649,0.135316,1493058,0,441000192,33963008,0,0,0,542275328,0,10796.419958,10796.420134,5.932817,10790.473788,0.0135289999998,0,2048
0,shadow,all_delta,8,5,published,10274223,6,0,0,10809.147723,10814.350434,10814.352547,10814.354562,0,0.0266220000012,0.034681000001,0.0508579999987,177660,0,441000192,34140672,0,0,0,542452992,0,10814.354409,10814.354562,5.206839,10809.131008,0.0167149999997,0,2048
0,shadow,all_delta,8,6,published,10279473,7,0,0,10828.226434,10834.859495,10834.862312,10834.865006,0,0.0260290000006,0.0345130000005,0.0503810000009,220500,0,441000192,34361344,0,0,0,542673664,0,10834.864844,10834.865006,6.638572,10828.214343,0.0120910000005,0,2048
0,growth,all_delta,8,1,published,9466817,2,0,0,10968.020815,10974.502555,10974.504684,10974.507676,0,0.0371699999996,0.0286550000019,0.0579160000016,228900,0,441000192,229120,0,0,0,508541440,10974.503414,10974.516134,10974.507676,6.495319,10968.005151,0.0156640000005,0,2048
0,growth,all_delta,8,2,published,10232664,3,0,0,10988.575709,11003.21658,11003.21866,11003.221218,0,5.541437,3.315137,0.836329999998,32165574,0,441229312,32165632,0,0,0,540707072,11003.212195,11003.229589,11003.221218,14.65388,10988.560251,0.0154579999999,0,2048
0,growth,all_delta,8,3,published,10234444,4,0,0,11008.0079,11013.378556,11013.380693,11013.382407,0,0.00558199999978,0.00710800000161,0.0406939999975,74760,0,473394944,75008,0,0,0,540782080,11013.380621,11013.390453,11013.382407,5.382553,11007.997438,0.0104620000002,0,2048
0,growth,all_delta,8,4,published,10269993,5,0,0,11030.237273,11037.525323,11037.527473,11037.530066,0,0.306031,0.144205999999,0.136225,1493058,0,473469952,1493248,0,0,0,542275328,11037.527324,11037.537846,11037.530066,7.300573,11030.223991,0.0132819999999,0,2048
0,growth,all_delta,8,5,published,10274223,6,0,0,11053.21638,11058.73247,11058.735063,11058.738746,0,0.0283479999998,0.0169400000013,0.0494240000007,177660,0,474963200,177664,0,0,0,542452992,11058.733867,11058.746719,11058.738746,5.530339,11053.199156,0.0172239999993,0,2048
0,growth,all_delta,8,6,published,10279473,7,0,0,11075.704928,11081.819696,11081.822472,11081.823366,0,0.0346950000003,0.0275689999999,0.0604130000029,220500,0,0,475361536,0,0,0,542673664,11081.819545,11081.831362,11081.823366,6.126434,11075.689816,0.0151119999991,0,2048
0,shadow,periodic2,8,1,published,9466817,2,0,0,11438.751136,11445.031249,11445.033475,11445.034162,0,0.037185000001,0.0271730000022,0.0662470000007,228900,0,0,441229312,0,0,0,508541440,11555.787858,12721.204336,11445.034162,1282.4532,11438.734393,0.0167430000001,0,2048
0,shadow,periodic2,8,2,published,10232664,1,1,0,11458.898133,11868.150292,11868.152496,11868.155456,299.15852,39.92523,49.350634,10.779667,461937462,859543776,0,441000192,441229312,0,441229312,949541632,0,11868.155297,12721.201708,1262.303575,11458.884413,0.0137200000008,441229312,2048
0,shadow,periodic2,8,3,published,10234444,2,0,0,11868.166273,11872.265321,11872.267117,11872.26809,0,0.00392699999975,0.007725999998,0.0438560000002,74760,0,0,441075200,0,0,0,949387520,0,11872.267921,11872.26809,4.101817,11477.443595,390.722678,441000192,2048
0,shadow,periodic2,8,4,published,10269993,1,1,0,11872.27701,12278.539184,12278.541505,12297.237157,303.786394,36.307149,46.858525,10.096625,432832764,862679412,0,441000192,441075200,0,441075200,1390387712,0,12297.236817,12297.237157,424.960147,11491.714241,380.562769,882075392,2048
0,shadow,periodic2,8,5,published,10274223,2,0,0,12297.258601,12301.955963,12301.957746,12301.959168,0,0.0113359999996,0.0207520000004,0.0485210000006,177660,0,0,441177856,0,0,0,949490176,0,12301.959026,12301.959168,4.700567,11505.969755,791.288846,441000192,2048
0,shadow,periodic2,8,6,published,10279473,1,1,0,12301.969623,12703.349177,12703.354254,12721.017713,299.476032,36.400346,45.977971,10.022884,431958366,863475732,0,441000192,441177856,0,441177856,1390490368,0,12721.017386,12721.017713,419.04809,11520.200596,781.769027,882178048,2048
0,growth,periodic2,8,1,published,9466817,2,0,0,12909.889427,12916.063551,12916.065972,12916.068724,0,0.0371839999989,0.110468999999,0.0741130000024,228900,0,441000192,229120,0,0,0,508541440,12916.062681,12916.078709,12916.068724,6.189282,12909.87392,0.0155070000001,0,2048
0,growth,periodic2,8,2,published,10232664,1,1,0,12930.389192,13403.733254,13403.735294,13403.736068,331.44778,41.520817,75.158845,15.231909,461937462,859543776,0,441000192,441229312,0,441229312,949541632,13030.111541,13403.748367,13403.748007,473.359175,12930.376947,0.0122449999999,441229312,2048
0,growth,periodic2,8,3,published,10234444,2,0,0,13403.750975,13408.09193,13408.093418,13408.094175,0,0.00514500000099,0.00782799999979,0.047359000002,74760,0,0,441075200,0,0,0,508387328,0,13408.102112,13408.094175,4.351137,12948.069904,455.681071,0,2048
0,growth,periodic2,8,4,published,10269993,1,1,0,13408.103847,13844.299563,13844.301052,13844.301798,328.033029,28.277199,57.939456,13.930551,432832764,862679412,0,441000192,441075200,0,441075200,949387520,0,13860.350082,13860.349936,452.246235,12964.032325,444.071522,441075200,2048
0,growth,periodic2,8,5,published,10274223,2,0,0,13860.351312,13864.504071,13864.506163,13864.506847,0,0.00902400000086,0.0214959999994,0.0474720000002,177660,0,0,441177856,0,0,0,508489984,0,13864.530523,13864.506847,4.179211,12978.731599,881.619713,0,2048
0,growth,periodic2,8,6,published,10279473,1,1,0,13864.533215,14277.311455,14277.313151,14277.313795,307.527213,28.196376,55.826496,13.821821,431958366,863475732,0,441000192,441177856,0,441177856,949490176,0,14290.999483,14290.999238,426.466268,12993.432986,871.100229,441177856,2048
0,shadow,size_tiered,8,1,published,9466817,2,0,0,14636.31107,14643.64042,14643.642673,14643.643405,0,0.0365829999992,0.0262389999989,0.0635980000006,228900,0,0,441229312,0,0,0,508541440,14787.431904,14787.444193,14643.643405,151.133123,14636.295628,0.0154419999999,0,2048
0,shadow,size_tiered,8,2,published,10232664,2,1,0,14657.906099,14708.808344,14708.810049,14708.813487,23.215694,7.066847,7.416879,1.978122,64560048,64788948,0,473394688,229120,0,229120,540935936,0,14708.813329,14708.813487,50.907388,14657.892665,0.0134340000004,229120,2048
0,shadow,size_tiered,8,3,published,10234444,3,0,0,14708.824305,14713.366379,14713.368427,14713.370012,0,0.00392800000009,0.00780499999928,0.0481550000004,74760,0,441000192,32469504,0,0,0,540781824,0,14713.369758,14713.370012,4.545707,14677.082687,31.741618,0,2048
0,shadow,size_tiered,8,4,published,10269993,3,1,0,14713.380609,14724.583391,14724.585215,14724.587623,1.169855,0.240433000001,0.341419999999,0.272191000002,3060876,3135636,0,474962688,75008,0,75008,542349824,0,14724.587509,14724.587623,11.207014,14691.717545,21.663064,75008,2048
0,shadow,size_tiered,8,5,published,10274223,4,0,0,14724.596694,14729.259743,14729.261673,14729.263296,0,0.0110219999988,0.021071000001,0.059557999999,177660,0,441000192,34140160,0,0,0,542452480,0,14729.263122,14729.263296,4.666602,14718.912004,5.68469,0,2048
0,shadow,size_tiered,8,6,published,10279473,4,1,0,14741.564814,14752.729045,14752.730949,14752.733533,0.267322,0.0532130000011,0.0764050000034,0.144618999999,618660,796320,0,475361024,177664,0,177664,542850816,0,14752.733424,14752.733533,11.168719,14741.546335,0.0184789999985,177664,2048
0,growth,size_tiered,8,1,published,9466817,2,0,0,14894.818087,14902.260152,14902.262303,14902.263144,0,0.0373909999998,0.031590999999,0.0620870000002,228900,0,441000192,229120,0,0,0,508541440,14902.260843,14902.271696,14902.263144,7.453609,14894.804128,0.0139589999999,0,2048
0,growth,size_tiered,8,2,published,10232664,2,1,0,14916.596662,14948.216285,14948.217912,14948.219613,5.253657,6.773951,6.64709,2.293842,64560048,64788948,441000192,32394496,229120,229120,0,540935936,14948.210593,14948.230338,14948.230011,31.633676,14916.578687,0.0179750000007,0,2048
0,growth,size_tiered,8,3,published,10234444,3,0,0,14948.232846,14952.652754,14952.654637,14952.655514,0,0.00406400000065,0.0066259999985,0.0656760000002,74760,0,473394688,75008,0,0,0,540781824,14952.656419,14952.663399,14952.655514,4.430553,14936.793453,11.439393,0,2048
0,growth,size_tiered,8,4,published,10269993,3,1,0,14961.510511,14972.132138,14972.133746,14972.134428,0.272728,0.351709999999,0.292082,0.267083999997,3060876,3135636,0,474962688,75008,0,75008,542349824,14972.128575,14972.144215,14972.143805,10.633704,14961.498931,0.0115800000003,75008,2048
0,growth,size_tiered,8,5,published,10274223,4,0,0,14987.568637,14993.479295,14993.48137,14993.483291,0,0.0287069999995,0.0223189999997,0.0598669999981,177660,0,474962688,177664,0,0,0,542452480,14993.483198,14993.491303,14993.483291,5.922666,14987.545202,0.023435000001,0,2048
0,growth,size_tiered,8,6,published,10279473,4,1,0,15010.705002,15021.405489,15021.407084,15021.407766,0.0652680000003,0.0628239999987,0.0647509999999,0.139462999998,618660,796320,0,475361024,177664,0,177664,542850816,15021.401156,15021.417681,15021.417525,10.712679,15010.690386,0.0146160000004,177664,2048
0,shadow,compact,8,1,published,9466817,1,1,0,15393.738264,15800.507909,15800.509804,15800.510373,294.332706,33.70411,55.112274,13.429987,397835214,795212628,0,441000192,441000192,0,441000192,949312512,15508.823442,18137.913048,18137.907901,2744.174784,15393.72235,0.0159139999996,441000192,2048
0,shadow,compact,8,2,published,10232664,1,1,0,15800.520071,16271.027668,16271.029611,16290.795484,341.95309,38.819629,64.375357,15.485502,461937462,859543776,0,441000192,441000192,0,441000192,1390312704,0,16290.79519,16290.795484,490.275413,15413.859206,386.660865,882000384,2048
0,shadow,compact,8,3,published,10234444,1,1,0,16290.822278,16759.30384,16759.305357,16776.856248,349.134321,36.115007,59.78149,14.430465,429921408,859693296,0,441000192,441000192,0,441000192,1390312704,0,16776.855921,16776.856248,486.03397,15428.470913,862.351365,882000384,2048
0,shadow,compact,8,4,published,10269993,1,1,0,16776.879404,17232.04414,17232.045864,17250.10144,335.47188,36.333658,59.799405,14.614269,432832764,862679412,0,441000192,441000192,0,441000192,1390312704,0,17250.101151,17250.10144,473.222036,15443.073711,1333.805693,882000384,2048
0,shadow,compact,8,5,published,10274223,1,1,0,17250.134588,17702.628968,17702.631504,17716.330499,336.16837,36.230614,57.343343,14.108123,431695026,863034732,0,441000192,441000192,0,441000192,1390312704,0,17716.330273,17716.330499,466.195911,15457.676928,1792.45766,882000384,2048
0,shadow,compact,8,6,published,10279473,1,1,0,17716.353755,18123.627008,18123.628582,18137.812049,300.917797,28.209558,56.956154,13.883258,431958366,863475732,0,441000192,441000192,0,441000192,1390312704,0,18137.811821,18137.812049,421.458294,15472.293924,2244.059831,882000384,2048
0,growth,compact,8,1,published,9466817,1,1,0,18266.72997,18629.91354,18629.91501,18629.915644,262.903435,25.994802,51.085381,12.855307,397835214,795212628,0,441000192,441000192,0,441000192,949312512,18381.706758,18629.935966,18629.935509,363.205996,18266.712835,0.0171350000019,441000192,2048
0,growth,compact,8,2,published,10232664,1,1,0,18629.937978,19050.196518,19050.197724,19050.198339,306.67644,30.145036,61.143881,14.83451,461937462,859543776,0,441000192,441000192,0,441000192,949312512,0,19063.959897,19050.206328,434.021919,18286.59799,343.339988,441000192,2048
0,growth,compact,8,3,published,10234444,1,1,0,19063.967235,19469.931295,19469.932663,19469.933508,302.036175,28.075316,54.573978,13.755998,429921408,859693296,0,441000192,441000192,0,441000192,949312512,0,19483.351308,19469.941406,419.384073,18301.205289,762.761946,441000192,2048
0,growth,compact,8,4,published,10269993,1,1,0,19483.354811,19899.685588,19899.687139,19899.688551,299.275417,33.571247,59.419424,14.600018,432832764,862679412,0,441000192,441000192,0,441000192,949312512,0,19920.061272,19899.699137,436.706461,18315.841669,1167.513142,441000192,2048
0,growth,compact,8,5,published,10274223,1,1,0,19920.063988,20367.612714,20367.614386,20367.615118,332.738632,36.270508,56.342694,12.782268,431695026,863034732,0,441000192,441000192,0,441000192,949312512,0,20385.304935,20367.625659,465.240947,18330.434284,1589.629704,441000192,2048
0,growth,compact,8,6,published,10279473,1,1,0,20385.309722,20803.027116,20803.028539,20803.029833,314.298689,28.230599,54.713372,12.115724,431958366,863475732,0,441000192,441000192,0,441000192,949312512,0,20818.854123,20803.039222,433.544401,18345.16807,2040.141652,441000192,2048
0,shadow,all_delta,64,1,published,9466817,2,0,0,22093.123135,22104.042978,22104.04491,22104.045649,0,0.0369190000019,0.0335990000021,0.0597339999986,228900,0,441000192,229120,0,0,0,508541440,23030.561407,23030.594268,22104.045649,937.471133,22093.102841,0.0202940000017,0,2048
0,shadow,all_delta,64,2,published,10232664,3,0,0,22221.394352,22238.904316,22238.90623,22238.907353,0,3.587879,4.108452,0.806753999997,32165574,0,441000192,32394752,0,0,0,540707072,0,22238.907209,22238.907353,17.513001,22221.376709,0.0176429999992,0,2048
0,shadow,all_delta,64,3,published,10234444,4,0,0,22346.986626,22352.919114,22352.920851,22352.922134,0,0.00957600000038,0.00869899999816,0.0734709999961,74760,0,441000192,32469760,0,0,0,540782080,0,22352.922015,22352.922134,5.935508,22346.96926,0.017366,0,2048
0,shadow,all_delta,64,4,published,10269993,5,0,0,22471.424374,22477.451128,22477.453022,22477.454885,0,0.315251,0.179063,0.108763,1493058,0,441000192,33963008,0,0,0,542275328,0,22477.454738,22477.454885,6.030511,22471.405262,0.0191119999981,0,2048
0,shadow,all_delta,64,5,published,10274223,6,0,0,22595.68703,22601.620328,22601.622695,22601.624144,0,0.0285220000005,0.0220659999977,0.0785580000011,177660,0,441000192,34140672,0,0,0,542452992,0,22601.624014,22601.624144,5.937114,22595.664859,0.0221710000005,0,2048
0,shadow,all_delta,64,6,published,10279473,7,0,0,22720.0894,22726.969851,22726.9722,22726.973586,0,0.0350690000014,0.0231400000011,0.078625999995,220500,0,441000192,34361344,0,0,0,542673664,0,22726.973476,22726.973586,6.884186,22720.072153,0.0172469999998,0,2048
0,growth,all_delta,64,1,published,9466817,2,0,0,23185.634399,23191.792755,23191.794471,23191.795217,0,0.0364310000004,0.0265260000015,0.0554870000014,228900,0,441000192,229120,0,0,0,508541440,23194.21672,23194.230671,23191.795217,8.596272,23185.617933,0.0164659999973,0,2048
0,growth,all_delta,64,2,published,10232664,3,0,0,23310.950967,23327.122826,23327.124678,23327.126321,0,5.008261,3.639879,0.799736000001,32165574,0,441229312,32165632,0,0,0,540707072,23327.127052,23327.232952,23327.126321,16.281985,23310.93224,0.0187270000024,0,2048
0,growth,all_delta,64,3,published,10234444,4,0,0,23459.42128,23466.099807,23466.101558,23466.103369,0,0.00940800000171,0.00621400000091,0.0781870000028,74760,0,473394944,75008,0,0,0,540782080,23466.103799,23466.226141,23466.103369,6.804861,23459.404654,0.0166259999969,0,2048
0,growth,all_delta,64,4,published,10269993,5,0,0,23608.11084,23614.823204,23614.8248,23614.827145,0,0.305203,0.146453000001,0.118974000001,1493058,0,473469952,1493248,0,0,0,542275328,23614.825332,23614.919049,23614.827145,6.808209,23608.093242,0.0175980000022,0,2048
0,growth,all_delta,64,5,published,10274223,6,0,0,23756.73122,23763.410688,23763.412625,23763.414762,0,0.0278749999998,0.0202059999974,0.0673140000035,177660,0,474963200,177664,0,0,0,542452992,23763.414973,23763.512869,23763.414762,6.781649,23756.714175,0.0170450000005,0,2048
0,growth,all_delta,64,6,published,10279473,7,0,0,23905.907007,23912.616499,23912.618679,23912.620845,0,0.0352740000017,0.0193899999977,0.0803369999994,220500,0,475140864,220672,0,0,0,542673664,23912.621625,23912.723318,23912.620845,6.816311,23905.889027,0.0179800000005,0,2048
0,shadow,periodic2,64,1,published,9466817,2,0,0,25504.260901,25510.262875,25510.264791,25510.26579,0,0.0374630000006,0.0279420000006,0.0899219999992,228900,0,441000192,229120,0,0,0,508541440,26436.51933,26952.513169,25510.26579,1448.252268,25504.243567,0.0173340000001,0,2048
0,shadow,periodic2,64,2,published,10232664,1,1,0,25627.89768,26070.769334,26070.771226,26070.773386,318.218655,32.703684,61.010664,15.075784,461937462,859543776,0,441000192,441229312,441000192,229120,949541632,0,26070.773263,26952.510733,1324.613053,25627.876354,0.0213259999982,229120,2048
0,shadow,periodic2,64,3,published,10234444,2,0,0,26070.78253,26076.591835,26076.593224,26076.594594,0,0.00350299999991,0.00640299999941,0.0494500000023,74760,0,0,441075200,0,441000192,0,949387520,0,26076.594438,26076.594594,5.812064,25754.231681,316.550849,0,2048
0,shadow,periodic2,64,4,published,10269993,1,1,0,26076.602415,26498.631803,26498.633421,26517.822324,312.269347,28.259935,58.111683,13.936054,432832764,862679412,0,441000192,441075200,0,441075200,1390387712,0,26517.822011,26517.822324,441.219909,25876.482482,200.119933,882075392,2048
0,shadow,periodic2,64,5,published,10274223,2,0,0,26517.843968,26521.739247,26521.740616,26521.741854,0,0.00882099999944,0.0215540000027,0.053982999998,177660,0,0,441177856,0,0,0,949490176,0,26521.741702,26521.741854,3.897886,26002.76698,515.076988,441000192,2048
0,shadow,periodic2,64,6,published,10279473,1,1,0,26521.750664,26938.774518,26938.775988,26952.427649,310.647429,28.21446,56.860989,13.850762,431958366,863475732,0,441000192,441177856,0,441177856,1390490368,0,26952.427384,26952.427649,430.676985,26130.953548,390.797116,882178048,2048
0,growth,periodic2,64,1,published,9466817,2,0,0,27115.956246,27122.140546,27122.142667,27122.143691,0,0.0367469999983,0.029472000002,0.0956420000002,228900,0,441000192,229120,0,0,0,508541440,27122.138544,27122.220717,27122.143691,6.264471,27115.939359,0.0168870000016,0,2048
0,growth,periodic2,64,2,published,10232664,1,1,0,27240.544896,27701.044516,27701.046315,27701.047012,327.799441,40.067338,61.665277,14.95925,461937462,859543776,0,441000192,441229312,0,441229312,949541632,27701.02925,27701.063085,27701.06279,460.518189,27240.525131,0.0197650000009,441229312,2048
0,growth,periodic2,64,3,published,10234444,2,0,0,27701.065767,27710.893861,27710.89556,27710.896391,0,0.00524600000062,0.00693699999829,0.0463519999939,74760,0,441000192,75008,0,0,0,508387328,27716.499962,27716.511903,27710.896391,15.446136,27366.902214,334.163553,0,2048
0,growth,periodic2,64,4,published,10269993,1,1,0,27711.499838,28186.630082,28186.632138,28186.632775,349.020127,36.412745,59.234627,14.504984,432832764,862679412,0,441000192,441075200,0,441075200,949387520,28115.35269,28207.023601,28207.023289,495.523763,27489.820054,221.679784,441075200,2048
0,growth,periodic2,64,5,published,10274223,2,0,0,28207.024949,28211.444744,28211.446086,28211.447018,0,0.012788,0.0194939999965,0.0559130000001,177660,0,0,441177856,0,0,0,508489984,0,28211.455222,28211.447018,4.430273,27612.778491,594.246458,0,2048
0,growth,periodic2,64,6,published,10279473,1,1,0,28211.4578,28668.915022,28668.916698,28668.918136,345.25199,32.762058,56.216634,13.871037,431958366,863475732,0,441000192,441177856,0,441177856,949490176,0,28682.901639,28682.901323,471.443839,27753.732218,457.725582,441177856,2048
0,shadow,size_tiered,64,1,published,9466817,2,0,0,29912.644047,29918.861634,29918.863996,29918.865014,0,0.0374749999974,0.0331579999947,0.0942349999968,228900,0,441000192,229120,0,0,0,508541440,30847.018925,30847.056981,29918.865014,934.412934,29912.626062,0.0179850000022,0,2048
0,shadow,size_tiered,64,2,published,10232664,2,1,0,30036.061246,30094.687206,30094.689058,30094.691762,23.99883,7.848188,8.144439,2.00219599999,64560048,64788948,441000192,32394496,229120,0,229120,540935936,0,30094.69164,30094.691762,58.630516,30036.039342,0.0219040000011,229120,2048
0,shadow,size_tiered,64,3,published,10234444,3,0,0,30166.021265,30171.884564,30171.88627,30171.887429,0,0.0102150000021,0.0089029999981,0.0725090000051,74760,0,441000192,32469504,0,0,0,540781824,0,30171.887279,30171.887429,5.866164,30165.997458,0.0238069999978,0,2048
0,shadow,size_tiered,64,4,published,10269993,3,1,0,30288.92611,30304.310386,30304.311806,30304.31414,0.995749999998,0.401970999999,0.309620999997,0.211163,3060876,3135636,441000192,33962496,75008,0,75008,542349824,0,30304.314039,30304.31414,15.38803,30288.906382,0.0197279999993,75008,2048
0,shadow,size_tiered,64,5,published,10274223,4,0,0,30413.747178,30419.808984,30419.811134,30419.812933,0,0.0291749999997,0.0226909999947,0.0932859999994,177660,0,441000192,34140160,0,0,0,542452480,0,30419.812764,30419.812933,6.065755,30413.725911,0.0212670000001,0,2048
0,shadow,size_tiered,64,6,published,10279473,4,1,0,30536.939114,30554.011587,30554.013626,30554.016733,0.277926000002,0.0638960000033,0.0770540000049,0.160529999997,618660,796320,441000192,34360832,177664,0,177664,542850816,0,30554.01661,30554.016733,17.077619,30536.922003,0.017111000001,177664,2048
0,growth,size_tiered,64,1,published,9466817,2,0,0,30994.182772,31001.372271,31001.374581,31001.37554,0,0.0374589999992,0.0328350000018,0.0617529999981,228900,0,441000192,229120,0,0,0,508541440,31003.77006,31003.780853,31001.37554,9.598081,30994.165939,0.0168330000015,0,2048
0,growth,size_tiered,64,2,published,10232664,2,1,0,31119.03494,31155.458438,31155.460425,31155.461733,5.24443,7.576198,6.520372,2.322205,64560048,64788948,441000192,32394496,229120,229120,0,540935936,31155.44589,31155.529824,31155.529371,36.494884,31119.010749,0.0241910000004,0,2048
0,growth,size_tiered,64,3,published,10234444,3,0,0,31267.509407,31274.386459,31274.388333,31274.390128,0,0.0100190000012,0.00691099999676,0.0750860000007,74760,0,473394688,75008,0,0,0,540781824,31274.385083,31274.481833,31274.390128,6.972426,31267.489651,0.0197560000015,0,2048
0,growth,size_tiered,64,4,published,10269993,3,1,0,31414.040156,31431.16121,31431.163471,31431.165589,0.250448999999,0.430559,0.281906,0.253928000002,3060876,3135636,473394688,1568000,75008,75008,0,542349824,31431.155618,31431.257403,31431.256921,17.217247,31414.023534,0.0166219999992,0,2048
0,growth,size_tiered,64,5,published,10274223,4,0,0,31562.320603,31569.15434,31569.156766,31569.158657,0,0.0290200000018,0.0177460000014,0.0844239999969,177660,0,474962688,177664,0,0,0,542452480,31569.157016,31569.263396,31569.158657,6.942793,31562.300116,0.0204870000016,0,2048
0,growth,size_tiered,64,6,published,10279473,4,1,0,31710.225628,31724.362098,31724.364507,31724.366932,0.0947539999979,0.0630149999997,0.0727960000004,0.142198999998,618660,796320,474962688,398336,177664,177664,0,542850816,31724.355977,31724.377411,31724.377173,14.151783,31710.205168,0.0204599999997,0,2048
0,shadow,compact,64,1,published,9466817,1,1,0,33296.310677,33708.190217,33708.191907,33708.192627,295.907891,33.426674,54.025784,13.734157,397835214,795212628,0,441000192,441000192,0,441000192,949312512,34231.102754,35979.240513,35979.240079,2682.929836,33296.291351,0.0193260000015,441000192,2048
0,shadow,compact,64,2,published,10232664,1,1,0,33708.203216,34181.626095,34181.627594,34208.671096,337.544218,38.78707,67.356211,16.074878,461937462,859543776,0,441000192,441000192,0,441000192,1390312704,0,34208.670764,34208.671096,500.46788,33421.227252,286.975964,882000384,2048
0,shadow,compact,64,3,published,10234444,1,1,0,34208.694573,34679.472642,34679.474414,34699.834552,348.080503,38.343934,59.605253,14.36721,429921408,859693296,0,441000192,441000192,0,441000192,1390312704,0,34699.834255,34699.834552,491.139979,33543.348359,665.346214,882000384,2048
0,shadow,compact,64,4,published,10269993,1,1,0,34699.868913,35128.852733,35128.854181,35143.778667,322.944581,28.254386,55.2790869999,13.903283,432832764,862679412,0,441000192,441000192,0,441000192,1390312704,0,35143.778244,35143.778667,443.909754,33668.268523,1031.60039,882000384,2048
0,shadow,compact,64,5,published,10274223,1,1,0,35143.801013,35546.067345,35546.068845,35559.772551,297.883924,28.193917,55.153981,13.876221,431695026,863034732,0,441000192,441000192,0,441000192,1390312704,0,35559.772186,35559.772551,415.971538,33794.046175,1349.754838,882000384,2048
0,shadow,compact,64,6,published,10279473,1,1,0,35559.79694,35964.559703,35964.561223,35979.177042,299.656751,28.195906,55.866908,13.895427,431958366,863475732,0,441000192,441000192,0,441000192,1390312704,0,35979.176738,35979.177042,419.380102,33916.137316,1643.659624,882000384,2048
0,growth,compact,64,1,published,9466817,1,1,0,36143.59294,36545.524315,36545.525911,36545.526612,296.193987,26.028768,50.244146,13.212567,397835214,795212628,0,441000192,441000192,441000192,0,949312512,36545.517731,36545.605216,36545.604898,402.012276,36143.574384,0.0185560000027,0,2048
0,growth,compact,64,2,published,10232664,1,1,0,36545.534943,36973.770028,36973.772631,36973.773873,307.176753,30.593903,64.246046,13.325227,461937462,859543776,0,441000192,441000192,441000192,0,949312512,36973.751965,36991.849811,36973.836331,446.314868,36268.255201,277.279742,0,2048
0,growth,compact,64,3,published,10234444,1,1,0,36973.78578,37412.087318,37412.089252,37412.090274,320.532323,37.896242,43.9435229999,10.0908,429921408,859693296,0,441000192,441000192,0,441000192,949312512,37114.127574,37431.527354,37412.102177,457.741574,36390.353758,583.432022,441000192,2048
0,growth,compact,64,4,published,10269993,1,1,0,37431.532205,37816.285497,37816.287064,37816.287728,286.11638,36.38007,43.919729,10.211966,432832764,862679412,0,441000192,441000192,0,441000192,949312512,0,37835.73435,37816.296597,404.202145,36516.429461,915.102744,441000192,2048
0,growth,compact,64,5,published,10274223,1,1,0,37835.73678,38216.861835,38216.863328,38216.864026,281.59424,36.218352,43.633992,10.070176,431695026,863034732,0,441000192,441000192,0,441000192,949312512,0,38235.077175,38217.405519,399.340395,36643.283494,1192.453286,441000192,2048
0,growth,compact,64,6,published,10279473,1,1,0,38235.081768,38569.911814,38569.913049,38569.913682,251.891721,28.156244,38.241054,9.42824499996,431958366,863475732,0,441000192,441000192,0,441000192,949312512,0,38584.253314,38569.921104,349.171546,36765.438085,1469.643683,441000192,2048
1,sequential,periodic2,1,0,published,9461367,1,0,0,680.434802,769.652,769.653686,769.65473,0,33.329891,41.494994,9.279251,397377414,0,0,441000192,0,0,0,508312320,0,769.65473,769.65473,89.219928,680.434802,0,0,1280
1,sequential,periodic2,1,1,published,9466817,2,0,0,793.05103,797.16488,797.166803,797.167709,0,0.0159620000001,0.0257140000001,0.0514410000001,228900,0,0,441229312,0,0,0,508541440,793.030487,797.175175,797.167709,4.124145,793.05103,0,0,1280
1,sequential,periodic2,1,2,published_merge_deferred,10232664,3,0,1,820.522861,832.471415,832.473698,832.474524,0,2.691553,3.44108,0.80077,32165574,0,0,473394944,0,0,0,540707072,820.505372,832.483449,832.474524,11.960588,820.522861,0,0,1280
1,sequential,periodic2,1,3,published,10234444,4,0,0,858.786725,864.026395,864.028254,864.02952,0,0.00555199999997,0.0080190000001,0.0428019999999,74760,0,0,473469952,0,0,0,540782080,858.769156,864.502134,864.02952,5.715409,858.786725,0,0,1280
1,sequential,periodic2,1,4,published_merge_deferred,10269993,5,0,1,890.950342,895.874613,895.877093,895.877963,0,0.121478,0.136635,0.102946,1493058,0,0,474963200,0,0,0,542275328,890.935066,895.885797,895.877963,4.935455,890.950342,0,0,1280
1,sequential,periodic2,1,5,published,10274223,6,0,0,922.453391,926.827349,926.829981,926.831048,0,0.012781,0.0211489999999,0.0486159999999,177660,0,0,475140864,0,0,0,542452992,922.43642,926.839439,926.831048,4.386048,922.453391,0,0,1280
1,sequential,periodic2,1,6,published_merge_deferred,10279473,7,0,1,953.502936,957.777066,957.779788,957.780769,0,0.015093,0.0263709999999,0.049933,220500,0,0,475361536,0,0,0,542673664,953.486095,957.789123,957.780769,4.286187,953.502936,0,0,1280
1,sequential,size_tiered,1,0,published,9461367,1,0,0,984.783436,1071.623181,1071.624346,1071.625022,0,33.311474,40.061429,9.241282,397377414,0,0,441000192,0,0,0,508312320,0,1071.625022,1071.625022,86.841586,984.783436,0,0,1280
1,sequential,size_tiered,1,1,published,9466817,2,0,0,1094.720658,1098.830404,1098.831864,1098.832446,0,0.015879,0.023584,0.0498029999999,228900,0,0,441229312,0,0,0,508541440,1094.705788,1098.839704,1098.832446,4.119046,1094.720658,0,0,1280
1,sequential,size_tiered,1,2,published,10232664,2,1,0,1122.167654,1165.848493,1165.85015,1165.85079,21.968616,5.413988,6.385519,1.590282,64560048,64788948,0,473394688,229120,0,229120,540935936,1122.152157,1165.860252,1165.860087,43.692598,1122.167654,0,229120,1280
1,sequential,size_tiered,1,3,published,10234444,3,0,0,1192.023503,1195.926691,1195.928392,1195.929061,0,0.00511499999993,0.00777300000027,0.0376120000001,74760,0,0,473469696,0,0,0,540781824,1192.008318,1195.936836,1195.929061,3.913333,1192.023503,0,0,1280
1,sequential,size_tiered,1,4,published,10269993,3,1,0,1222.084989,1231.560569,1231.562398,1231.563133,1.011854,0.24205,0.287127,0.215959,3060876,3135636,0,474962688,75008,0,75008,542349824,1222.067951,1231.57208,1231.571864,9.487091,1222.084989,0,75008,1280
1,sequential,size_tiered,1,5,published,10274223,4,0,0,1257.93486,1261.841878,1261.843832,1261.844958,0,0.0124169999999,0.0194030000002,0.0475650000001,177660,0,0,475140352,0,0,0,542452480,1257.918154,1261.852224,1261.844958,3.917364,1257.93486,0,0,1280
1,sequential,size_tiered,1,6,published,10279473,4,1,0,1288.34585,1296.475914,1296.477848,1296.479331,0.24336,0.0432039999998,0.0656429999999,0.104703,618660,796320,0,475361024,177664,0,177664,542850816,1288.329957,1296.488609,1296.488403,8.142759,1288.34585,0,177664,1280
1,sequential,compact,1,0,published,9461367,1,0,0,1324.787325,1411.72818,1411.729534,1411.730208,0,33.389742,40.014223,9.2553,397377414,0,0,441000192,0,0,0,508312320,0,1411.730208,1411.730208,86.942883,1324.787325,0,0,1280
1,sequential,compact,1,1,published_merge_deferred,9466817,2,0,1,1434.960744,1439.583811,1439.585132,1439.585804,0,0.015596,0.0203120000001,0.0532309999999,228900,0,0,441229312,0,0,0,508541440,1434.943055,1439.593953,1439.585804,4.633209,1434.960744,0,0,1280
1,sequential,compact,1,2,published_merge_deferred,10232664,3,0,1,1462.296887,1473.865803,1473.867529,1473.868706,0,2.091129,2.612483,0.731763,32165574,0,0,473394944,0,0,0,540707072,1462.283814,1473.936311,1473.868706,11.639424,1462.296887,0,0,1280
1,sequential,compact,1,3,published_merge_deferred,10234444,4,0,1,1499.107004,1502.904447,1502.906304,1502.907013,0,0.00313400000005,0.00572700000021,0.0374650000001,74760,0,0,473469952,0,0,0,540782080,1499.09251,1502.915291,1502.907013,3.808287,1499.107004,0,0,1280
1,sequential,compact,1,4,published_merge_deferred,10269993,5,0,1,1528.352614,1532.181871,1532.184041,1532.18479,0,0.090598,0.108266,0.0911450000001,1493058,0,0,474963200,0,0,0,542275328,1528.338943,1532.191644,1532.18479,3.83903,1528.352614,0,0,1280
1,sequential,compact,1,5,published_merge_deferred,10274223,6,0,1,1558.564938,1566.113748,1566.116003,1566.116736,0,0.00888299999997,0.016212,0.044627,177660,0,0,475140864,0,0,0,542452992,1557.505576,1567.187652,1566.116736,8.622714,1558.564938,0,0,1280
1,sequential,compact,1,6,published_merge_deferred,10279473,7,0,1,1592.784607,1596.217979,1596.220654,1596.221573,0,0.0105860000001,0.0193070000003,0.0459020000001,220500,0,0,475361536,0,0,0,542673664,1592.76899,1596.227937,1596.221573,3.44333,1592.784607,0,0,1280
1,sequential,all_delta,1,0,published,9461367,1,0,0,1622.125177,1694.567853,1694.568891,1694.569448,0,25.911197,34.514178,8.680027,397377414,0,0,441000192,0,0,0,508312320,0,1694.569448,1694.569448,72.444271,1622.125177,0,0,1280
1,sequential,all_delta,1,1,published,9466817,2,0,0,1717.008812,1720.313927,1720.315054,1720.315558,0,0.011244,0.0169340000002,0.0453849999999,228900,0,0,441229312,0,0,0,508541440,1716.997179,1720.322495,1720.315558,3.313683,1717.008812,0,0,1280
1,sequential,all_delta,1,2,published,10232664,3,0,0,1742.936917,1751.62967,1751.631352,1751.631926,0,2.089902,2.61008,0.730075,32165574,0,0,473394944,0,0,0,540707072,1742.924259,1751.63813,1751.631926,8.701213,1742.936917,0,0,1280
1,sequential,all_delta,1,3,published,10234444,4,0,0,1776.993412,1780.183141,1780.18455,1780.185147,0,0.00314800000001,0.00519000000008,0.0381489999997,74760,0,0,473469952,0,0,0,540782080,1776.979468,1780.191253,1780.185147,3.197841,1776.993412,0,0,1280
1,sequential,all_delta,1,4,published,10269993,5,0,0,1805.511833,1808.99181,1808.9934,1808.994025,0,0.090555,0.109617,0.0877780000001,1493058,0,0,474963200,0,0,0,542275328,1805.498864,1809.000527,1808.994025,3.488694,1805.511833,0,0,1280
1,sequential,all_delta,1,5,published,10274223,6,0,0,1834.530226,1837.794515,1837.796789,1837.797613,0,0.00873700000011,0.0122440000002,0.04331,177660,0,0,475140864,0,0,0,542452992,1834.517907,1837.80405,1837.797613,3.273824,1834.530226,0,0,1280
1,sequential,all_delta,1,6,published,10279473,7,0,0,1863.589465,1866.840494,1866.842805,1866.843621,0,0.010528,0.017689,0.0448900000001,220500,0,0,475361536,0,0,0,542673664,1863.577074,1866.849807,1866.843621,3.260342,1863.589465,0,0,1280
1,sequential,periodic2,8,0,published,9461367,1,0,0,1892.83184,1965.016324,1965.017448,1965.01803,0,25.87973,34.468223,8.615165,397377414,0,0,441000192,0,0,0,508312320,0,1965.01803,1965.01803,72.18619,1892.83184,0,0,1280
1,sequential,periodic2,8,1,published,9466817,2,0,0,1981.166235,1984.425923,1984.427249,1984.427691,0,0.0111489999999,0.0167709999998,0.045202,228900,0,0,441229312,0,0,0,508541440,1981.148131,1984.43358,1984.427691,3.267345,1981.166235,0,0,1280
1,sequential,periodic2,8,2,published_merge_deferred,10232664,3,0,1,2000.60452,2009.243523,2009.244993,2009.245421,0,2.085382,2.613348,0.730283,32165574,0,0,473394944,0,0,0,540707072,2000.587848,2009.251779,2009.245421,8.647259,2000.60452,0,0,1280
1,sequential,periodic2,8,3,published,10234444,4,0,0,2031.149797,2034.48571,2034.48705,2034.487797,0,0.003737,0.022647,0.043265,74760,0,0,473469952,0,0,0,540782080,2031.113386,2034.494464,2034.487797,3.344667,2031.149797,0,0,1280
1,sequential,periodic2,8,4,published_merge_deferred,10269993,5,0,1,2053.745995,2057.255353,2057.257448,2057.25824,0,0.105282,0.105299,0.0902120000001,1493058,0,0,474963200,0,0,0,542275328,2053.729318,2057.264251,2057.25824,3.518256,2053.745995,0,0,1280
1,sequential,periodic2,8,5,published,10274223,6,0,0,2076.53837,2079.865912,2079.868109,2079.868834,0,0.0104890000002,0.0237669999997,0.0438569999992,177660,0,0,475140864,0,0,0,542452992,2076.52148,2079.875108,2079.868834,3.336738,2076.53837,0,0,1280
1,sequential,periodic2,8,6,published_merge_deferred,10279473,7,0,1,2099.156681,2103.507092,2103.509345,2103.510223,0,0.013954,0.0289600000001,0.0452189999996,220500,0,0,475361536,0,0,0,542673664,2099.138565,2103.516469,2103.510223,4.359788,2099.156681,0,0,1280
1,sequential,size_tiered,8,0,published,9461367,1,0,0,2123.333724,2261.624344,2261.625455,2261.626121,0,29.555201,96.853309,8.546777,397377414,0,0,441000192,0,0,0,508312320,0,2261.626121,2261.626121,138.292397,2123.333724,0,0,1280
1,sequential,size_tiered,8,1,published,9466817,2,0,0,2277.820979,2281.236264,2281.237403,2281.237939,0,0.0144959999998,0.028816,0.0447630000003,228900,0,0,441229312,0,0,0,508541440,2277.803082,2281.244301,2281.237939,3.423322,2277.820979,0,0,1280
1,sequential,size_tiered,8,2,published,10232664,2,1,0,2297.441349,2331.353247,2331.354594,2331.355072,16.271408,4.222283,5.151161,1.459121,64560048,64788948,0,473394688,229120,0,229120,540935936,2297.424802,2331.36249,2331.362364,33.921141,2297.441349,0,229120,1280
1,sequential,size_tiered,8,3,published,10234444,3,0,0,2350.353539,2353.470587,2353.47203,2353.472518,0,0.00338999999985,0.00583700000016,0.0379279999997,74760,0,0,473469696,0,0,0,540781824,2350.335831,2353.478653,2353.472518,3.125114,2350.353539,0,0,1280
1,sequential,size_tiered,8,4,published,10269993,3,1,0,2372.534343,2380.099781,2380.10127,2380.101838,0.83941,0.186092,0.242595000001,0.179117,3060876,3135636,0,474962688,75008,0,75008,542349824,2372.516859,2380.109318,2380.109083,7.574975,2372.534343,0,75008,1280
1,sequential,size_tiered,8,5,published,10274223,4,0,0,2399.217458,2402.306949,2402.308482,2402.309069,0,0.00838799999974,0.0132149999999,0.0417690000004,177660,0,0,475140352,0,0,0,542452480,2399.201065,2402.315013,2402.309069,3.097555,2399.217458,0,0,1280
1,sequential,size_tiered,8,6,published,10279473,4,1,0,2421.529354,2427.940767,2427.942438,2427.943224,0.192306,0.0321290000002,0.057358,0.096454,618660,796320,0,475361024,177664,0,177664,542850816,2421.51243,2427.950279,2427.950143,6.420925,2421.529354,0,177664,1280
1,sequential,compact,8,0,published,9461367,1,0,0,2447.256244,2520.592689,2520.593938,2520.594446,0,25.988937,35.639162,8.59476,397377414,0,0,441000192,0,0,0,508312320,0,2520.594446,2520.594446,73.338202,2447.256244,0,0,1280
1,sequential,compact,8,1,published_merge_deferred,9466817,2,0,1,2536.701713,2539.82035,2539.821519,2539.821995,0,0.0111830000001,0.0174979999997,0.0671849999999,228900,0,0,441229312,0,0,0,508541440,2536.681508,2539.828453,2539.821995,3.12674,2536.701713,0,0,1280
1,sequential,compact,8,2,published_merge_deferred,10232664,3,0,1,2556.026577,2564.548829,2564.550196,2564.550799,0,2.086109,2.620531,0.730852000001,32165574,0,0,473394944,0,0,0,540707072,2556.009902,2564.556761,2564.550799,8.530184,2556.026577,0,0,1280
1,sequential,compact,8,3,published_merge_deferred,10234444,4,0,1,2583.623559,2587.218606,2587.219984,2587.221018,0,0.00289599999996,0.0051169999997,0.0429990000002,74760,0,0,473469952,0,0,0,540782080,2583.599167,2587.227466,2587.221018,3.603907,2583.623559,0,0,1280
1,sequential,compact,8,4,published_merge_deferred,10269993,5,0,1,2606.431742,2609.796168,2609.798082,2609.798909,0,0.0906129999998,0.110714,0.0881399999998,1493058,0,0,474963200,0,0,0,542275328,2606.414732,2609.805248,2609.798909,3.373506,2606.431742,0,0,1280
1,sequential,compact,8,5,published_merge_deferred,10274223,6,0,1,2629.088272,2632.173986,2632.175892,2632.176699,0,0.00845200000003,0.0125099999996,0.0424170000001,177660,0,0,475140864,0,0,0,542452992,2629.071229,2632.183012,2632.176699,3.09474,2629.088272,0,0,1280
1,sequential,compact,8,6,published_merge_deferred,10279473,7,0,1,2651.443326,2654.640728,2654.642781,2654.643566,0,0.0120389999997,0.0195259999996,0.0445670000004,220500,0,0,475361536,0,0,0,542673664,2651.426657,2654.649749,2654.643566,3.206423,2651.443326,0,0,1280
1,sequential,all_delta,8,0,published,9461367,1,0,0,2673.997902,2747.151291,2747.152512,2747.152981,0,25.885449,35.572495,8.590518,397377414,0,0,441000192,0,0,0,508312320,0,2747.152981,2747.152981,73.155079,2673.997902,0,0,1280
1,sequential,all_delta,8,1,published,9466817,2,0,0,2763.284279,2766.462015,2766.46324,2766.463715,0,0.011454,0.0187999999994,0.0450539999997,228900,0,0,441229312,0,0,0,508541440,2763.268029,2766.4697,2766.463715,3.185421,2763.284279,0,0,1280
1,sequential,all_delta,8,2,published,10232664,3,0,0,2782.680064,2793.338411,2793.340006,2793.340687,0,2.089731,2.981054,0.725391,32165574,0,0,473394944,0,0,0,540707072,2782.650186,2793.352878,2793.340687,10.672814,2782.680064,0,0,1280
1,sequential,all_delta,8,3,published,10234444,4,0,0,2812.409409,2815.919029,2815.920702,2815.921347,0,0.00287400000025,0.00571599999967,0.038114,74760,0,0,473469952,0,0,0,540782080,2812.390251,2815.927403,2815.921347,3.517994,2812.409409,0,0,1280
1,sequential,all_delta,8,4,published,10269993,5,0,0,2835.117142,2839.303454,2839.305064,2839.305879,0,0.0907769999999,0.115588,0.0887860000003,1493058,0,0,474963200,0,0,0,542275328,2835.072887,2839.313287,2839.305879,4.196145,2835.117142,0,0,1280
1,sequential,all_delta,8,5,published,10274223,6,0,0,2859.434135,2866.786881,2866.788654,2866.790091,0,0.00903500000004,0.0136259999999,0.0468339999998,177660,0,0,475140864,0,0,0,542452992,2858.514515,2867.466626,2866.790091,8.032491,2859.434135,0,0,1280
1,sequential,all_delta,8,6,published,10279473,7,0,0,2887.310367,2890.385631,2890.388114,2890.388976,0,0.0110689999997,0.0196690000007,0.0450430000001,220500,0,0,475361536,0,0,0,542673664,2886.751591,2890.395196,2890.388976,3.084829,2887.310367,0,0,1280
1,sequential,periodic2,64,0,published,9461367,1,0,0,2909.735523,2983.247868,2983.249017,2983.249526,0,25.955528,35.721233,8.642342,397377414,0,0,441000192,0,0,0,508312320,0,2983.249526,2983.249526,73.514003,2909.735523,0,0,1280
1,sequential,periodic2,64,1,published,9466817,2,0,0,2998.629748,3001.703379,3001.704841,3001.705302,0,0.0112010000003,0.0181539999999,0.0458899999999,228900,0,0,441229312,0,0,0,508541440,2998.592566,3001.711876,3001.705302,3.082128,2998.629748,0,0,1280
1,sequential,periodic2,64,2,published_merge_deferred,10232664,3,0,1,3017.19744,3025.819751,3025.821035,3025.821544,0,2.103991,2.680591,0.728198,32165574,0,0,473394944,0,0,0,540707072,3017.160267,3025.827359,3025.821544,8.629919,3017.19744,0,0,1280
1,sequential,periodic2,64,3,published,10234444,4,0,0,3044.127176,3047.157345,3047.158729,3047.159268,0,0.00291800000014,0.00557600000002,0.0372689999999,74760,0,0,473469952,0,0,0,540782080,3044.088567,3047.165205,3047.159268,3.038029,3044.127176,0,0,1280
1,sequential,periodic2,64,4,published_merge_deferred,10269993,5,0,1,3065.613892,3068.98801,3068.98957,3068.990523,0,0.090357,0.117436,0.0869150000003,1493058,0,0,474963200,0,0,0,542275328,3065.574362,3068.99684,3068.990523,3.382948,3065.613892,0,0,1280
1,sequential,periodic2,64,5,published,10274223,6,0,0,3087.453502,3090.516169,3090.517813,3090.518544,0,0.00894999999991,0.0134560000006,0.04196,177660,0,0,475140864,0,0,0,542452992,3087.412944,3090.52438,3090.518544,3.070878,3087.453502,0,0,1280
1,sequential,periodic2,64,6,published_merge_deferred,10279473,7,0,1,3109.057399,3112.17757,3112.179417,3112.180053,0,0.010839,0.019644,0.0441370000003,220500,0,0,475361536,0,0,0,542673664,3109.017306,3112.186324,3112.180053,3.128925,3109.057399,0,0,1280
1,sequential,size_tiered,64,0,published,9461367,1,0,0,3132.721462,3245.904338,3245.905462,3245.905988,0,25.885351,75.747754,8.486675,397377414,0,0,441000192,0,0,0,508312320,0,3245.905988,3245.905988,113.184526,3132.721462,0,0,1280
1,sequential,size_tiered,64,1,published,9466817,2,0,0,3261.286298,3264.471278,3264.47256,3264.47296,0,0.0108829999999,0.0666419999998,0.0446469999997,228900,0,0,441229312,0,0,0,508541440,3261.249308,3264.478906,3264.47296,3.192608,3261.286298,0,0,1280
1,sequential,size_tiered,64,2,published,10232664,2,1,0,3279.937293,3311.182342,3311.183779,3311.184388,5.503425,4.478747,13.350665,1.440976,64560048,64788948,0,473394688,229120,0,229120,540935936,3279.899716,3311.191797,3311.191568,31.254504,3279.937293,0,229120,1280
1,sequential,size_tiered,64,3,published,10234444,3,0,0,3329.41727,3332.45768,3332.459118,3332.459733,0,0.0034999999998,0.00560099999984,0.0381910000001,74760,0,0,473469696,0,0,0,540781824,3329.379335,3332.465589,3332.459733,3.048319,3329.41727,0,0,1280
1,sequential,size_tiered,64,4,published,10269993,3,1,0,3350.724263,3358.063626,3358.065368,3358.065975,0.252775,0.185251,0.62859,0.174358,3060876,3135636,0,474962688,75008,0,75008,542349824,3350.684485,3358.07326,3358.073098,7.348997,3350.724263,0,75008,1280
1,sequential,size_tiered,64,5,published,10274223,4,0,0,3376.455196,3379.640543,3379.642196,3379.642844,0,0.00902500000029,0.0537749999999,0.0424170000001,177660,0,0,475140352,0,0,0,542452480,3376.414515,3379.648668,3379.642844,3.193472,3376.455196,0,0,1280
1,sequential,size_tiered,64,6,published,10279473,4,1,0,3398.102168,3404.429481,3404.430989,3404.431718,0.0557470000003,0.0333019999998,0.106267,0.0950470000002,618660,796320,0,475361024,177664,0,177664,542850816,3398.061935,3404.439046,3404.438806,6.336878,3398.102168,0,177664,1280
1,sequential,compact,64,0,published,9461367,1,0,0,3422.90849,3496.420136,3496.421116,3496.421734,0,25.90041,35.77469,8.534738,397377414,0,0,441000192,0,0,0,508312320,0,3496.421734,3496.421734,73.513244,3422.90849,0,0,1280
1,sequential,compact,64,1,published_merge_deferred,9466817,2,0,1,3511.794422,3515.798268,3515.799364,3515.799839,0,0.011211,0.0173950000003,0.0449460000004,228900,0,0,441229312,0,0,0,508541440,3511.755608,3515.810025,3515.799839,4.015603,3511.794422,0,0,1280
1,sequential,compact,64,2,published_merge_deferred,10232664,3,0,1,3531.38585,3540.437595,3540.439024,3540.439542,0,2.105927,2.6699,0.731103000001,32165574,0,0,473394944,0,0,0,540707072,3531.238516,3540.446391,3540.439542,9.060541,3531.38585,0,0,1280
1,sequential,compact,64,3,published_merge_deferred,10234444,4,0,1,3559.48051,3566.328501,3566.329903,3566.330452,0,0.00309700000025,0.00563399999965,0.0397239999998,74760,0,0,473469952,0,0,0,540782080,3558.694703,3566.404586,3566.330452,6.924076,3559.48051,0,0,1280
1,sequential,compact,64,4,published_merge_deferred,10269993,5,0,1,3584.790662,3588.413438,3588.414992,3588.415784,0,0.090721,0.11149,0.0884380000002,1493058,0,0,474963200,0,0,0,542275328,3584.748202,3588.422274,3588.415784,3.631612,3584.790662,0,0,1280
1,sequential,compact,64,5,published_merge_deferred,10274223,6,0,1,3606.862895,3609.992417,3609.993972,3609.994886,0,0.00819300000012,0.0127900000002,0.0408340000004,177660,0,0,475140864,0,0,0,542452992,3606.821479,3610.00121,3609.994886,3.138315,3606.862895,0,0,1280
1,sequential,compact,64,6,published_merge_deferred,10279473,7,0,1,3628.539456,3632.669298,3632.671161,3632.672177,0,0.0105099999996,0.0194609999999,0.0439790000005,220500,0,0,475361536,0,0,0,542673664,3628.495622,3632.685108,3632.672177,4.145652,3628.539456,0,0,1280
1,sequential,all_delta,64,0,published,9461367,1,0,0,3651.37216,3724.707245,3724.708197,3724.708602,0,25.913596,35.627598,8.631269,397377414,0,0,441000192,0,0,0,508312320,0,3724.708602,3724.708602,73.336442,3651.37216,0,0,1280
1,sequential,all_delta,64,1,published,9466817,2,0,0,3740.084488,3743.240502,3743.241755,3743.242116,0,0.011751,0.0177249999992,0.0465640000002,228900,0,0,441229312,0,0,0,508541440,3740.046322,3743.248171,3743.242116,3.163683,3740.084488,0,0,1280
1,sequential,all_delta,64,2,published,10232664,3,0,0,3758.702395,3767.438638,3767.439943,3767.44048,0,2.08527,2.706029,0.730466,32165574,0,0,473394944,0,0,0,540707072,3758.664579,3767.446288,3767.44048,8.743893,3758.702395,0,0,1280
1,sequential,all_delta,64,3,published,10234444,4,0,0,3785.722816,3788.765548,3788.766942,3788.767497,0,0.00342899999987,0.00546199999962,0.0376860000001,74760,0,0,473469952,0,0,0,540782080,3785.682641,3788.773401,3788.767497,3.050585,3785.722816,0,0,1280
1,sequential,all_delta,64,4,published,10269993,5,0,0,3807.173102,3810.541066,3810.542633,3810.543164,0,0.0908289999998,0.113429999999,0.0873789999996,1493058,0,0,474963200,0,0,0,542275328,3807.133603,3810.549067,3810.543164,3.375965,3807.173102,0,0,1280
1,sequential,all_delta,64,5,published,10274223,6,0,0,3829.001412,3832.050308,3832.052041,3832.052749,0,0.00885400000016,0.0130090000002,0.045462,177660,0,0,475140864,0,0,0,542452992,3828.960356,3832.059099,3832.052749,3.057687,3829.001412,0,0,1280
1,sequential,all_delta,64,6,published,10279473,7,0,0,3850.618893,3853.733329,3853.735283,3853.735887,0,0.0111489999999,0.0187410000003,0.044128,220500,0,0,475361536,0,0,0,542673664,3850.577682,3853.742171,3853.735887,3.123278,3850.618893,0,0,1280
1,sequential,periodic2,1,0,published,9461367,1,0,0,599.990618,675.960669,675.962252,675.963167,0,25.954402,37.337017,8.650849,397377414,0,0,441000192,0,0,0,508312320,0,675.963167,675.963167,75.972549,599.990618,0,0,2048
1,sequential,periodic2,1,1,published,9466817,2,0,0,698.68822,702.029804,702.031686,702.032549,0,0.011528,0.0246109999999,0.04792,228900,0,0,441229312,0,0,0,508541440,698.673898,702.038843,702.032549,3.350623,698.68822,0,0,2048
1,sequential,periodic2,1,2,published,10232664,1,1,0,724.648096,1079.333979,1079.335404,1079.336144,259.833218,30.106142,46.856776,10.031769,461937462,859543776,0,441000192,441229312,0,441229312,949541632,724.633238,1079.345089,1079.344926,354.696993,724.648096,0,441229312,2048
1,sequential,periodic2,1,3,published,10234444,2,0,0,1104.736536,1107.864302,1107.865797,1107.866577,0,0.00407399999995,0.00820500000032,0.0435629999999,74760,0,0,441075200,0,0,0,508387328,1104.722545,1107.872437,1107.866577,3.135901,1104.736536,0,0,2048
1,sequential,periodic2,1,4,published,10269993,1,1,0,1133.423637,1488.831386,1488.832714,1488.833931,265.911423,28.245611,44.468497,9.486264,432832764,862679412,0,441000192,441075200,0,441075200,949387520,1133.405847,1503.939945,1503.939625,370.516308,1133.423637,0,441075200,2048
1,sequential,periodic2,1,5,published,10274223,2,0,0,1529.45179,1532.722895,1532.724543,1532.725408,0,0.00880200000006,0.0196030000002,0.0438879999999,177660,0,0,441177856,0,0,0,508489984,1529.424388,1532.732212,1532.725408,3.280422,1529.45179,0,0,2048
1,sequential,periodic2,1,6,published,10279473,1,1,0,1558.317631,1908.793601,1908.795437,1908.796388,262.468609,28.178031,43.941735,9.396473,431958366,863475732,0,441000192,441177856,0,441177856,949490176,1558.301196,1922.924919,1922.924785,364.607288,1558.317631,0,441177856,2048
1,sequential,size_tiered,1,0,published,9461367,1,0,0,1965.378725,2082.705088,2082.706327,2082.707942,0,25.952795,79.432526,8.633691,397377414,0,0,441000192,0,0,0,508312320,0,2082.707942,2082.707942,117.329217,1965.378725,0,0,2048
1,sequential,size_tiered,1,1,published,9466817,2,0,0,2106.113183,2109.395045,2109.396298,2109.396911,0,0.014905,0.0376059999999,0.0491490000004,228900,0,0,441229312,0,0,0,508541440,2105.202027,2109.402873,2109.396911,3.28969,2106.113183,0,0,2048
1,sequential,size_tiered,1,2,published,10232664,2,1,0,2132.081504,2171.868378,2171.8697,2171.870367,19.692207,4.221251,6.127605,1.466773,64560048,64788948,0,473394688,229120,0,229120,540935936,2132.066724,2172.542307,2172.542091,40.460803,2132.081504,0,229120,2048
1,sequential,size_tiered,1,3,published,10234444,3,0,0,2198.016273,2201.939335,2201.940794,2201.941836,0,0.00473000000011,0.0282510000002,0.0406179999995,74760,0,0,473469696,0,0,0,540781824,2198.000018,2201.954266,2201.941836,3.937993,2198.016273,0,0,2048
1,sequential,size_tiered,1,4,published,10269993,3,1,0,2227.420672,2236.287003,2236.288537,2236.289248,0.852523,0.201839,0.273093,0.18009,3060876,3135636,0,474962688,75008,0,75008,542349824,2227.4011,2236.301287,2236.301107,8.880615,2227.420672,0,75008,2048
1,sequential,size_tiered,1,5,published,10274223,4,0,0,2261.832757,2269.432023,2269.435079,2269.436071,0,0.010882,0.0464280000001,0.0703909999997,177660,0,0,475140352,0,0,0,542452480,2261.809502,2269.979109,2269.436071,8.146352,2261.832757,0,0,2048
1,sequential,size_tiered,1,6,published,10279473,4,1,0,2296.628338,2306.686072,2306.688338,2306.689164,0.248648,0.0475659999997,0.0890600000002,0.122838999999,618660,796320,0,475361024,177664,0,177664,542850816,2296.609171,2306.698924,2306.698702,10.070586,2296.628338,0,177664,2048
1,sequential,compact,1,0,published,9461367,1,0,0,2334.943975,2457.351908,2457.352974,2457.353546,0,33.36459,75.701643,9.146191,397377414,0,0,441000192,0,0,0,508312320,0,2457.353546,2457.353546,122.409571,2334.943975,0,0,2048
1,sequential,compact,1,1,published,9466817,1,1,0,2480.560139,2847.203638,2847.205199,2847.20588,271.914241,33.399424,43.692779,9.192555,397835214,795212628,0,441000192,441000192,0,441000192,949312512,2480.543072,2847.387179,2847.386926,366.82704,2480.560139,0,441000192,2048
1,sequential,compact,1,2,published,10232664,1,1,0,2871.43968,3302.570149,3302.573913,3302.574698,319.041654,38.761557,51.358394,10.762267,461937462,859543776,0,441000192,441000192,0,441000192,949312512,2870.510883,3319.214145,3302.583969,447.774465,2871.43968,0,441000192,2048
1,sequential,compact,1,3,published,10234444,1,1,0,3345.503294,3738.867309,3738.868573,3738.869319,292.120494,36.090327,47.040986,9.91831,429921408,859693296,0,441000192,441000192,0,441000192,949312512,3345.475781,3755.93673,3738.878887,410.433436,3345.503294,0,441000192,2048
1,sequential,compact,1,4,published,10269993,1,1,0,3782.128614,4163.727144,4163.728347,4163.729048,292.604297,28.20086,43.455508,9.413822,432832764,862679412,0,441000192,441000192,0,441000192,949312512,3782.105214,4177.64115,4163.73687,395.512536,3782.128614,0,441000192,2048
1,sequential,compact,1,5,published,10274223,1,1,0,4203.055032,4581.873976,4581.875351,4581.875974,277.070484,36.19839,47.318305,10.077926,431695026,863034732,0,441000192,441000192,0,441000192,949312512,4203.032412,4599.372395,4581.886245,396.317363,4203.055032,0,441000192,2048
1,sequential,compact,1,6,published,10279473,1,1,0,4625.941315,5010.417527,5010.41892,5010.419605,293.380136,30.991437,42.92799,9.386145,431958366,863475732,0,441000192,441000192,0,441000192,949312512,4625.909639,5024.355261,5010.427784,398.413946,4625.941315,0,441000192,2048
1,sequential,all_delta,1,0,published,9461367,1,0,0,5069.127945,5186.685558,5186.686618,5186.687258,0,25.937281,79.341965,8.556597,397377414,0,0,441000192,0,0,0,508312320,0,5186.687258,5186.687258,117.559313,5069.127945,0,0,2048
1,sequential,all_delta,1,1,published,9466817,2,0,0,5209.249737,5212.652984,5212.654028,5212.65463,0,0.0113260000007,0.0751620000001,0.0460099999991,228900,0,0,441229312,0,0,0,508541440,5209.23509,5212.660816,5212.65463,3.411079,5209.249737,0,0,2048
1,sequential,all_delta,1,2,published,10232664,3,0,0,5235.266536,5244.489892,5244.491328,5244.492337,0,2.085283,3.166127,0.733598000001,32165574,0,0,473394944,0,0,0,540707072,5235.253871,5244.498875,5244.492337,9.232339,5235.266536,0,0,2048
1,sequential,all_delta,1,3,published,10234444,4,0,0,5269.837207,5273.301051,5273.302742,5273.303356,0,0.00335600000017,0.00730900000053,0.0410579999998,74760,0,0,473469952,0,0,0,540782080,5269.82512,5273.310687,5273.303356,3.47348,5269.837207,0,0,2048
1,sequential,all_delta,1,4,published,10269993,5,0,0,5298.713293,5302.357277,5302.359107,5302.36046,0,0.0911139999998,0.142614,0.087184,1493058,0,0,474963200,0,0,0,542275328,5298.699881,5302.367071,5302.36046,3.653778,5298.713293,0,0,2048
1,sequential,all_delta,1,5,published,10274223,6,0,0,5327.898748,5331.197897,5331.20025,5331.201118,0,0.0084880000004,0.0171850000006,0.0437000000011,177660,0,0,475140864,0,0,0,542452992,5327.886978,5331.207298,5331.201118,3.30855,5327.898748,0,0,2048
1,sequential,all_delta,1,6,published,10279473,7,0,0,5356.875258,5360.111954,5360.113845,5360.114798,0,0.0104349999992,0.0201419999994,0.0392679999995,220500,0,0,475361536,0,0,0,542673664,5356.857994,5360.121337,5360.114798,3.246079,5356.875258,0,0,2048
1,sequential,periodic2,8,0,published,9461367,1,0,0,5386.113478,5530.02697,5530.02804,5530.028586,0,29.491906,102.594373,8.566836,397377414,0,0,441000192,0,0,0,508312320,0,5530.028586,5530.028586,143.915108,5386.113478,0,0,2048
1,sequential,periodic2,8,1,published,9466817,2,0,0,5546.171503,5549.483294,5549.484477,5549.484979,0,0.0119210000003,0.0202390000004,0.045196,228900,0,0,441229312,0,0,0,508541440,5546.154195,5549.491387,5549.484979,3.319884,5546.171503,0,0,2048
1,sequential,periodic2,8,2,published,10232664,1,1,0,5565.646256,5909.191783,5909.193384,5909.194092,250.517585,30.119722,45.304324,10.100788,461937462,859543776,0,441000192,441229312,0,441229312,949541632,5565.627546,5909.203456,5909.203256,343.5572,5565.646256,0,441229312,2048
1,sequential,periodic2,8,3,published,10234444,2,0,0,5928.161406,5931.366201,5931.367284,5931.367767,0,0.00297499999942,0.00762599999962,0.0403860000006,74760,0,0,441075200,0,0,0,508387328,5928.141714,5931.373679,5931.367767,3.212273,5928.161406,0,0,2048
1,sequential,periodic2,8,4,published,10269993,1,1,0,5950.288904,6298.162266,6298.163487,6298.164141,260.337732,28.26175,42.480742,9.490332,432832764,862679412,0,441000192,441075200,0,441075200,949387520,5950.271817,6312.220615,6312.220307,361.931711,5950.288904,0,441075200,2048
1,sequential,periodic2,8,5,published,10274223,2,0,0,6331.591127,6337.50439,6337.505506,6337.506091,0,0.00936300000012,0.0172490000004,0.0434609999993,177660,0,0,441177856,0,0,0,508489984,6331.107444,6337.512106,6337.506091,5.920979,6331.591127,0,0,2048
1,sequential,periodic2,8,6,published,10279473,1,1,0,6356.534228,6700.912258,6700.91354,6700.914157,257.636533,28.139185,42.043912,9.400433,431958366,863475732,0,441000192,441177856,0,441177856,949490176,6356.515032,6714.171506,6714.171087,357.637278,6356.534228,0,441177856,2048
1,sequential,size_tiered,8,0,published,9461367,1,0,0,6750.711384,6824.146628,6824.147754,6824.14835,0,25.967048,35.375471,8.645497,397377414,0,0,441000192,0,0,0,508312320,0,6824.14835,6824.14835,73.436966,6750.711384,0,0,2048
1,sequential,size_tiered,8,1,published,9466817,2,0,0,6840.298866,6843.586773,6843.588061,6843.588612,0,0.011399,0.0224140000009,0.0475390000011,228900,0,0,441229312,0,0,0,508541440,6840.280874,6843.595239,6843.588612,3.296373,6840.298866,0,0,2048
1,sequential,size_tiered,8,2,published,10232664,2,1,0,6859.802491,6897.349178,6897.350466,6897.351143,18.98004,4.212882,5.807005,1.473583,64560048,64788948,0,473394688,229120,0,229120,540935936,6859.784936,6897.358676,6897.358501,37.556185,6859.802491,0,229120,2048
1,sequential,size_tiered,8,3,published,10234444,3,0,0,6916.370761,6919.535412,6919.536905,6919.537519,0,0.00327500000003,0.00795199999993,0.0381180000004,74760,0,0,473469696,0,0,0,540781824,6916.353834,6919.543631,6919.537519,3.17287,6916.370761,0,0,2048
1,sequential,size_tiered,8,4,published,10269993,3,1,0,6938.583812,6946.517296,6946.518799,6946.519565,0.860698,0.18653,0.280018,0.180090000001,3060876,3135636,0,474962688,75008,0,75008,542349824,6938.565272,6946.527145,6946.527007,7.943333,6938.583812,0,75008,2048
1,sequential,size_tiered,8,5,published,10274223,4,0,0,6965.652199,6968.859489,6968.861285,6968.86229,0,0.00849300000027,0.0181240000002,0.0550549999989,177660,0,0,475140352,0,0,0,542452480,6965.633839,6968.868682,6968.86229,3.216483,6965.652199,0,0,2048
1,sequential,size_tiered,8,6,published,10279473,4,1,0,6988.076486,6994.837473,6994.839046,6994.840195,0.195683,0.0314339999995,0.0603789999996,0.106779,618660,796320,0,475361024,177664,0,177664,542850816,6988.05737,6994.848072,6994.84769,6.771586,6988.076486,0,177664,2048
1,sequential,compact,8,0,published,9461367,1,0,0,7014.118308,7088.287835,7088.288751,7088.289402,0,25.942791,36.430246,8.618257,397377414,0,0,441000192,0,0,0,508312320,0,7088.289402,7088.289402,74.171094,7014.118308,0,0,2048
1,sequential,compact,8,1,published,9466817,1,1,0,7104.644687,7445.206693,7445.209974,7445.210708,259.986568,25.927599,38.684693,8.638346,397835214,795212628,0,441000192,441000192,0,441000192,949312512,7104.417956,7445.218527,7445.218387,340.57384,7104.644687,0,441000192,2048
1,sequential,compact,8,2,published,10232664,1,1,0,7461.418288,7818.329851,7818.331141,7818.331735,255.32125,30.48505,54.303341,10.00938,461937462,859543776,0,441000192,441000192,0,441000192,949312512,7461.399069,7831.104299,7818.339558,369.686011,7461.418288,0,441000192,2048
1,sequential,compact,8,3,published,10234444,1,1,0,7850.055388,8193.650966,8193.652191,8193.652807,257.46045,27.99372,42.21618,9.38775,429921408,859693296,0,441000192,441000192,0,441000192,949312512,7850.028364,8207.786835,8193.660786,357.731447,7850.055388,0,441000192,2048
1,sequential,compact,8,4,published,10269993,1,1,0,8226.653408,8602.140876,8602.142319,8602.14286,286.279584,28.270272,44.22573,9.475998,432832764,862679412,0,441000192,441000192,0,441000192,949312512,8226.62908,8616.624316,8602.150993,389.970908,8226.653408,0,441000192,2048
1,sequential,compact,8,5,published,10274223,1,1,0,8635.591943,8973.686599,8973.687813,8973.688306,251.058136,28.109225,42.943277,9.410836,431695026,863034732,0,441000192,441000192,0,441000192,949312512,8635.562251,8987.61513,8973.696502,352.023187,8635.591943,0,441000192,2048
1,sequential,compact,8,6,published,10279473,1,1,0,9007.238373,9348.112204,9348.113303,9348.113995,253.123796,28.134353,43.515295,9.47238500001,431958366,863475732,0,441000192,441000192,0,441000192,949312512,9006.630659,9362.374868,9348.121906,355.136495,9007.238373,0,441000192,2048
1,sequential,all_delta,8,0,published,9461367,1,0,0,9400.559335,9474.618144,9474.619168,9474.619826,0,25.919209,35.394575,8.777328,397377414,0,0,441000192,0,0,0,508312320,0,9474.619826,9474.619826,74.060491,9400.559335,0,0,2048
1,sequential,all_delta,8,1,published,9466817,2,0,0,9490.765195,9494.220491,9494.221647,9494.222302,0,0.0112229999995,0.0225840000003,0.0466130000004,228900,0,0,441229312,0,0,0,508541440,9490.747575,9494.228516,9494.222302,3.463321,9490.765195,0,0,2048
1,sequential,all_delta,8,2,published,10232664,3,0,0,9510.43953,9519.737691,9519.739073,9519.739847,0,2.089747,3.127786,0.743763999999,32165574,0,0,473394944,0,0,0,540707072,9510.421453,9519.746074,9519.739847,9.306544,9510.43953,0,0,2048
1,sequential,all_delta,8,3,published,10234444,4,0,0,9538.835133,9542.041133,9542.042566,9542.043285,0,0.00346999999965,0.00731099999939,0.0389480000013,74760,0,0,473469952,0,0,0,540782080,9538.819024,9542.049309,9542.043285,3.214176,9538.835133,0,0,2048
1,sequential,all_delta,8,4,published,10269993,5,0,0,9561.234235,9564.756539,9564.759157,9564.759945,0,0.0908410000011,0.139031000002,0.0903059999982,1493058,0,0,474963200,0,0,0,542275328,9561.215905,9564.766199,9564.759945,3.531964,9561.234235,0,0,2048
1,sequential,all_delta,8,5,published,10274223,6,0,0,9584.049725,9587.269859,9587.272381,9587.273404,0,0.00863800000116,0.0169690000002,0.0427430000018,177660,0,0,475140864,0,0,0,542452992,9584.032731,9587.27984,9587.273404,3.230115,9584.049725,0,0,2048
1,sequential,all_delta,8,6,published,10279473,7,0,0,9606.60637,9609.837731,9609.840207,9609.841305,0,0.0106300000007,0.0203200000014,0.0497379999997,220500,0,0,475361536,0,0,0,542673664,9606.588243,9609.847755,9609.841305,3.241385,9606.60637,0,0,2048
1,sequential,periodic2,64,0,published,9461367,1,0,0,9629.288042,9701.812272,9701.813222,9701.81383,0,25.951729,34.819855,8.567716,397377414,0,0,441000192,0,0,0,508312320,0,9701.81383,9701.81383,72.525788,9629.288042,0,0,2048
1,sequential,periodic2,64,1,published,9466817,2,0,0,9717.733592,9721.019553,9721.02067,9721.021333,0,0.0116129999988,0.0206249999992,0.0482520000005,228900,0,0,441229312,0,0,0,508541440,9717.169091,9721.028427,9721.021333,3.294835,9717.733592,0,0,2048
1,sequential,periodic2,64,2,published,10232664,1,1,0,9736.487631,10081.600831,10081.602352,10081.603119,250.511648,30.193815,45.997101,10.081172,461937462,859543776,0,441000192,441229312,0,441229312,949541632,9736.445805,10081.612504,10081.612368,345.124873,9736.487631,0,441229312,2048
1,sequential,periodic2,64,3,published,10234444,2,0,0,10099.729193,10102.930616,10102.93182,10102.932475,0,0.00375199999871,0.007682999998,0.0384870000016,74760,0,0,441075200,0,0,0,508387328,10099.688264,10102.939217,10102.932475,3.210024,10099.729193,0,0,2048
1,sequential,periodic2,64,4,published,10269993,1,1,0,10121.101169,10472.449515,10472.450899,10472.451504,262.081389,28.310531,43.849558,9.45591999999,432832764,862679412,0,441000192,441075200,0,441075200,949387520,10121.060267,10486.556539,10486.556129,365.45537,10121.101169,0,441075200,2048
1,sequential,periodic2,64,5,published,10274223,2,0,0,10504.778743,10508.251091,10508.252319,10508.252911,0,0.00856000000022,0.0180730000029,0.0434730000015,177660,0,0,441177856,0,0,0,508489984,10504.723639,10508.259959,10508.252911,3.481216,10504.778743,0,0,2048
1,sequential,periodic2,64,6,published,10279473,1,1,0,10527.123304,10875.133225,10875.13467,10875.135431,257.353074,28.171634,42.595941,9.409312,431958366,863475732,0,441000192,441177856,0,441177856,949490176,10526.517139,10888.477887,10888.477364,361.354583,10527.123304,0,441177856,2048
1,sequential,size_tiered,64,0,published,9461367,1,0,0,10924.871302,10997.787454,10997.788556,10997.789191,0,25.952977,34.975484,8.661628,397377414,0,0,441000192,0,0,0,508312320,0,10997.789191,10997.789191,72.917889,10924.871302,0,0,2048
1,sequential,size_tiered,64,1,published,9466817,2,0,0,11013.184391,11016.458808,11016.460004,11016.460571,0,0.0117369999989,0.0222329999997,0.046350999999,228900,0,0,441229312,0,0,0,508541440,11013.146072,11016.467192,11016.460571,3.282801,11013.184391,0,0,2048
1,sequential,size_tiered,64,2,published,10232664,2,1,0,11031.920695,11069.269275,11069.270412,11069.271069,18.65932,4.268277,5.881234,1.468205,64560048,64788948,0,473394688,229120,0,229120,540935936,11031.883357,11069.279394,11069.279233,37.358699,11031.920695,0,229120,2048
1,sequential,size_tiered,64,3,published,10234444,3,0,0,11087.549299,11090.712596,11090.71403,11090.714693,0,0.00355300000047,0.00772399999914,0.0379309999989,74760,0,0,473469696,0,0,0,540781824,11087.493843,11090.72089,11090.714693,3.171591,11087.549299,0,0,2048
1,sequential,size_tiered,64,4,published,10269993,3,1,0,11109.09894,11120.316002,11120.317522,11120.318257,0.835696,0.192664,0.283500999998,0.181560000001,3060876,3135636,0,474962688,75008,0,75008,542349824,11108.955377,11120.365114,11120.364785,11.266174,11109.09894,0,75008,2048
1,sequential,size_tiered,64,5,published,10274223,4,0,0,11139.002488,11142.195504,11142.197111,11142.19779,0,0.0116429999998,0.0189649999993,0.0384799999993,177660,0,0,475140352,0,0,0,542452480,11138.701948,11142.204789,11142.19779,3.202301,11139.002488,0,0,2048
1,sequential,size_tiered,64,6,published,10279473,4,1,0,11160.667542,11168.713291,11168.714946,11168.715683,0.187686000001,0.0321820000008,0.0590500000017,0.0992450000031,618660,796320,0,475361024,177664,0,177664,542850816,11160.621792,11168.723173,11168.722939,8.055631,11160.667542,0,177664,2048
1,sequential,compact,64,0,published,9461367,1,0,0,11187.254028,11261.562559,11261.563519,11261.564169,0,25.909151,36.603245,8.588192,397377414,0,0,441000192,0,0,0,508312320,0,11261.564169,11261.564169,74.310141,11187.254028,0,0,2048
1,sequential,compact,64,1,published,9466817,1,1,0,11276.940913,11659.14902,11659.150154,11659.150841,301.559725,25.910671,39.57786,8.686414,397835214,795212628,0,441000192,441000192,0,441000192,949312512,11276.902931,11659.158568,11659.158406,382.217655,11276.940913,0,441000192,2048
1,sequential,compact,64,2,published,10232664,1,1,0,11674.626226,12029.259851,12029.261007,12029.261599,260.91183,30.095632,46.876436,10.074802,461937462,859543776,0,441000192,441000192,0,441000192,949312512,11674.587579,12041.95668,12029.269625,367.330454,11674.626226,0,441000192,2048
1,sequential,compact,64,3,published,10234444,1,1,0,12060.123377,12413.256067,12413.257401,12413.2581,251.396153,37.054693,46.579918,10.060795,429921408,859693296,0,441000192,441000192,0,441000192,949312512,12060.07645,12433.389927,12413.268356,373.26655,12060.123377,0,441000192,2048
1,sequential,compact,64,4,published,10269993,1,1,0,12451.902681,12851.519342,12851.520651,12851.521457,295.030668,36.319858,47.224035,10.17943,432832764,862679412,0,441000192,441000192,0,441000192,949312512,12451.826865,12869.167515,12851.531008,417.264834,12451.902681,0,441000192,2048
1,sequential,compact,64,5,published,10274223,1,1,0,12887.507875,13239.568721,13239.569982,13239.570657,265.712144,28.185547,41.147488,9.366014,431695026,863034732,0,441000192,441000192,0,441000192,949312512,12887.44534,13257.040124,13239.581423,369.532249,12887.507875,0,441000192,2048
1,sequential,compact,64,6,published,10279473,1,1,0,13275.41548,13614.027861,13614.029011,13614.029697,251.894142,28.167979,41.73021,9.431607,431958366,863475732,0,441000192,441000192,0,441000192,949312512,13275.360755,13627.756118,13614.037659,352.340638,13275.41548,0,441000192,2048
1,sequential,all_delta,64,0,published,9461367,1,0,0,13662.358851,13735.957246,13735.958191,13735.958772,0,25.949951,35.548494,8.605359,397377414,0,0,441000192,0,0,0,508312320,0,13735.958772,13735.958772,73.599921,13662.358851,0,0,2048
1,sequential,all_delta,64,1,published,9466817,2,0,0,13751.357483,13754.632577,13754.633659,13754.634293,0,0.0113709999987,0.0219149999975,0.0455840000013,228900,0,0,441229312,0,0,0,508541440,13751.319096,13754.640012,13754.634293,3.282529,13751.357483,0,0,2048
1,sequential,all_delta,64,2,published,10232664,3,0,0,13770.134018,13779.323232,13779.324585,13779.325256,0,2.090241,3.102847,0.736153,32165574,0,0,473394944,0,0,0,540707072,13770.064538,13779.33129,13779.325256,9.197272,13770.134018,0,0,2048
1,sequential,all_delta,64,3,published,10234444,4,0,0,13797.631743,13801.913015,13801.914524,13801.915153,0,0.00409300000138,0.00733700000092,0.0378360000013,74760,0,0,473469952,0,0,0,540782080,13797.587368,13801.933801,13801.915153,4.302058,13797.631743,0,0,2048
1,sequential,all_delta,64,4,published,10269993,5,0,0,13820.38889,13824.756772,13824.758436,13824.759105,0,0.0911730000007,0.135081999999,0.0929599999999,1493058,0,0,474963200,0,0,0,542275328,13820.344726,13824.766382,13824.759105,4.377492,13820.38889,0,0,2048
1,sequential,all_delta,64,5,published,10274223,6,0,0,13843.322986,13847.726275,13847.72795,13847.728832,0,0.00896900000043,0.016572999999,0.043345,177660,0,0,475140864,0,0,0,542452992,13843.26844,13847.738281,13847.728832,4.415295,13843.322986,0,0,2048
1,sequential,all_delta,64,6,published,10279473,7,0,0,13867.216074,13874.035169,13874.037385,13874.03814,0,0.0107040000003,0.0202160000026,0.0461859999978,220500,0,0,475361536,0,0,0,542673664,13866.318824,13874.647362,13874.03814,7.431288,13867.216074,0,0,2048
1,shadow,periodic2,1,1,published,9466817,2,0,0,934.272463,940.949533,940.952097,940.953069,0,0.0372030000001,0.0460759999999,0.093868,228900,0,0,441229312,0,0,0,508541440,970.084984,2485.169291,940.953069,1550.896828,934.25918,0.013283,0,2048
1,shadow,periodic2,1,2,published,10232664,1,1,0,944.065068,1406.455958,1406.458176,1406.461426,333.623676,39.197899,63.996152,15.289454,461937462,859543776,0,441000192,441229312,0,441229312,949541632,0,1406.461263,2485.167386,1541.102318,944.054164,0.010904,441229312,2048
1,shadow,periodic2,1,3,published,10234444,2,0,0,1406.472313,1411.984885,1411.986877,1411.987835,0,0.00588700000003,0.0102810000001,0.0460879999998,74760,0,0,441075200,0,0,0,949387520,0,1411.987675,1411.987835,5.515522,951.129063,455.34325,441000192,2048
1,shadow,periodic2,1,4,published,10269993,1,1,0,1412.001334,1883.498428,1883.500368,1901.944872,351.930632,36.295146,59.276326,14.624307,432832764,862679412,0,441000192,441075200,0,441075200,1390387712,0,1901.944645,1901.944872,489.943538,954.722999,457.278335,882075392,2048
1,shadow,periodic2,1,5,published,10274223,2,0,0,1901.968236,1906.155449,1906.157147,1906.158246,0,0.0129589999999,0.0255139999999,0.047926,177660,0,0,441177856,0,0,0,949490176,0,1906.158102,1906.158246,4.19001,959.122699,942.845537,441000192,2048
1,shadow,periodic2,1,6,published,10279473,1,1,0,1906.168771,2466.151059,2466.154576,2484.99349,442.046479,36.264927,58.730644,14.464576,431958366,863475732,0,441000192,441177856,0,441177856,1390490368,0,2484.993236,2484.99349,578.824719,962.375839,943.792932,882178048,2048
1,growth,periodic2,1,1,published,9466817,2,0,0,2605.157191,2611.217123,2611.219307,2611.219919,0,0.0492680000002,0.0437569999999,0.0760869999999,228900,0,0,441229312,0,0,0,508541440,2611.216383,2611.2294,2611.219919,6.072209,2605.14242,0.0147709999997,0,2048
1,growth,periodic2,1,2,published,10232664,1,1,0,2614.205206,3014.164148,3014.166229,3014.167215,287.408834,30.209249,59.675323,14.505479,461937462,859543776,0,441000192,441229312,0,441229312,949541632,2638.244836,3014.177821,3014.177618,399.972615,2614.195773,0.00943300000017,441229312,2048
1,growth,periodic2,1,3,published,10234444,2,0,0,3014.181965,3017.517222,3017.518775,3017.519586,0,0.00588299999981,0.028315,0.0427820000004,74760,0,0,441075200,0,0,0,508387328,0,3017.526202,3017.519586,3.344237,2619.703815,394.47815,0,2048
1,growth,periodic2,1,4,published,10269993,1,1,0,3017.527841,3431.383153,3431.384905,3431.385761,310.944838,28.250232,57.034873,10.754288,432832764,862679412,0,441000192,441075200,0,441075200,949387520,0,3445.809577,3445.809149,428.281736,2623.253928,394.273913,441075200,2048
1,growth,periodic2,1,5,published,10274223,2,0,0,3445.811289,3450.454626,3450.455961,3450.456827,0,0.00916499999994,0.0218180000002,0.131246,177660,0,0,441177856,0,0,0,508489984,0,3450.46433,3450.456827,4.653041,2627.20772,818.603569,0,2048
1,growth,periodic2,1,6,published,10279473,1,1,0,3450.46648,3935.18887,3935.190456,3935.191808,380.770844,28.202482,54.706963,13.844243,431958366,863475732,0,441000192,441177856,0,441177856,949490176,0,3948.792184,3948.791926,498.325704,2630.475022,819.991458,441177856,2048
1,shadow,size_tiered,1,1,published,9466817,2,0,0,4199.524158,4209.895226,4209.897268,4209.898025,0,0.0374619999993,0.0269139999991,0.070455,228900,0,441000192,229120,0,0,0,508541440,4236.36365,4274.025102,4209.898025,74.500944,4199.507709,0.0164489999997,0,2048
1,shadow,size_tiered,1,2,published,10232664,2,1,0,4212.683155,4251.466904,4251.468499,4251.471193,19.483321,4.203092,6.553352,1.544435,64560048,64788948,0,473394688,229120,0,229120,540935936,0,4251.471079,4251.471193,38.788038,4212.674566,0.00858900000003,229120,2048
1,shadow,size_tiered,1,3,published,10234444,3,0,0,4251.481248,4254.765575,4254.767013,4254.768112,0,0.00409899999977,0.00833700000112,0.0414590000009,74760,0,0,473469696,0,0,0,540781824,0,4254.768011,4254.768112,3.286864,4218.179535,33.301713,0,2048
1,shadow,size_tiered,1,4,published,10269993,3,1,0,4254.775713,4262.737043,4262.738371,4262.740393,0.843687,0.186837,0.293637999999,0.192051,3060876,3135636,0,474962688,75008,0,75008,542349824,0,4262.7403,4262.740393,7.96468,4221.560439,33.215274,75008,2048
1,shadow,size_tiered,1,5,published,10274223,4,0,0,4262.747608,4266.722643,4266.724209,4266.724896,0,0.00918900000033,0.0207910000008,0.0386600000002,177660,0,0,475140352,0,0,0,542452480,0,4266.724813,4266.724896,3.977288,4225.47705,37.270558,0,2048
1,shadow,size_tiered,1,6,published,10279473,4,1,0,4266.751782,4273.963391,4273.964728,4273.971768,0.209405000001,0.0326910000013,0.060125,0.104665000001,618660,796320,0,475361024,177664,0,177664,542850816,0,4273.971685,4273.971768,7.219986,4228.704949,38.046833,177664,2048
1,growth,size_tiered,1,1,published,9466817,2,0,0,4373.895247,4379.985008,4379.98666,4379.987527,0,0.0366679999997,0.0170610000005,0.0612949999986,228900,0,441000192,229120,0,0,0,508541440,4379.987739,4379.994144,4379.987527,6.098897,4373.879999,0.0152480000006,0,2048
1,growth,size_tiered,1,2,published,10232664,2,1,0,4382.956202,4412.900458,4412.901909,4412.902651,12.320532,4.20479,5.193109,1.497745,64560048,64788948,0,473394688,229120,0,229120,540935936,4408.957291,4412.910877,4412.910713,29.954675,4382.947572,0.00863000000027,229120,2048
1,growth,size_tiered,1,3,published,10234444,3,0,0,4412.912752,4416.130355,4416.131431,4416.132158,0,0.00490399999944,0.00656200000049,0.0427049999998,74760,0,0,473469696,0,0,0,540781824,0,4416.138374,4416.132158,3.225622,4388.169107,24.743645,0,2048
1,growth,size_tiered,1,4,published,10269993,3,1,0,4416.13967,4423.878935,4423.880342,4423.880794,0.750392,0.186613,0.243014,0.180030999999,3060876,3135636,0,474962688,75008,0,75008,542349824,0,4423.888416,4423.88828,7.748746,4392.503418,23.636252,75008,2048
1,growth,size_tiered,1,5,published,10274223,4,0,0,4423.88922,4427.069426,4427.070761,4427.071337,0,0.00900999999976,0.0197250000001,0.0441789999995,177660,0,0,475140352,0,0,0,542452480,0,4427.077583,4427.071337,3.188363,4395.488611,28.400609,0,2048
1,growth,size_tiered,1,6,published,10279473,4,1,0,4427.079304,4433.764334,4433.765598,4433.766029,0.194516,0.0321449999992,0.0539000000026,0.0988120000011,618660,796320,0,475361024,177664,0,177664,542850816,0,4433.773627,4433.773452,6.694323,4398.717738,28.361566,177664,2048
1,shadow,compact,1,1,published,9466817,1,1,0,4660.416963,5017.370842,5017.372621,5017.373546,256.525857,26.103954,51.40683,12.841141,397835214,795212628,0,441000192,441000192,0,441000192,949312512,4689.107834,7210.903562,7210.90267,2550.486599,4660.400707,0.0162559999999,441000192,2048
1,shadow,compact,1,2,published,10232664,1,1,0,5017.381755,5427.946071,5427.94779,5442.219728,299.018484,30.120009,59.511638,14.774841,461937462,859543776,0,441000192,441000192,0,441000192,1390312704,0,5442.219318,5442.219728,424.837973,4669.025539,348.356216,882000384,2048
1,shadow,compact,1,3,published,10234444,1,1,0,5442.239889,5866.919772,5866.921214,5880.616245,320.037699,28.171595,55.309596,13.783836,429921408,859693296,0,441000192,441000192,0,441000192,1390312704,0,5880.615973,5880.616245,438.376356,4671.982456,770.257433,882000384,2048
1,shadow,compact,1,4,published,10269993,1,1,0,5880.636472,6281.904166,6281.9056,6296.631984,296.343315,28.269286,55.62453,13.967592,432832764,862679412,0,441000192,441000192,0,441000192,1390312704,0,6296.631617,6296.631984,415.995512,4675.211005,1205.425467,882000384,2048
1,shadow,compact,1,5,published,10274223,1,1,0,6297.07094,6752.331413,6752.333064,6769.581431,335.898277,36.294475,59.586369,14.569608,431695026,863034732,0,441000192,441000192,0,441000192,1390312704,0,6769.581035,6769.581431,472.510491,4678.173937,1618.897003,882000384,2048
1,shadow,compact,1,6,published,10279473,1,1,0,6769.609443,7192.617789,7192.62976,7210.758198,322.865613,36.224229,44.708268,10.146126,431958366,863475732,0,441000192,441000192,0,441000192,1390312704,0,7210.757862,7210.758198,441.148755,4681.407026,2088.202417,882000384,2048
1,growth,compact,1,1,published,9466817,1,1,0,7627.13642,7994.278758,7994.281079,7994.282363,271.730965,33.362398,40.750731,9.388092,397835214,795212628,0,441000192,441000192,0,441000192,949312512,7656.262933,7994.292504,7994.291869,367.156084,7627.121777,0.0146429999995,441000192,2048
1,growth,compact,1,2,published,10232664,1,1,0,7994.29474,8403.574298,8403.576167,8403.577197,290.095987,39.141916,58.88177,10.911176,461937462,859543776,0,441000192,441000192,0,441000192,949312512,0,8419.828519,8403.60498,425.533779,7637.27974,357.015,441000192,2048
1,growth,compact,1,3,published,10234444,1,1,0,8419.832221,8805.17959,8805.181768,8805.182893,287.906142,36.041506,43.501075,10.170588,429921408,859693296,0,441000192,441000192,0,441000192,949312512,0,8823.518511,8805.192308,403.68629,7640.084823,779.747398,441000192,2048
1,growth,compact,1,4,published,10269993,1,1,0,8823.522655,9201.515806,9201.517682,9201.518968,279.109332,36.345718,44.450001,10.26171,432832764,862679412,0,441000192,441000192,0,441000192,949312512,0,9218.691454,9201.528429,395.168799,7643.109244,1180.413411,441000192,2048
1,growth,compact,1,5,published,10274223,1,1,0,9218.693758,9595.623871,9595.625352,9595.626448,279.189055,36.184088,43.627412,10.201165,431695026,863034732,0,441000192,441000192,0,441000192,949312512,0,9612.761383,9595.637476,394.067625,7645.814092,1572.879666,441000192,2048
1,growth,compact,1,6,published,10279473,1,1,0,9612.765285,9994.199512,9994.202362,9994.203736,283.451735,36.21019,43.697481,10.229582,431958366,863475732,0,441000192,441000192,0,441000192,949312512,0,10011.2524,9994.213113,398.487115,7648.864112,1963.901173,441000192,2048
1,shadow,all_delta,1,1,published,9466817,2,0,0,10339.939342,10345.203397,10345.205628,10345.206426,0,0.0472600000012,0.0493010000009,0.0804960000005,228900,0,0,441229312,0,0,0,508541440,10388.968455,10388.974163,10345.206426,49.034821,10339.92616,0.0131819999988,0,2048
1,shadow,all_delta,1,2,published,10232664,3,0,0,10348.167406,10360.077097,10360.079561,10360.081425,0,2.688296,3.6093,0.837405000004,32165574,0,441000192,32394752,0,0,0,540707072,0,10360.081264,10360.081425,11.914019,10348.157483,0.00992299999962,0,2048
1,shadow,all_delta,1,3,published,10234444,4,0,0,10360.092883,10365.409686,10365.411664,10365.413115,0,0.00776799999949,0.0322459999988,0.0444309999984,74760,0,441000192,32469760,0,0,0,540782080,0,10365.412976,10365.413115,5.320232,10354.688923,5.40396,0,2048
1,shadow,all_delta,1,4,published,10269993,5,0,0,10365.422796,10370.500322,10370.502308,10370.504042,0,0.136719999999,0.154424,0.106436999999,1493058,0,441000192,33963008,0,0,0,542275328,0,10370.503921,10370.504042,5.081246,10357.956293,7.466503,0,2048
1,shadow,all_delta,1,5,published,10274223,6,0,0,10371.165589,10375.176208,10375.178524,10375.179781,0,0.0158539999993,0.032548000001,0.0619680000018,177660,0,0,475140864,0,0,0,542452992,0,10375.179655,10375.179781,4.014192,10371.158101,0.00748799999928,0,2048
1,shadow,all_delta,1,6,published,10279473,7,0,0,10377.947819,10381.973961,10381.97647,10381.978024,0,0.0148640000007,0.0228000000006,0.0746580000014,220500,0,441000192,34361344,0,0,0,542673664,0,10381.977932,10381.978024,4.030205,10377.938836,0.00898300000154,0,2048
1,growth,all_delta,1,1,published,9466817,2,0,0,10485.114176,10493.237424,10493.2397,10493.240663,0,0.0377449999996,0.0253219999995,0.0800540000037,228900,0,441000192,229120,0,0,0,508541440,10493.341245,10493.80473,10493.240663,8.690554,10485.089932,0.0242439999984,0,2048
1,growth,all_delta,1,2,published,10232664,3,0,0,10495.381002,10507.863437,10507.865522,10507.866702,0,2.686169,3.207914,0.810275,32165574,0,0,473394944,0,0,0,540707072,10507.862857,10507.874999,10507.866702,12.493997,10495.372636,0.00836600000002,0,2048
1,growth,all_delta,1,3,published,10234444,4,0,0,10507.877087,10511.835915,10511.838045,10511.839981,0,0.00497800000085,0.00697400000172,0.0626170000014,74760,0,473394944,75008,0,0,0,540782080,10511.991263,10511.991808,10511.839981,4.114721,10502.672315,5.204772,0,2048
1,growth,all_delta,1,4,published,10269993,5,0,0,10511.849159,10516.134843,10516.136469,10516.139835,0,0.117689999999,0.144088999999,0.12491,1493058,0,473469952,1493248,0,0,0,542275328,10516.136758,10516.147499,10516.139835,4.29834,10506.000237,5.848922,0,2048
1,growth,all_delta,1,5,published,10274223,6,0,0,10517.872569,10521.763985,10521.76605,10521.767041,0,0.0120980000011,0.0185379999984,0.0694359999998,177660,0,0,475140864,0,0,0,542452992,10521.764695,10521.774538,10521.767041,3.901969,10517.862232,0.0103369999997,0,2048
1,growth,all_delta,1,6,published,10279473,7,0,0,10524.997596,10528.966446,10528.968456,10528.971955,0,0.0146750000004,0.0255739999993,0.0757680000006,220500,0,475140864,220672,0,0,0,542673664,10528.97052,10528.979374,10528.971955,3.981778,10524.988525,0.00907099999858,0,2048
1,shadow,periodic2,8,1,published,9466817,2,0,0,10855.587216,10862.36611,10862.367957,10862.369029,0,0.0365560000009,0.0255200000011,0.0578489999989,228900,0,441000192,229120,0,0,0,508541440,10976.384964,12155.592174,10862.369029,1300.004958,10855.573304,0.0139120000003,0,2048
1,shadow,periodic2,8,2,published,10232664,1,1,0,10876.391743,11332.744267,11332.746384,11332.749513,348.973685,40.66121,47.019528,10.856582,461937462,859543776,0,441000192,441229312,0,441229312,949541632,0,11332.749345,12155.590638,1279.198895,10876.380642,0.0111010000001,441229312,2048
1,shadow,periodic2,8,3,published,10234444,2,0,0,11332.759522,11336.610463,11336.611576,11336.61241,0,0.00547499999993,0.00728100000015,0.0399839999991,74760,0,0,441075200,0,0,0,949387520,0,11336.612341,11336.61241,3.852888,10897.100028,435.659494,441000192,2048
1,shadow,periodic2,8,4,published,10269993,1,1,0,11336.622192,11729.479308,11729.481105,11746.593566,293.460192,36.25508,44.66833,10.164726,432832764,862679412,0,441000192,441075200,0,441075200,1390387712,0,11746.593223,11746.593566,409.971374,10911.517524,425.104668,882075392,2048
1,shadow,periodic2,8,5,published,10274223,2,0,0,11746.617499,11750.659888,11750.661902,11750.663112,0,0.0110800000002,0.0682299999989,0.0475679999981,177660,0,0,441177856,0,0,0,949490176,0,11750.66296,11750.663112,4.045613,10925.929214,820.688285,441000192,2048
1,shadow,periodic2,8,6,published,10279473,1,1,0,11750.676474,12137.944955,12137.946607,12155.505818,289.624424,36.256927,43.602853,10.09475,431958366,863475732,0,441000192,441177856,0,441177856,1390490368,0,12155.505538,12155.505818,404.829344,10940.352824,810.32365,882178048,2048
1,growth,periodic2,8,1,published,9466817,2,0,0,12280.700817,12285.978166,12285.98008,12285.981163,0,0.0373610000006,0.0244549999989,0.0491330000004,228900,0,441000192,229120,0,0,0,508541440,12285.979394,12285.988876,12285.981163,5.288059,12280.686681,0.0141360000016,0,2048
1,growth,periodic2,8,2,published,10232664,1,1,0,12300.189287,12697.374901,12697.377073,12697.377859,289.778093,41.034515,47.221737,10.589697,461937462,859543776,0,441000192,441229312,0,441229312,949541632,12398.696136,12697.389565,12697.389436,397.200278,12300.177172,0.0121149999995,441229312,2048
1,growth,periodic2,8,3,published,10234444,2,0,0,12697.392294,12701.138392,12701.139553,12701.140114,0,0.00566000000072,0.00724199999786,0.0437860000002,74760,0,0,441075200,0,0,0,508387328,0,12701.147497,12701.140114,3.755203,12318.71791,378.674384,0,2048
1,growth,periodic2,8,4,published,10269993,1,1,0,12701.149182,13091.861616,13091.863183,13091.864001,291.98953,36.258855,44.089,10.084026,432832764,862679412,0,441000192,441075200,0,441075200,949387520,0,13109.181792,13109.181457,408.03261,12333.260884,367.888298,441075200,2048
1,growth,periodic2,8,5,published,10274223,2,0,0,13109.183154,13113.201851,13113.203689,13113.204407,0,0.0125079999998,0.0182290000012,0.0545820000007,177660,0,0,441177856,0,0,0,508489984,0,13113.211777,13113.204407,4.028623,12347.83324,761.349914,0,2048
1,growth,periodic2,8,6,published,10279473,1,1,0,13113.214323,13465.771564,13465.773117,13465.7744,268.938093,28.142011,38.177526,9.26932400001,431958366,863475732,0,441000192,441177856,0,441177856,949490176,0,13479.382108,13479.381832,366.167785,12362.401312,750.813011,441177856,2048
1,shadow,size_tiered,8,1,published,9466817,2,0,0,13820.177853,13826.781941,13826.78348,13826.783995,0,0.0370910000001,0.0225180000016,0.0489010000001,228900,0,0,441229312,0,0,0,508541440,13965.451347,13965.46268,13826.783995,145.284827,13820.163354,0.014498999999,0,2048
1,shadow,size_tiered,8,2,published,10232664,2,1,0,13840.862314,13881.390026,13881.391759,13881.394135,18.441033,5.441883,5.548481,1.553701,64560048,64788948,0,473394688,229120,0,229120,540935936,0,13881.394,13881.394135,40.531821,13840.854386,0.00792799999908,229120,2048
1,shadow,size_tiered,8,3,published,10234444,3,0,0,13881.402604,13885.25033,13885.251806,13885.25304,0,0.00325399999929,0.00691700000061,0.0351259999989,74760,0,441000192,32469504,0,0,0,540781824,0,13885.252915,13885.25304,3.850436,13861.377098,20.025506,0,2048
1,shadow,size_tiered,8,4,published,10269993,3,1,0,13885.281249,13894.242528,13894.244059,13894.246,0.79967,0.187193,0.248803999999,0.196324999999,3060876,3135636,0,474962688,75008,0,75008,542349824,0,13894.245931,13894.246,8.964751,13878.167401,7.113848,75008,2048
1,shadow,size_tiered,8,5,published,10274223,4,0,0,13903.252334,13908.402498,13908.404296,13908.405788,0,0.0088080000005,0.0168980000017,0.0409810000019,177660,0,441000192,34140160,0,0,0,542452480,0,13908.405664,13908.405788,5.153454,13903.2447,0.00763400000142,0,2048
1,shadow,size_tiered,8,6,published,10279473,4,1,0,13922.406336,13931.248883,13931.250604,13931.253223,0.203476999999,0.0397730000004,0.0583509999997,0.121661000001,618660,796320,0,475361024,177664,0,177664,542850816,0,13931.253148,13931.253223,8.846887,13922.397463,0.00887300000068,177664,2048
1,growth,size_tiered,8,1,published,9466817,2,0,0,14066.443715,14072.290247,14072.29165,14072.292493,0,0.0371090000008,0.0196329999981,0.0459289999999,228900,0,441000192,229120,0,0,0,508541440,14072.294779,14072.298703,14072.292493,5.854988,14066.429193,0.0145219999995,0,2048
1,growth,size_tiered,8,2,published,10232664,2,1,0,14086.441771,14110.480107,14110.481719,14110.483217,5.114773,5.148937,5.264453,1.540404,64560048,64788948,441000192,32394496,229120,229120,0,540935936,14110.48044,14110.496144,14110.49566,24.054373,14086.431967,0.00980399999935,0,2048
1,growth,size_tiered,8,3,published,10234444,3,0,0,14110.490526,14113.851313,14113.852641,14113.85389,0,0.00358299999971,0.00704700000097,0.0523250000006,74760,0,473394688,75008,0,0,0,540781824,14113.855885,14113.85973,14113.85389,3.369204,14106.273471,4.217055,0,2048
1,growth,size_tiered,8,4,published,10269993,3,1,0,14126.968349,14136.407388,14136.408928,14136.410414,0.240781,0.319668,0.242673000002,0.22586,3060876,3135636,473394688,1568000,75008,75008,0,542349824,14136.407037,14136.417642,14136.417497,9.449293,14126.958261,0.0100880000009,0,2048
1,growth,size_tiered,8,5,published,10274223,4,0,0,14151.034477,14155.748035,14155.749274,14155.750663,0,0.013852,0.0189420000006,0.0506550000009,177660,0,474962688,177664,0,0,0,542452480,14155.750758,14155.756565,14155.750663,4.722088,14151.024198,0.0102790000001,0,2048
1,growth,size_tiered,8,6,published,10279473,4,1,0,14172.751615,14180.164264,14180.165716,14180.167305,0.0583850000003,0.0423040000023,0.0515530000011,0.115756999998,618660,796320,474962688,398336,177664,177664,0,542850816,14180.165157,14180.174963,14180.174734,7.423348,14172.73894,0.0126749999999,0,2048
1,shadow,compact,8,1,published,9466817,1,1,0,14543.116615,14896.559484,14896.561062,14896.561723,258.370334,33.387795,40.880548,9.404494,397835214,795212628,0,441000192,441000192,0,441000192,949312512,14657.790709,16867.955531,16867.95368,2324.838916,14543.088987,0.0276280000016,441000192,2048
1,shadow,compact,8,2,published,10232664,1,1,0,14896.571327,15285.085864,15285.087555,15301.387712,282.749218,38.826128,47.562975,10.843835,461937462,859543776,0,441000192,441000192,0,441000192,1390312704,0,15301.387332,15301.387712,404.816385,14563.962596,332.608731,882000384,2048
1,shadow,compact,8,3,published,10234444,1,1,0,15301.414777,15687.725231,15687.726831,15704.561149,288.395701,36.018699,43.949651,10.088285,429921408,859693296,0,441000192,441000192,0,441000192,1390312704,0,15704.560753,15704.561149,403.146372,14578.355529,723.059248,882000384,2048
1,shadow,compact,8,4,published,10269993,1,1,0,15704.584248,16085.378273,16085.380022,16104.486642,281.223742,36.406052,44.367163,10.239014,432832764,862679412,0,441000192,441000192,0,441000192,1390312704,0,16104.486213,16104.486642,399.902394,14592.777757,1111.806491,882000384,2048
1,shadow,compact,8,5,published,10274223,1,1,0,16104.509255,16485.667953,16485.669617,16502.78846,282.558636,36.219008,43.981617,10.448057,431695026,863034732,0,441000192,441000192,0,441000192,1390312704,0,16502.78813,16502.78846,398.279205,14607.200526,1497.308729,882000384,2048
1,shadow,compact,8,6,published,10279473,1,1,0,16502.811459,16853.842201,16853.843546,16867.878894,268.111528,28.176085,38.222357,9.487968,431958366,863475732,0,441000192,441000192,0,441000192,1390312704,0,16867.878614,16867.878894,365.067435,14621.629937,1881.181522,882000384,2048
1,growth,compact,8,1,published,9466817,1,1,0,16994.147547,17306.444966,17306.446307,17306.44689,231.31805,25.975591,35.602412,8.75645,397835214,795212628,0,441000192,441000192,0,441000192,949312512,17108.047167,17306.455762,17306.455142,312.308215,16994.133381,0.0141660000008,441000192,2048
1,growth,compact,8,2,published,10232664,1,1,0,17306.457811,17644.362937,17644.364415,17644.364995,250.361984,30.109712,40.850409,10.099962,461937462,859543776,0,441000192,441000192,0,441000192,949312512,0,17657.029924,17644.37282,350.572113,17014.345258,292.112553,441000192,2048
1,growth,compact,8,3,published,10234444,1,1,0,17657.033213,17987.4693,17987.470798,17987.471319,248.82258,28.059272,37.819702,9.473745,429921408,859693296,0,441000192,441000192,0,441000192,949312512,0,18000.705785,17987.479017,343.672572,17028.752511,628.280702,441000192,2048
1,growth,compact,8,4,published,10269993,1,1,0,18000.709203,18325.661941,18325.663333,18325.663902,242.131133,28.181767,38.079622,9.49899800001,432832764,862679412,0,441000192,441000192,0,441000192,949312512,0,18339.403109,18325.671548,338.693906,17043.167935,957.541268,441000192,2048
1,growth,compact,8,5,published,10274223,1,1,0,18339.405049,18663.933688,18663.935128,18663.935676,242.079306,28.189291,37.919991,9.42933200001,431695026,863034732,0,441000192,441000192,0,441000192,949312512,0,18677.861125,18664.605428,338.456076,17057.594922,1281.810127,441000192,2048
1,growth,compact,8,6,published,10279473,1,1,0,18677.865035,19001.440034,19001.442419,19001.442894,241.774812,28.175003,37.775827,9.46305200001,431958366,863475732,0,441000192,441000192,0,441000192,949312512,0,19014.978939,19001.451205,337.113904,17071.995943,1605.869092,441000192,2048
1,shadow,all_delta,8,1,published,9466817,2,0,0,19358.979761,19365.227459,19365.229884,19365.231974,0,0.0477769999998,0.0439839999999,0.0608309999952,228900,0,441000192,229120,0,0,0,508541440,19494.464458,19494.47557,19365.231974,135.495809,19358.964116,0.0156449999995,0,2048
1,shadow,all_delta,8,2,published,10232664,3,0,0,19379.21047,19389.842491,19389.844736,19389.846401,0,2.97365,3.094873,0.779990000003,32165574,0,441000192,32394752,0,0,0,540707072,0,19389.846236,19389.846401,10.635931,19379.199462,0.0110080000013,0,2048
1,shadow,all_delta,8,3,published,10234444,4,0,0,19397.092798,19400.814653,19400.816315,19400.81743,0,0.00449099999969,0.0268010000036,0.0333119999996,74760,0,441000192,32469760,0,0,0,540782080,0,19400.817293,19400.81743,3.724632,19397.082129,0.010669000003,0,2048
1,shadow,all_delta,8,4,published,10269993,5,0,0,19414.440257,19420.40114,19420.402931,19420.404433,0,0.167464999999,0.166499999999,0.116502999997,1493058,0,441000192,33963008,0,0,0,542275328,0,19420.404307,19420.404433,5.964176,19414.431834,0.00842299999931,0,2048
1,shadow,all_delta,8,5,published,10274223,6,0,0,19433.219758,19440.983132,19440.984984,19440.986025,0,0.017361000002,0.0265529999997,0.041957999998,177660,0,441000192,34140672,0,0,0,542452992,0,19440.985899,19440.986025,7.766267,19433.207185,0.012573,0,2048
1,shadow,all_delta,8,6,published,10279473,7,0,0,19454.495476,19458.758653,19458.760974,19458.763236,0,0.0203999999976,0.0375410000015,0.0491839999995,220500,0,441000192,34361344,0,0,0,542673664,0,19458.763098,19458.763236,4.26776,19454.485624,0.00985199999923,0,2048
1,growth,all_delta,8,1,published,9466817,2,0,0,19595.904502,19601.107611,19601.109138,19601.109808,0,0.0367179999994,0.0209519999989,0.0574760000054,228900,0,441000192,229120,0,0,0,508541440,19601.10863,19601.116264,19601.109808,5.211762,19595.891537,0.0129650000017,0,2048
1,growth,all_delta,8,2,published,10232664,3,0,0,19615.291288,19624.870267,19624.871773,19624.872828,0,2.871869,2.742884,0.773000000001,32165574,0,441229312,32165632,0,0,0,540707072,19624.874078,19624.882853,19624.872828,9.591565,19615.280154,0.0111340000003,0,2048
1,growth,all_delta,8,3,published,10234444,4,0,0,19634.135739,19637.533968,19637.535247,19637.536835,0,0.00332100000014,0.00596699999733,0.0362270000041,74760,0,473394944,75008,0,0,0,540782080,19637.545994,19637.549288,19637.536835,3.413549,19634.127647,0.00809200000003,0,2048
1,growth,all_delta,8,4,published,10269993,5,0,0,19654.516157,19661.649088,19661.651364,19661.654942,0,0.305287000003,0.173036,0.127370000002,1493058,0,473469952,1493248,0,0,0,542275328,19661.648736,19661.66171,19661.654942,7.145553,19654.494053,0.0221039999997,0,2048
1,growth,all_delta,8,5,published,10274223,6,0,0,19677.4115,19681.922344,19681.924411,19681.926561,0,0.0139000000017,0.0162640000017,0.0443000000014,177660,0,474963200,177664,0,0,0,542452992,19681.924622,19681.93306,19681.926561,4.52156,19677.397315,0.014185,0,2048
1,growth,all_delta,8,6,published,10279473,7,0,0,19699.000145,19703.685148,19703.687141,19703.68949,0,0.0230359999987,0.0197539999972,0.0456560000021,220500,0,475140864,220672,0,0,0,542673664,19703.687747,19703.69575,19703.68949,4.695605,19698.989796,0.0103490000001,0,2048
1,shadow,periodic2,64,1,published,9466817,2,0,0,20967.549285,20973.389455,20973.391208,20973.392028,0,0.0364379999992,0.0225539999956,0.0764710000039,228900,0,441000192,229120,0,0,0,508541440,21901.201273,22151.595988,20973.392028,1184.046703,20967.534963,0.0143220000027,0,2048
1,shadow,periodic2,64,2,published,10232664,1,1,0,21090.446705,21437.862897,21437.864614,21437.866811,250.382996,31.50346,41.450481,10.683536,461937462,859543776,0,441000192,441229312,441000192,229120,949541632,0,21437.866704,22151.595108,1061.148403,21090.428188,0.0185169999968,229120,2048
1,shadow,periodic2,64,3,published,10234444,2,0,0,21437.875607,21446.330346,21446.33159,21446.332817,0,0.00323899999785,0.00631099999737,0.052512000002,74760,0,0,441075200,0,441000192,0,949387520,0,21446.332684,21446.332817,8.45721,21214.319813,223.555794,0,2048
1,shadow,periodic2,64,4,published,10269993,1,1,0,21446.341735,21789.460148,21789.463505,21803.486635,253.121231,28.229671,38.349206,9.938351,432832764,862679412,0,441000192,441075200,441000192,441075200,1390387712,0,21803.486299,21803.486635,357.1449,21336.301686,110.040049,441075200,2048
1,shadow,periodic2,64,5,published,10274223,2,0,0,21803.505348,21806.566053,21806.567247,21806.568623,0,0.00869500000044,0.0171340000015,0.0421779999997,177660,0,0,441177856,0,441000192,0,949490176,0,21806.568503,21806.568623,3.063275,21468.213788,335.29156,0,2048
1,shadow,periodic2,64,6,published,10279473,1,1,0,21806.576611,22138.1901,22138.191807,22151.528897,249.177679,28.190897,38.108459,9.49917100002,431958366,863475732,0,441000192,441177856,0,441177856,1390490368,0,22151.528654,22151.528897,344.952286,21590.131474,216.445137,882178048,2048
1,growth,periodic2,64,1,published,9466817,2,0,0,22312.833204,22318.684951,22318.687129,22318.687844,0,0.0368860000017,0.0220120000013,0.0768779999962,228900,0,441000192,229120,0,0,0,508541440,22318.688822,22318.767435,22318.687844,5.934231,22312.816587,0.0166169999975,0,2048
1,growth,periodic2,64,2,published,10232664,1,1,0,22436.439069,22784.745902,22784.747818,22784.74877,249.110179,32.778049,41.009522,10.505541,461937462,859543776,0,441000192,441229312,441229312,0,949541632,22784.736462,22784.822336,22784.822036,348.383267,22436.419758,0.019311,0,2048
1,growth,periodic2,64,3,published,10234444,2,0,0,22784.756746,22791.501373,22791.502541,22791.503402,0,0.00320899999861,0.0066580000057,0.0480569999963,74760,0,441000192,75008,0,0,0,508387328,22791.501794,22791.513941,22791.503402,6.757195,22561.993064,222.763682,0,2048
1,growth,periodic2,64,4,published,10269993,1,1,0,22791.51119,23128.388964,23128.390596,23128.391952,249.415141,28.218571,38.197224,9.96952600002,432832764,862679412,0,441000192,441075200,441075200,0,949387520,23128.385415,23141.798328,23141.797945,350.287138,22684.621637,106.889553,0,2048
1,growth,periodic2,64,5,published,10274223,2,0,0,23141.799731,23144.897685,23144.898733,23144.899742,0,0.00947399999859,0.0163119999997,0.0420979999981,177660,0,441000192,177664,0,0,0,508489984,23148.765102,23148.777595,23144.899742,6.977864,22819.948511,321.85122,0,2048
1,growth,periodic2,64,6,published,10279473,1,1,0,23144.908086,23476.054507,23476.056033,23476.056649,248.511959,28.297098,37.907989,9.424618,431958366,863475732,0,441000192,441177856,0,441177856,949490176,23331.006805,23489.570539,23489.570263,344.662453,22964.091334,180.816752,441177856,2048
1,shadow,size_tiered,64,1,published,9466817,2,0,0,24719.315796,24725.353469,24725.355436,24725.356162,0,0.0367839999999,0.0260730000009,0.0520430000033,228900,0,441000192,229120,0,0,0,508541440,25647.572988,25647.599432,24725.356162,928.283636,24719.298692,0.0171039999987,0,2048
1,shadow,size_tiered,64,2,published,10232664,2,1,0,24842.553171,24889.905501,24889.90751,24889.910415,19.80529,7.312286,6.796789,1.75274199999,64560048,64788948,441000192,32394496,229120,0,229120,540935936,0,24889.910293,24889.910415,47.357244,24842.538139,0.0150319999993,229120,2048
1,shadow,size_tiered,64,3,published,10234444,3,0,0,24968.770756,24974.661111,24974.663111,24974.664386,0,0.0103960000015,0.00958499999979,0.0680560000001,74760,0,441000192,32469504,0,0,0,540781824,0,24974.664215,24974.664386,5.89363,24968.748019,0.022737000003,0,2048
1,shadow,size_tiered,64,4,published,10269993,3,1,0,25091.696982,25108.737355,25108.739137,25108.741937,0.845998000001,0.399809999999,0.312550000002,0.231424000001,3060876,3135636,441000192,33962496,75008,0,75008,542349824,0,25108.741828,25108.741937,17.044955,25091.679114,0.0178680000026,75008,2048
1,shadow,size_tiered,64,5,published,10274223,4,0,0,25218.160515,25224.051789,25224.053793,25224.054854,0,0.0290389999973,0.0229669999972,0.0699779999959,177660,0,441000192,34140160,0,0,0,542452480,0,25224.054685,25224.054854,5.894339,25218.143573,0.0169419999984,0,2048
1,shadow,size_tiered,64,6,published,10279473,4,1,0,25341.008464,25350.191012,25350.192635,25350.194784,0.196468999999,0.0570960000041,0.0543980000002,0.142734000001,618660,796320,441000192,34360832,177664,0,177664,542850816,0,25350.1947,25350.194784,9.18632,25340.991157,0.0173069999983,177664,2048
1,growth,size_tiered,64,1,published,9466817,2,0,0,25792.722594,25802.031217,25802.03286,25802.033588,0,0.0375229999991,0.0197719999996,0.0478160000021,228900,0,441000192,229120,0,0,0,508541440,25804.025031,25804.036225,25802.033588,11.313631,25792.707093,0.015500999998,0,2048
1,growth,size_tiered,64,2,published,10232664,2,1,0,25919.065585,25950.211097,25950.212686,25950.213782,5.517316,6.003655,5.873754,1.582919,64560048,64788948,441000192,32394496,229120,229120,0,540935936,25950.209691,25950.227443,25950.227034,31.161858,25919.047994,0.0175909999998,0,2048
1,growth,size_tiered,64,3,published,10234444,3,0,0,26068.047238,26074.613282,26074.615504,26074.616876,0,0.00955400000021,0.00888600000326,0.0735019999993,74760,0,473394688,75008,0,0,0,540781824,26074.616005,26074.711538,26074.616876,6.6643,26068.029593,0.0176449999999,0,2048
1,growth,size_tiered,64,4,published,10269993,3,1,0,26214.284267,26232.362391,26232.364792,26232.36738,0.280673000001,0.402081,0.394322,0.271325999998,3060876,3135636,473394688,1568000,75008,75008,0,542349824,26232.344529,26232.445144,26232.444724,18.160877,26214.265143,0.0191239999986,0,2048
1,growth,size_tiered,64,5,published,10274223,4,0,0,26363.421583,26370.40886,26370.411459,26370.413594,0,0.0280080000011,0.0264750000024,0.0538530000013,177660,0,474962688,177664,0,0,0,542452480,26373.507787,26373.520173,26370.413594,10.09859,26363.401694,0.0198889999992,0,2048
1,growth,size_tiered,64,6,published,10279473,4,1,0,26511.092414,26530.245141,26530.247178,26530.2493,0.0620999999992,0.0738699999965,0.0622950000034,0.112650999999,618660,796320,474962688,398336,177664,177664,0,542850816,26530.240663,26530.346499,26530.345979,19.254085,26511.076734,0.0156800000004,0,2048
1,shadow,compact,64,1,published,9466817,1,1,0,28164.428755,28471.78237,28471.783863,28471.784536,225.316452,25.985264,35.309884,9.23176999999,397835214,795212628,0,441000192,441000192,441000192,0,949312512,29089.025619,30173.961969,30173.960273,2009.533214,28164.413378,0.0153769999997,0,2048
1,shadow,compact,64,2,published,10232664,1,1,0,28471.792323,28806.33494,28806.336293,28819.35994,244.036785,30.104423,41.001388,10.617622,461937462,859543776,0,441000192,441000192,441000192,441000192,1390312704,0,28819.359697,28819.35994,347.567617,28287.432192,184.360131,441000192,2048
1,shadow,compact,64,3,published,10234444,1,1,0,28819.379378,29149.413076,29149.414269,29163.190367,248.451958,28.017934,37.970929,9.42287900001,429921408,859693296,0,441000192,441000192,0,441000192,1390312704,0,29163.190072,29163.190367,343.810989,28409.350978,410.0284,882000384,2048
1,shadow,compact,64,4,published,10269993,1,1,0,29163.209965,29485.856077,29485.857293,29500.03443,240.700705,28.330722,37.904183,9.53845300002,432832764,862679412,0,441000192,441000192,0,441000192,1390312704,0,29500.034097,29500.03443,336.824465,28537.905417,625.304548,882000384,2048
1,shadow,compact,64,5,published,10274223,1,1,0,29500.051477,29822.526712,29822.527975,29835.892838,240.854875,28.103908,37.861986,9.48131899999,431695026,863034732,0,441000192,441000192,0,441000192,1390312704,0,29835.89256,29835.892838,335.841361,28659.874099,840.177378,882000384,2048
1,shadow,compact,64,6,published,10279473,1,1,0,29835.911403,30158.937474,30158.938733,30173.881009,241.318447,28.18152,37.902568,9.49778000001,431958366,863475732,0,441000192,441000192,0,441000192,1390312704,0,30173.880602,30173.881009,337.969606,28782.260707,1053.650696,882000384,2048
1,growth,compact,64,1,published,9466817,1,1,0,30370.216258,30683.637336,30683.638694,30683.639344,229.196465,25.967335,35.937903,9.18822099999,397835214,795212628,0,441000192,441000192,441000192,0,949312512,30683.631018,30683.715385,30683.715145,313.499127,30370.202024,0.014234000002,0,2048
1,growth,compact,64,2,published,10232664,1,1,0,30683.647382,31026.067558,31026.069032,31026.069723,249.855061,30.281152,41.296549,10.613513,461937462,859543776,0,441000192,441000192,441000192,0,949312512,31026.058107,31042.194908,31026.143191,358.547526,30492.928628,190.718754,0,2048
1,growth,compact,64,3,published,10234444,1,1,0,31026.080142,31373.203479,31373.204859,31373.206097,249.529138,28.061208,38.568889,9.79469399999,429921408,859693296,0,441000192,441000192,0,441000192,949312512,31363.686902,31386.413805,31373.214679,360.333663,30614.83906,411.241082,441000192,2048
1,growth,compact,64,4,published,10269993,1,1,0,31386.417178,31712.314207,31712.315696,31712.316829,242.518692,28.203008,38.349412,9.527854,432832764,862679412,0,441000192,441000192,0,441000192,949312512,0,31726.575381,31712.324729,340.158203,30744.426129,641.991049,441000192,2048
1,growth,compact,64,5,published,10274223,1,1,0,31726.57747,32050.066378,32050.067769,32050.069015,241.335581,28.167644,38.209079,9.442014,431695026,863034732,0,441000192,441000192,0,441000192,949312512,0,32063.433131,32050.077365,336.855661,30866.503541,860.073929,441000192,2048
1,growth,compact,64,6,published,10279473,1,1,0,32063.436744,32389.093933,32389.095488,32389.09669,242.338494,28.130877,38.294232,9.53357500002,431958366,863475732,0,441000192,441000192,0,441000192,949312512,0,32402.523068,32389.109865,339.086324,30988.742579,1074.694165,441000192,2048
1,shadow,all_delta,64,1,published,9466817,2,0,0,33627.194229,33633.073184,33633.07506,33633.075888,0,0.0376590000014,0.0282890000017,0.0841680000012,228900,0,441000192,229120,0,0,0,508541440,34549.795804,34549.823649,33633.075888,922.62942,33627.17549,0.0187389999992,0,2048
1,shadow,all_delta,64,2,published,10232664,3,0,0,33750.091304,33765.615385,33765.61747,33765.619327,0,3.932644,4.12306899999,0.949764999998,32165574,0,441000192,32394752,0,0,0,540707072,0,33765.619185,33765.619327,15.528023,33750.070843,0.0204610000001,0,2048
1,shadow,all_delta,64,3,published,10234444,4,0,0,33875.02765,33880.987785,33880.989942,33880.991685,0,0.0101719999948,0.00937600000179,0.0775499999945,74760,0,441000192,32469760,0,0,0,540782080,0,33880.991419,33880.991685,5.964035,33875.007802,0.0198480000035,0,2048
1,shadow,all_delta,64,4,published,10269993,5,0,0,33998.018063,34003.946499,34003.948716,34003.950759,0,0.315320000002,0.18201199999,0.110384,1493058,0,441000192,33963008,0,0,0,542275328,0,34003.950583,34003.950759,5.932696,33998.002466,0.0155970000051,0,2048
1,shadow,all_delta,64,5,published,10274223,6,0,0,34120.798849,34126.699547,34126.701905,34126.703722,0,0.0286750000014,0.023000000001,0.0750890000054,177660,0,441000192,34140672,0,0,0,542452992,0,34126.703555,34126.703722,5.904873,34120.77945,0.0193989999971,0,2048
1,shadow,all_delta,64,6,published,10279473,7,0,0,34243.721523,34249.783,34249.785845,34249.787466,0,0.0349659999993,0.0263750000013,0.0836670000062,220500,0,441000192,34361344,0,0,0,542673664,0,34249.78731,34249.787466,6.065943,34243.704554,0.0169689999966,0,2048
1,growth,all_delta,64,1,published,9466817,2,0,0,34690.660323,34696.761013,34696.763226,34696.764261,0,0.0368510000044,0.0296390000003,0.0845370000025,228900,0,441000192,229120,0,0,0,508541440,34696.757841,34696.840209,34696.764261,6.17988600001,34690.645421,0.0149019999953,0,2048
1,growth,all_delta,64,2,published,10232664,3,0,0,34814.424768,34830.376588,34830.37894,34830.381071,0,3.70527000001,3.30809100001,0.848708000005,32165574,0,441229312,32165632,0,0,0,540707072,34830.365707,34831.544044,34830.381071,17.119276,34814.401947,0.0228209999987,0,2048
1,growth,all_delta,64,3,published,10234444,4,0,0,34960.985883,34971.266825,34971.269277,34971.271549,0,0.0104809999975,0.00754400000733,0.0480029999962,74760,0,473394944,75008,0,0,0,540782080,34974.163808,34974.175256,34971.271549,13.189373,34960.963857,0.0220259999987,0,2048
1,growth,all_delta,64,4,published,10269993,5,0,0,35111.659362,35118.54447,35118.547198,35118.549813,0,0.305192,0.146208999999,0.144416000003,1493058,0,473469952,1493248,0,0,0,542275328,35118.540926,35118.636336,35118.549813,6.976974,35111.637781,0.0215810000009,0,2048
1,growth,all_delta,64,5,published,10274223,6,0,0,35259.964883,35266.833737,35266.836611,35266.83933,0,0.0281600000017,0.0175919999965,0.0811590000085,177660,0,474963200,177664,0,0,0,542452992,35266.831904,35266.930283,35266.83933,6.9654,35259.941203,0.0236799999984,0,2048
1,growth,all_delta,64,6,published,10279473,7,0,0,35409.015677,35415.907481,35415.910753,35415.913549,0,0.0357070000027,0.0220659999977,0.0811230000036,220500,0,475140864,220672,0,0,0,542673664,35415.906753,35416.006587,35415.913549,6.99091,35408.990356,0.025321000001,0,2048
2,sequential,size_tiered,1,0,published,9461367,1,0,0,672.488947,764.511626,764.513185,764.514146,0,33.301273,42.600577,9.29404,397377414,0,0,441000192,0,0,0,508312320,0,764.514146,764.514146,92.025199,672.488947,0,0,1280
2,sequential,size_tiered,1,1,published,9466817,2,0,0,788.21614,792.258727,792.261049,792.261923,0,0.0161039999999,0.0303690000001,0.04828,228900,0,0,441229312,0,0,0,508541440,787.872703,792.269537,792.261923,4.053397,788.21614,0,0,1280
2,sequential,size_tiered,1,2,published,10232664,2,1,0,815.674681,862.19899,862.200582,862.201121,22.863527,5.397449,6.762659,1.595514,64560048,64788948,0,473394688,229120,0,229120,540935936,815.65789,862.211068,862.210909,46.536387,815.674681,0,229120,1280
2,sequential,size_tiered,1,3,published,10234444,3,0,0,888.528738,893.031652,893.03327,893.033874,0,0.00538399999994,0.010324,0.0441840000001,74760,0,0,473469696,0,0,0,540781824,888.511792,893.041999,893.033874,4.513261,888.528738,0,0,1280
2,sequential,size_tiered,1,4,published,10269993,3,1,0,919.553301,930.685951,930.687871,930.689197,0.955497,0.242258,0.29446,0.220282,3060876,3135636,0,474962688,75008,0,75008,542349824,919.533565,930.69887,930.698669,11.145569,919.553301,0,75008,1280
2,sequential,size_tiered,1,5,published,10274223,4,0,0,957.412413,961.638699,961.641601,961.642518,0,0.012123,0.0213639999999,0.04868,177660,0,0,475140352,0,0,0,542452480,957.39497,961.651364,961.642518,4.238951,957.412413,0,0,1280
2,sequential,size_tiered,1,6,published,10279473,4,1,0,988.344862,996.77442,996.777071,996.778061,0.237243,0.042976,0.0605749999999,0.108213,618660,796320,0,475361024,177664,0,177664,542850816,988.329014,996.787823,996.787569,8.442961,988.344862,0,177664,1280
2,sequential,compact,1,0,published,9461367,1,0,0,1025.159226,1112.988299,1112.989625,1112.990232,0,33.442187,41.072647,9.249813,397377414,0,0,441000192,0,0,0,508312320,0,1112.990232,1112.990232,87.831006,1025.159226,0,0,1280
2,sequential,compact,1,1,published_merge_deferred,9466817,2,0,1,1136.316492,1140.357558,1140.358708,1140.359299,0,0.015944,0.021692,0.0503610000001,228900,0,0,441229312,0,0,0,508541440,1136.300109,1140.367407,1140.359299,4.050915,1136.316492,0,0,1280
2,sequential,compact,1,2,published_merge_deferred,10232664,3,0,1,1163.725367,1174.364828,1174.36634,1174.367739,0,2.68446,3.173136,0.788373,32165574,0,0,473394944,0,0,0,540707072,1163.703385,1174.377059,1174.367739,10.651692,1163.725367,0,0,1280
2,sequential,compact,1,3,published_merge_deferred,10234444,4,0,1,1200.773062,1204.802205,1204.804485,1204.805404,0,0.00524900000005,0.00632500000006,0.0410509999997,74760,0,0,473469952,0,0,0,540782080,1200.756834,1204.813519,1204.805404,4.040457,1200.773062,0,0,1280
2,sequential,compact,1,4,published_merge_deferred,10269993,5,0,1,1231.211727,1235.529724,1235.532242,1235.533186,0,0.117935,0.136152,0.107543,1493058,0,0,474963200,0,0,0,542275328,1231.196224,1235.541288,1235.533186,4.329561,1231.211727,0,0,1280
2,sequential,compact,1,5,published_merge_deferred,10274223,6,0,1,1262.158155,1266.200898,1266.203367,1266.204362,0,0.012027,0.017294,0.0469230000001,177660,0,0,475140864,0,0,0,542452992,1262.14258,1266.212131,1266.204362,4.053976,1262.158155,0,0,1280
2,sequential,compact,1,6,published_merge_deferred,10279473,7,0,1,1292.816347,1296.833585,1296.836442,1296.837528,0,0.0150939999999,0.0219589999999,0.051414,220500,0,0,475361536,0,0,0,542673664,1292.787815,1296.845339,1296.837528,4.028992,1292.816347,0,0,1280
2,sequential,all_delta,1,0,published,9461367,1,0,0,1323.845931,1412.007414,1412.008622,1412.009201,0,33.32617,40.733728,9.24517,397377414,0,0,441000192,0,0,0,508312320,0,1412.009201,1412.009201,88.16327,1323.845931,0,0,1280
2,sequential,all_delta,1,1,published,9466817,2,0,0,1435.376921,1441.120932,1441.1225,1441.123173,0,0.0160050000002,0.0212240000001,0.0534440000001,228900,0,0,441229312,0,0,0,508541440,1435.359398,1441.131429,1441.123173,5.754508,1435.376921,0,0,1280
2,sequential,all_delta,1,2,published,10232664,3,0,0,1464.436477,1476.034899,1476.036694,1476.037612,0,2.698534,3.206183,0.797404,32165574,0,0,473394944,0,0,0,540707072,1464.419532,1476.047722,1476.037612,11.611245,1464.436477,0,0,1280
2,sequential,all_delta,1,3,published,10234444,4,0,0,1502.427774,1506.648661,1506.650574,1506.651231,0,0.00532500000008,0.00643600000035,0.042156,74760,0,0,473469952,0,0,0,540782080,1502.410887,1506.659326,1506.651231,4.231552,1502.427774,0,0,1280
2,sequential,all_delta,1,4,published,10269993,5,0,0,1533.022281,1537.521706,1537.523989,1537.525381,0,0.117669,0.136237,0.107821,1493058,0,0,474963200,0,0,0,542275328,1532.964073,1537.533297,1537.525381,4.511016,1533.022281,0,0,1280
2,sequential,all_delta,1,5,published,10274223,6,0,0,1564.14306,1568.626902,1568.629388,1568.630326,0,0.012142,0.017908,0.0431679999999,177660,0,0,475140864,0,0,0,542452992,1564.126431,1568.637864,1568.630326,4.494804,1564.14306,0,0,1280
2,sequential,all_delta,1,6,published,10279473,7,0,0,1595.2494,1599.328581,1599.331555,1599.332564,0,0.015077,0.0281539999999,0.0513839999999,220500,0,0,475361536,0,0,0,542673664,1595.233559,1599.340908,1599.332564,4.091508,1595.2494,0,0,1280
2,sequential,periodic2,1,0,published,9461367,1,0,0,1626.390229,1713.634686,1713.635982,1713.636625,0,33.320525,40.590324,9.255206,397377414,0,0,441000192,0,0,0,508312320,0,1713.636625,1713.636625,87.246396,1626.390229,0,0,1280
2,sequential,periodic2,1,1,published,9466817,2,0,0,1737.016721,1741.0667,1741.068279,1741.068783,0,0.0156219999999,0.0212309999999,0.0514209999999,228900,0,0,441229312,0,0,0,508541440,1736.998187,1741.077239,1741.068783,4.060518,1737.016721,0,0,1280
2,sequential,periodic2,1,2,published_merge_deferred,10232664,3,0,1,1764.500754,1775.451398,1775.453257,1775.454232,0,2.705015,3.180389,0.800983,32165574,0,0,473394944,0,0,0,540707072,1764.484459,1775.464308,1775.454232,10.963554,1764.500754,0,0,1280
2,sequential,periodic2,1,3,published,10234444,4,0,0,1801.915969,1805.938934,1805.941101,1805.941852,0,0.00494300000014,0.00635000000011,0.043907,74760,0,0,473469952,0,0,0,540782080,1801.898296,1805.950819,1805.941852,4.03485,1801.915969,0,0,1280
2,sequential,periodic2,1,4,published_merge_deferred,10269993,5,0,1,1832.393811,1836.730042,1836.732594,1836.733523,0,0.117839,0.132027,0.107754,1493058,0,0,474963200,0,0,0,542275328,1832.377641,1836.742112,1836.733523,4.348301,1832.393811,0,0,1280
2,sequential,periodic2,1,5,published,10274223,6,0,0,1863.375761,1867.388222,1867.390902,1867.391913,0,0.0124269999999,0.0171329999998,0.047536,177660,0,0,475140864,0,0,0,542452992,1863.358815,1867.400441,1867.391913,4.02468,1863.375761,0,0,1280
2,sequential,periodic2,1,6,published_merge_deferred,10279473,7,0,1,1894.020581,1898.03058,1898.033532,1898.034498,0,0.0149680000002,0.0210610000001,0.0495899999999,220500,0,0,475361536,0,0,0,542673664,1894.004079,1898.043424,1898.034498,4.022843,1894.020581,0,0,1280
2,sequential,size_tiered,8,0,published,9461367,1,0,0,1925.067755,2026.492363,2026.493705,2026.494302,0,33.345173,50.401954,13.571173,397377414,0,0,441000192,0,0,0,508312320,0,2026.494302,2026.494302,101.426547,1925.067755,0,0,1280
2,sequential,size_tiered,8,1,published,9466817,2,0,0,2042.938859,2047.041815,2047.043124,2047.043747,0,0.018951,0.0370399999999,0.0525299999997,228900,0,0,441229312,0,0,0,508541440,2042.914728,2047.05139,2047.043747,4.112531,2042.938859,0,0,1280
2,sequential,size_tiered,8,2,published,10232664,2,1,0,2063.481728,2106.224374,2106.225876,2106.22654,20.896704,5.39581,6.409417,1.569836,64560048,64788948,0,473394688,229120,0,229120,540935936,2063.460416,2106.235929,2106.235744,42.754201,2063.481728,0,229120,1280
2,sequential,size_tiered,8,3,published,10234444,3,0,0,2126.006189,2129.985205,2129.986935,2129.987586,0,0.00633199999993,0.0312060000001,0.0421389999997,74760,0,0,473469696,0,0,0,540781824,2125.43577,2129.995106,2129.987586,3.988917,2126.006189,0,0,1280
2,sequential,size_tiered,8,4,published,10269993,3,1,0,2149.28687,2159.840637,2159.842526,2159.843223,0.970446,0.25951,0.289786,0.216174,3060876,3135636,0,474962688,75008,0,75008,542349824,2149.259526,2159.852726,2159.852501,10.565856,2149.28687,0,75008,1280
2,sequential,size_tiered,8,5,published,10274223,4,0,0,2179.138763,2185.848443,2185.850911,2185.851791,0,0.015312,0.0322070000002,0.0491570000004,177660,0,0,475140352,0,0,0,542452480,2179.107781,2186.47373,2185.851791,7.334967,2179.138763,0,0,1280
2,sequential,size_tiered,8,6,published,10279473,4,1,0,2205.888388,2214.13524,2214.137469,2214.138847,0.211814,0.0480910000001,0.0799330000009,0.108333,618660,796320,0,475361024,177664,0,177664,542850816,2205.864798,2214.198748,2214.198567,8.31036,2205.888388,0,177664,1280
2,sequential,compact,8,0,published,9461367,1,0,0,2233.723789,2397.962872,2397.964228,2397.96492,0,33.406977,117.671417,9.1702,397377414,0,0,441000192,0,0,0,508312320,0,2397.96492,2397.96492,164.241131,2233.723789,0,0,1280
2,sequential,compact,8,1,published_merge_deferred,9466817,2,0,1,2414.368299,2418.311429,2418.312629,2418.313241,0,0.015613,0.0214649999998,0.0517209999998,228900,0,0,441229312,0,0,0,508541440,2414.346337,2418.320808,2418.313241,3.952509,2414.368299,0,0,1280
2,sequential,compact,8,2,published_merge_deferred,10232664,3,0,1,2434.706333,2445.411435,2445.4131,2445.413825,0,2.704289,3.249176,0.802302,32165574,0,0,473394944,0,0,0,540707072,2434.685987,2445.42212,2445.413825,10.715787,2434.706333,0,0,1280
2,sequential,compact,8,3,published_merge_deferred,10234444,4,0,1,2464.699024,2468.648563,2468.650265,2468.651638,0,0.00531299999966,0.00657300000012,0.0355289999998,74760,0,0,473469952,0,0,0,540782080,2464.675843,2468.659726,2468.651638,3.960702,2464.699024,0,0,1280
2,sequential,compact,8,4,published_merge_deferred,10269993,5,0,1,2488.042933,2492.339971,2492.342629,2492.343465,0,0.118374,0.136208,0.104735999999,1493058,0,0,474963200,0,0,0,542275328,2488.022082,2492.351196,2492.343465,4.308263,2488.042933,0,0,1280
2,sequential,compact,8,5,published_merge_deferred,10274223,6,0,1,2511.783636,2515.714462,2515.716899,2515.717673,0,0.0121690000001,0.0158560000004,0.0472869999994,177660,0,0,475140864,0,0,0,542452992,2511.763727,2515.725667,2515.717673,3.942031,2511.783636,0,0,1280
2,sequential,compact,8,6,published_merge_deferred,10279473,7,0,1,2535.218928,2539.173589,2539.176054,2539.179682,0,0.0149729999998,0.0217969999999,0.0503690000005,220500,0,0,475361536,0,0,0,542673664,2535.197785,2539.187522,2539.179682,3.968594,2535.218928,0,0,1280
2,sequential,all_delta,8,0,published,9461367,1,0,0,2558.806001,2647.291313,2647.292413,2647.292926,0,33.388373,41.966483,9.218538,397377414,0,0,441000192,0,0,0,508312320,0,2647.292926,2647.292926,88.486925,2558.806001,0,0,1280
2,sequential,all_delta,8,1,published,9466817,2,0,0,2663.657311,2667.641282,2667.642435,2667.642952,0,0.0158369999999,0.021283,0.0508729999997,228900,0,0,441229312,0,0,0,508541440,2663.635089,2667.650222,2667.642952,3.992911,2663.657311,0,0,1280
2,sequential,all_delta,8,2,published,10232664,3,0,0,2684.123625,2694.751614,2694.753004,2694.753647,0,2.698273,3.258982,0.782393,32165574,0,0,473394944,0,0,0,540707072,2684.103074,2694.761623,2694.753647,10.637998,2684.123625,0,0,1280
2,sequential,all_delta,8,3,published,10234444,4,0,0,2713.987222,2717.905782,2717.907376,2717.908051,0,0.00521500000013,0.0064639999996,0.0441979999996,74760,0,0,473469952,0,0,0,540782080,2713.966451,2717.915489,2717.908051,3.928267,2713.987222,0,0,1280
2,sequential,all_delta,8,4,published,10269993,5,0,0,2737.284493,2742.556999,2742.559239,2742.560706,0,0.117428,0.147402,0.106116,1493058,0,0,474963200,0,0,0,542275328,2737.240323,2742.571483,2742.560706,5.28699,2737.284493,0,0,1280
2,sequential,all_delta,8,5,published,10274223,6,0,0,2761.99965,2766.001415,2766.004218,2766.005121,0,0.0123210000002,0.0160059999994,0.047763,177660,0,0,475140864,0,0,0,542452992,2761.975789,2766.013312,2766.005121,4.013662,2761.99965,0,0,1280
2,sequential,all_delta,8,6,published,10279473,7,0,0,2785.507483,2789.448294,2789.451146,2789.452081,0,0.0149329999999,0.0210189999998,0.0494000000003,220500,0,0,475361536,0,0,0,542673664,2785.485722,2789.460498,2789.452081,3.953015,2785.507483,0,0,1280
2,sequential,periodic2,8,0,published,9461367,1,0,0,2809.110714,2897.629475,2897.630828,2897.631306,0,33.451105,41.905425,9.1909,397377414,0,0,441000192,0,0,0,508312320,0,2897.631306,2897.631306,88.520592,2809.110714,0,0,1280
2,sequential,periodic2,8,1,published,9466817,2,0,0,2913.961904,2919.979768,2919.981459,2919.981999,0,0.0157409999997,0.0206520000002,0.0524350000001,228900,0,0,441229312,0,0,0,508541440,2913.937697,2919.989843,2919.981999,6.027939,2913.961904,0,0,1280
2,sequential,periodic2,8,2,published_merge_deferred,10232664,3,0,1,2936.395363,2947.633081,2947.634632,2947.635228,0,2.685934,3.243737,0.788385,32165574,0,0,473394944,0,0,0,540707072,2936.369279,2947.643345,2947.635228,11.247982,2936.395363,0,0,1280
2,sequential,periodic2,8,3,published,10234444,4,0,0,2966.852076,2971.652382,2971.654379,2971.655639,0,0.00523999999996,0.00614700000051,0.0381309999998,74760,0,0,473469952,0,0,0,540782080,2966.823085,2971.667151,2971.655639,4.815075,2966.852076,0,0,1280
2,sequential,periodic2,8,4,published_merge_deferred,10269993,5,0,1,2991.019401,2995.29425,2995.296624,2995.29754,0,0.118022,0.143719,0.106723000001,1493058,0,0,474963200,0,0,0,542275328,2990.996941,2995.306036,2995.29754,4.286635,2991.019401,0,0,1280
2,sequential,periodic2,8,5,published,10274223,6,0,0,3014.756823,3018.640261,3018.642847,3018.643726,0,0.0123739999999,0.0159429999999,0.0449920000001,177660,0,0,475140864,0,0,0,542452992,3014.735858,3018.651291,3018.643726,3.894468,3014.756823,0,0,1280
2,sequential,periodic2,8,6,published_merge_deferred,10279473,7,0,1,3038.132993,3042.11623,3042.118934,3042.119872,0,0.0151519999999,0.0202649999992,0.0492259999996,220500,0,0,475361536,0,0,0,542673664,3038.108721,3042.127823,3042.119872,3.99483,3038.132993,0,0,1280
2,sequential,size_tiered,64,0,published,9461367,1,0,0,3061.674922,3153.668063,3153.673509,3153.674076,0,33.441642,44.836179,9.243773,397377414,0,0,441000192,0,0,0,508312320,0,3153.674076,3153.674076,91.999154,3061.674922,0,0,1280
2,sequential,size_tiered,64,1,published,9466817,2,0,0,3169.217786,3173.376094,3173.377508,3173.378071,0,0.0158399999996,0.0810720000004,0.0531640000004,228900,0,0,441229312,0,0,0,508541440,3169.140971,3173.385542,3173.378071,4.167756,3169.217786,0,0,1280
2,sequential,size_tiered,64,2,published,10232664,2,1,0,3188.969515,3227.188659,3227.190139,3227.190926,5.738156,5.814344,16.643669,1.593047,64560048,64788948,0,473394688,229120,0,229120,540935936,3188.922283,3227.20083,3227.200645,38.231315,3188.969515,0,229120,1280
2,sequential,size_tiered,64,3,published,10234444,3,0,0,3245.512607,3249.483764,3249.485485,3249.486124,0,0.0064940000002,0.00665900000013,0.0407540000001,74760,0,0,473469696,0,0,0,540781824,3245.458957,3249.493527,3249.486124,3.98092,3245.512607,0,0,1280
2,sequential,size_tiered,64,4,published,10269993,3,1,0,3267.847188,3277.165532,3277.167201,3277.16787,0.270882,0.242018,0.787768,0.211394999999,3060876,3135636,0,474962688,75008,0,75008,542349824,3267.794801,3277.185033,3277.18471,9.337845,3267.847188,0,75008,1280
2,sequential,size_tiered,64,5,published,10274223,4,0,0,3295.632216,3299.630179,3299.632038,3299.632703,0,0.0123200000003,0.0699739999995,0.0458239999998,177660,0,0,475140352,0,0,0,542452480,3295.578662,3299.64068,3299.632703,4.008464,3295.632216,0,0,1280
2,sequential,size_tiered,64,6,published,10279473,4,1,0,3318.159709,3326.167888,3326.169609,3326.170301,0.0677959999998,0.0470719999998,0.125986999999,0.109368999999,618660,796320,0,475361024,177664,0,177664,542850816,3318.107944,3326.182585,3326.182373,8.022876,3318.159709,0,177664,1280
2,sequential,compact,64,0,published,9461367,1,0,0,3344.841397,3483.569465,3483.570729,3483.571369,0,33.372409,92.307307,9.098418,397377414,0,0,441000192,0,0,0,508312320,0,3483.571369,3483.571369,138.729972,3344.841397,0,0,1280
2,sequential,compact,64,1,published_merge_deferred,9466817,2,0,1,3499.075142,3503.737507,3503.738788,3503.739273,0,0.0156109999998,0.0206329999996,0.0571319999999,228900,0,0,441229312,0,0,0,508541440,3499.027387,3503.748719,3503.739273,4.673577,3499.075142,0,0,1280
2,sequential,compact,64,2,published_merge_deferred,10232664,3,0,1,3519.283698,3530.786379,3530.788046,3530.788712,0,2.68583,3.194328,0.788324,32165574,0,0,473394944,0,0,0,540707072,3519.231584,3530.811296,3530.788712,11.527598,3519.283698,0,0,1280
2,sequential,compact,64,3,published_merge_deferred,10234444,4,0,1,3549.09061,3553.478681,3553.479961,3553.480496,0,0.00320499999998,0.0052069999997,0.0402480000002,74760,0,0,473469952,0,0,0,540782080,3549.044951,3553.487869,3553.480496,4.397259,3549.09061,0,0,1280
2,sequential,compact,64,4,published_merge_deferred,10269993,5,0,1,3571.880082,3576.383449,3576.385109,3576.386027,0,0.0909499999998,0.110769,0.0904440000004,1493058,0,0,474963200,0,0,0,542275328,3571.834861,3576.395966,3576.386027,4.515884,3571.880082,0,0,1280
2,sequential,compact,64,5,published_merge_deferred,10274223,6,0,1,3595.138628,3598.396866,3598.398472,3598.399252,0,0.00853800000004,0.0132030000004,0.0441460000002,177660,0,0,475140864,0,0,0,542452992,3594.81333,3598.405815,3598.399252,3.267187,3595.138628,0,0,1280
2,sequential,compact,64,6,published_merge_deferred,10279473,7,0,1,3617.139396,3620.348092,3620.350101,3620.350852,0,0.0112440000003,0.017636,0.045431,220500,0,0,475361536,0,0,0,542673664,3616.938855,3620.358161,3620.350852,3.218765,3617.139396,0,0,1280
2,sequential,all_delta,64,0,published,9461367,1,0,0,3638.97634,3713.272769,3713.273774,3713.274222,0,25.952514,36.540203,8.565394,397377414,0,0,441000192,0,0,0,508312320,0,3713.274222,3713.274222,74.297882,3638.97634,0,0,1280
2,sequential,all_delta,64,1,published,9466817,2,0,0,3728.578977,3731.73821,3731.739091,3731.739516,0,0.011364,0.017253,0.0396590000005,228900,0,0,441229312,0,0,0,508541440,3728.541496,3731.745362,3731.739516,3.166385,3728.578977,0,0,1280
2,sequential,all_delta,64,2,published,10232664,3,0,0,3747.11918,3755.805631,3755.806918,3755.807404,0,2.104829,2.663186,0.726110999999,32165574,0,0,473394944,0,0,0,540707072,3747.080966,3755.814848,3755.807404,8.695668,3747.11918,0,0,1280
2,sequential,all_delta,64,3,published,10234444,4,0,0,3774.078378,3777.217639,3777.219205,3777.219655,0,0.00311099999999,0.00521600000002,0.037769,74760,0,0,473469952,0,0,0,540782080,3774.034454,3777.225775,3777.219655,3.147397,3774.078378,0,0,1280
2,sequential,all_delta,64,4,published,10269993,5,0,0,3795.604069,3799.049525,3799.051085,3799.051592,0,0.0909899999997,0.11237,0.094615,1493058,0,0,474963200,0,0,0,542275328,3795.56419,3799.057956,3799.051592,3.453887,3795.604069,0,0,1280
2,sequential,all_delta,64,5,published,10274223,6,0,0,3817.531105,3820.703005,3820.704586,3820.705407,0,0.009141,0.013183,0.0434139999998,177660,0,0,475140864,0,0,0,542452992,3817.489936,3820.711641,3820.705407,3.180536,3817.531105,0,0,1280
2,sequential,all_delta,64,6,published,10279473,7,0,0,3839.262922,3842.515007,3842.51688,3842.517477,0,0.010636,0.0172729999999,0.0441410000008,220500,0,0,475361536,0,0,0,542673664,3839.222604,3842.523794,3842.517477,3.260872,3839.262922,0,0,1280
2,sequential,periodic2,64,0,published,9461367,1,0,0,3861.137192,3934.980993,3934.981902,3934.982315,0,25.91026,36.152523,8.566416,397377414,0,0,441000192,0,0,0,508312320,0,3934.982315,3934.982315,73.845123,3861.137192,0,0,1280
2,sequential,periodic2,64,1,published,9466817,2,0,0,3950.305204,3953.509394,3953.510242,3953.510647,0,0.0113419999998,0.0167919999999,0.0462940000002,228900,0,0,441229312,0,0,0,508541440,3950.266372,3953.516668,3953.510647,3.211464,3950.305204,0,0,1280
2,sequential,periodic2,64,2,published_merge_deferred,10232664,3,0,1,3968.903797,3977.522883,3977.523991,3977.524399,0,2.102519,2.650094,0.726340000001,32165574,0,0,473394944,0,0,0,540707072,3968.866938,3977.530515,3977.524399,8.626718,3968.903797,0,0,1280
2,sequential,periodic2,64,3,published,10234444,4,0,0,3995.808319,3998.958109,3998.959368,3998.959889,0,0.00292600000012,0.00513299999966,0.0391889999996,74760,0,0,473469952,0,0,0,540782080,3995.768487,3998.966697,3998.959889,3.158378,3995.808319,0,0,1280
2,sequential,periodic2,64,4,published_merge_deferred,10269993,5,0,1,4017.38233,4020.797176,4020.798748,4020.799451,0,0.0898509999997,0.111548,0.0885720000001,1493058,0,0,474963200,0,0,0,542275328,4017.340739,4020.805855,4020.799451,3.423525,4017.38233,0,0,1280
2,sequential,periodic2,64,5,published,10274223,6,0,0,4039.253206,4042.403617,4042.405325,4042.405877,0,0.00899100000015,0.012988,0.0473970000003,177660,0,0,475140864,0,0,0,542452992,4039.212623,4042.411824,4042.405877,3.158618,4039.253206,0,0,1280
2,sequential,periodic2,64,6,published_merge_deferred,10279473,7,0,1,4060.960316,4064.125503,4064.127778,4064.12841,0,0.010757,0.0164780000005,0.0458759999997,220500,0,0,475361536,0,0,0,542673664,4060.918383,4064.134651,4064.12841,3.174335,4060.960316,0,0,1280
2,sequential,size_tiered,1,0,published,9461367,1,0,0,746.710515,847.773014,847.774674,847.775965,0,33.720366,46.24937,13.566959,397377414,0,0,441000192,0,0,0,508312320,0,847.775965,847.775965,101.06545,746.710515,0,0,2048
2,sequential,size_tiered,1,1,published,9466817,2,0,0,872.756666,880.581825,880.584271,880.585309,0,0.0152750000001,0.034816,0.0567169999999,228900,0,0,441229312,0,0,0,508541440,872.426106,881.145844,880.585309,8.389178,872.756666,0,0,2048
2,sequential,size_tiered,1,2,published,10232664,2,1,0,905.800721,956.698247,956.699832,956.705145,24.959394,5.430526,7.888015,2.230225,64560048,64788948,0,473394688,229120,0,229120,540935936,905.782936,956.71623,956.715852,50.915509,905.800721,0,229120,2048
2,sequential,size_tiered,1,3,published,10234444,3,0,0,984.345771,988.710549,988.71231,988.712909,0,0.00468000000001,0.011408,0.045467,74760,0,0,473469696,0,0,0,540781824,984.328671,988.720979,988.712909,4.375208,984.345771,0,0,2048
2,sequential,size_tiered,1,4,published,10269993,3,1,0,1016.420814,1026.979796,1026.981934,1026.983266,1.171634,0.239912,0.329995,0.223851,3060876,3135636,0,474962688,75008,0,75008,542349824,1016.404125,1026.992766,1026.992526,10.571952,1016.420814,0,75008,2048
2,sequential,size_tiered,1,5,published,10274223,4,0,0,1054.759431,1058.977919,1058.980471,1058.981437,0,0.0110870000001,0.026251,0.050424,177660,0,0,475140352,0,0,0,542452480,1054.743535,1058.989451,1058.981437,4.23002,1054.759431,0,0,2048
2,sequential,size_tiered,1,6,published,10279473,4,1,0,1086.880662,1095.648594,1095.651258,1095.65224,0.279683,0.0413980000001,0.0841070000001,0.116701,618660,796320,0,475361024,177664,0,177664,542850816,1086.864334,1095.662022,1095.661842,8.78136,1086.880662,0,177664,2048
2,sequential,compact,1,0,published,9461367,1,0,0,1125.529997,1220.883362,1220.884642,1220.885353,0,33.412164,43.971332,13.22116,397377414,0,0,441000192,0,0,0,508312320,0,1220.885353,1220.885353,95.355356,1125.529997,0,0,2048
2,sequential,compact,1,1,published,9466817,1,1,0,1245.318239,1666.212395,1666.214238,1666.21497,311.426373,33.539779,53.78765,13.401581,397835214,795212628,0,441000192,441000192,0,441000192,949312512,1245.301682,1666.225031,1666.22467,420.906792,1245.318239,0,441000192,2048
2,sequential,compact,1,2,published,10232664,1,1,0,1690.757473,2256.783071,2256.786241,2256.786987,368.292867,42.254623,129.968328,15.569635,461937462,859543776,0,441000192,441000192,0,441000192,949312512,1690.739601,2277.686189,2256.798081,586.928716,1690.757473,0,441000192,2048
2,sequential,compact,1,3,published,10234444,1,1,0,2305.339949,2767.489487,2767.490945,2767.491696,344.329952,36.218672,57.66552,14.376126,429921408,859693296,0,441000192,441000192,0,441000192,949312512,2305.312548,2785.201888,2767.502167,479.861939,2305.339949,0,441000192,2048
2,sequential,compact,1,4,published,10269993,1,1,0,2812.760293,3370.86648,3370.868248,3370.868994,341.081123,36.367798,155.417807,14.502399,432832764,862679412,0,441000192,441000192,0,441000192,949312512,2812.733622,3390.323037,3370.878989,577.562744,2812.760293,0,441000192,2048
2,sequential,compact,1,5,published,10274223,1,1,0,3418.171283,3868.679383,3868.681161,3868.681979,332.716996,36.19284,57.100385,14.542397,431695026,863034732,0,441000192,441000192,0,441000192,949312512,3418.141831,3885.970864,3868.692451,467.799581,3418.171283,0,441000192,2048
2,sequential,compact,1,6,published,10279473,1,1,0,3913.768912,4449.102813,4449.104174,4449.105604,355.112409,36.36182,120.44717,14.519667,431958366,863475732,0,441000192,441000192,0,441000192,949312512,3913.74323,4469.270825,4449.115607,555.501913,3913.768912,0,441000192,2048
2,sequential,all_delta,1,0,published,9461367,1,0,0,4516.232398,4613.343197,4613.34445,4613.345232,0,30.799436,49.199871,12.702188,397377414,0,0,441000192,0,0,0,508312320,0,4613.345232,4613.345232,97.112834,4516.232398,0,0,2048
2,sequential,all_delta,1,1,published,9466817,2,0,0,4637.00097,4640.488788,4640.489993,4640.49045,0,0.0150560000002,0.043615999999,0.0437380000003,228900,0,0,441229312,0,0,0,508541440,4636.986743,4640.4969,4640.49045,3.49593,4637.00097,0,0,2048
2,sequential,all_delta,1,2,published,10232664,3,0,0,4664.547995,4675.426006,4675.427512,4675.428404,0,2.113701,4.210235,1.047467,32165574,0,0,473394944,0,0,0,540707072,4664.530386,4675.435405,4675.428404,10.88741,4664.547995,0,0,2048
2,sequential,all_delta,1,3,published,10234444,4,0,0,4701.947729,4705.744558,4705.746009,4705.746924,0,0.00400999999965,0.0099280000004,0.0421120000001,74760,0,0,473469952,0,0,0,540782080,4701.931813,4705.753965,4705.746924,3.806236,4701.947729,0,0,2048
2,sequential,all_delta,1,4,published,10269993,5,0,0,4732.631666,4736.752837,4736.75474,4736.755879,0,0.094094,0.202659,0.0994799999999,1493058,0,0,474963200,0,0,0,542275328,4732.617047,4736.762587,4736.755879,4.130921,4732.631666,0,0,2048
2,sequential,all_delta,1,5,published,10274223,6,0,0,4763.643327,4767.182727,4767.184535,4767.185607,0,0.00903000000017,0.0235419999999,0.0463519999994,177660,0,0,475140864,0,0,0,542452992,4763.629749,4767.192991,4767.185607,3.549664,4763.643327,0,0,2048
2,sequential,all_delta,1,6,published,10279473,7,0,0,4794.233242,4797.754058,4797.756171,4797.757249,0,0.0108410000003,0.0274550000004,0.0491019999999,220500,0,0,475361536,0,0,0,542673664,4794.219547,4797.764307,4797.757249,3.531065,4794.233242,0,0,2048
2,sequential,periodic2,1,0,published,9461367,1,0,0,4825.037703,4906.301857,4906.303267,4906.303947,0,25.981894,40.408896,11.278666,397377414,0,0,441000192,0,0,0,508312320,0,4906.303947,4906.303947,81.266244,4825.037703,0,0,2048
2,sequential,periodic2,1,1,published,9466817,2,0,0,4930.000358,4935.78012,4935.781186,4935.781704,0,0.0114940000003,0.0277019999994,0.0502449999994,228900,0,0,441229312,0,0,0,508541440,4929.817792,4935.789413,4935.781704,5.789055,4930.000358,0,0,2048
2,sequential,periodic2,1,2,published,10232664,1,1,0,4959.822875,5367.575909,5367.577434,5367.578042,290.617298,30.17138,64.149624,14.688955,461937462,859543776,0,441000192,441229312,0,441229312,949541632,4959.363752,5367.587853,5367.587513,407.764978,4959.822875,0,441229312,2048
2,sequential,periodic2,1,3,published,10234444,2,0,0,5394.060178,5397.555035,5397.556505,5397.556987,0,0.00518499999998,0.0093139999999,0.0555019999993,74760,0,0,441075200,0,0,0,508387328,5394.046452,5397.563447,5397.556987,3.503269,5394.060178,0,0,2048
2,sequential,periodic2,1,4,published,10269993,1,1,0,5424.093659,5857.406728,5857.408303,5857.409014,312.949409,36.528942,60.112274,14.467487,432832764,862679412,0,441000192,441075200,0,441075200,949387520,5424.079175,5879.717817,5879.717469,455.624158,5424.093659,0,441075200,2048
2,sequential,periodic2,1,5,published,10274223,2,0,0,5907.311907,5912.591053,5912.592346,5912.593614,0,0.0125820000003,0.0279539999992,0.0525589999988,177660,0,0,441177856,0,0,0,508489984,5907.284108,5912.601746,5912.593614,5.289839,5907.311907,0,0,2048
2,sequential,periodic2,1,6,published,10279473,1,1,0,5940.250427,6410.328661,6410.330294,6410.331548,350.651729,36.357685,58.0752,14.429734,431958366,863475732,0,441000192,441177856,0,441177856,949490176,5940.23337,6427.776717,6427.776404,487.52629,5940.250427,0,441177856,2048
2,sequential,size_tiered,8,0,published,9461367,1,0,0,6483.481534,6829.612232,6829.614005,6829.615158,0,28.117364,305.026,8.305266,397377414,0,0,441000192,0,0,0,508312320,0,6829.615158,6829.615158,346.133624,6483.481534,0,0,2048
2,sequential,size_tiered,8,1,published,9466817,2,0,0,6845.852959,6849.299152,6849.30077,6849.301219,0,0.0115930000002,0.154933999999,0.0476659999986,228900,0,0,441229312,0,0,0,508541440,6845.810293,6849.308261,6849.301219,3.455302,6845.852959,0,0,2048
2,sequential,size_tiered,8,2,published,10232664,2,1,0,6865.495022,6926.780016,6926.781464,6926.782095,20.706372,5.240003,27.418994,1.42941,64560048,64788948,0,473394688,229120,0,229120,540935936,6865.476479,6926.790009,6926.789833,61.294987,6865.495022,0,229120,2048
2,sequential,size_tiered,8,3,published,10234444,3,0,0,6945.801391,6948.918726,6948.920589,6948.921127,0,0.0034969999997,0.00915900000018,0.0483979999999,74760,0,0,473469696,0,0,0,540781824,6945.781405,6948.927258,6948.921127,3.125867,6945.801391,0,0,2048
2,sequential,size_tiered,8,4,published,10269993,3,1,0,6967.947928,6978.444881,6978.446858,6978.447425,1.014009,0.185896999999,1.372859,0.172002,3060876,3135636,0,474962688,75008,0,75008,542349824,6967.92933,6978.458902,6978.458511,10.510974,6967.947928,0,75008,2048
2,sequential,size_tiered,8,5,published,10274223,4,0,0,6997.552784,7004.815305,7004.817418,7004.818551,0,0.00880300000063,0.123148,0.0433570000014,177660,0,0,475140352,0,0,0,542452480,6997.480116,7005.397255,7004.818551,7.844471,6997.552784,0,0,2048
2,sequential,size_tiered,8,6,published,10279473,4,1,0,7024.78865,7033.064672,7033.066601,7033.06732,0.386684,0.0322370000004,0.186691,0.097514,618660,796320,0,475361024,177664,0,177664,542850816,7024.527826,7033.075436,7033.075013,8.286786,7024.78865,0,177664,2048
2,sequential,compact,8,0,published,9461367,1,0,0,7052.49114,7127.239094,7127.240359,7127.240883,0,26.142241,36.804256,8.597609,397377414,0,0,441000192,0,0,0,508312320,0,7127.240883,7127.240883,74.749743,7052.49114,0,0,2048
2,sequential,compact,8,1,published,9466817,1,1,0,7143.380424,7454.905188,7454.906658,7454.907191,235.236393,26.006402,35.228382,8.683612,397835214,795212628,0,441000192,441000192,0,441000192,949312512,7143.363601,7454.91527,7454.915103,311.534846,7143.380424,0,441000192,2048
2,sequential,compact,8,2,published,10232664,1,1,0,7471.059167,7805.863975,7805.865332,7805.865949,246.58191,30.188974,41.437643,10.1111,461937462,859543776,0,441000192,441000192,0,441000192,949312512,7471.04256,7818.125532,7805.873097,347.066365,7471.059167,0,441000192,2048
2,sequential,compact,8,3,published,10234444,1,1,0,7837.106876,8170.406886,8170.407929,8170.408397,248.214741,28.032415,39.446153,9.417648,429921408,859693296,0,441000192,441000192,0,441000192,949312512,7837.080063,8183.678088,8170.416287,346.571212,7837.106876,0,441000192,2048
2,sequential,compact,8,4,published,10269993,1,1,0,8202.568207,8528.201962,8528.203275,8528.20382,242.762755,28.254041,38.359592,9.565432,432832764,862679412,0,441000192,441000192,0,441000192,949312512,8202.537259,8541.609313,8528.211368,339.041106,8202.568207,0,441000192,2048
2,sequential,compact,8,5,published,10274223,1,1,0,8564.463608,8888.868309,8888.869593,8888.870051,241.90935,28.343236,38.264348,9.40887099999,431695026,863034732,0,441000192,441000192,0,441000192,949312512,8564.436693,8902.521177,8888.878219,338.057569,8564.463608,0,441000192,2048
2,sequential,compact,8,6,published,10279473,1,1,0,8921.591564,9249.991854,9249.993086,9249.993687,244.281258,28.158288,38.793265,9.47086800001,431958366,863475732,0,441000192,441000192,0,441000192,949312512,8921.56396,9265.043857,9250.002185,343.452293,8921.591564,0,441000192,2048
2,sequential,all_delta,8,0,published,9461367,1,0,0,9301.281147,9467.68415,9467.685451,9467.686033,0,37.300592,117.198362,8.553169,397377414,0,0,441000192,0,0,0,508312320,0,9467.686033,9467.686033,166.404886,9301.281147,0,0,2048
2,sequential,all_delta,8,1,published,9466817,2,0,0,9483.870379,9487.014999,9487.016203,9487.016657,0,0.0112169999993,0.0203050000018,0.0548930000004,228900,0,0,441229312,0,0,0,508541440,9483.850761,9487.022526,9487.016657,3.152147,9483.870379,0,0,2048
2,sequential,all_delta,8,2,published,10232664,3,0,0,9503.246015,9512.149217,9512.150544,9512.151105,0,2.089968,2.925909,0.737761,32165574,0,0,473394944,0,0,0,540707072,9503.224231,9512.157076,9512.151105,8.911061,9503.246015,0,0,2048
2,sequential,all_delta,8,3,published,10234444,4,0,0,9531.177506,9534.279416,9534.280921,9534.281423,0,0.00328999999874,0.00503200000094,0.0396800000017,74760,0,0,473469952,0,0,0,540782080,9531.158989,9534.287356,9534.281423,3.10985,9531.177506,0,0,2048
2,sequential,all_delta,8,4,published,10269993,5,0,0,9553.492568,9556.925909,9556.92752,9556.928723,0,0.0954529999999,0.130966000001,0.0881659999995,1493058,0,0,474963200,0,0,0,542275328,9553.4715,9556.934774,9556.928723,3.442206,9553.492568,0,0,2048
2,sequential,all_delta,8,5,published,10274223,6,0,0,9576.173065,9579.283568,9579.285838,9579.28661,0,0.00861799999984,0.016126999999,0.0422989999988,177660,0,0,475140864,0,0,0,542452992,9576.151621,9579.29269,9579.28661,3.119625,9576.173065,0,0,2048
2,sequential,all_delta,8,6,published,10279473,7,0,0,9598.562347,9601.792204,9601.794142,9601.795152,0,0.010452999999,0.0193680000011,0.0447429999986,220500,0,0,475361536,0,0,0,542673664,9598.543993,9601.801149,9601.795152,3.238802,9598.562347,0,0,2048
2,sequential,periodic2,8,0,published,9461367,1,0,0,9621.184335,9694.57902,9694.580157,9694.580762,0,25.97798,35.717067,8.629729,397377414,0,0,441000192,0,0,0,508312320,0,9694.580762,9694.580762,73.396427,9621.184335,0,0,2048
2,sequential,periodic2,8,1,published,9466817,2,0,0,9710.729688,9714.399282,9714.40041,9714.400874,0,0.0113340000007,0.0190989999992,0.0461029999988,228900,0,0,441229312,0,0,0,508541440,9710.709445,9714.406986,9714.400874,3.677298,9710.729688,0,0,2048
2,sequential,periodic2,8,2,published,10232664,1,1,0,9730.60146,10066.898421,10066.899878,10066.900584,248.708087,30.113139,40.969589,10.042991,461937462,859543776,0,441000192,441229312,0,441229312,949541632,9730.580788,10066.909535,10066.909421,336.308075,9730.60146,0,441229312,2048
2,sequential,periodic2,8,3,published,10234444,2,0,0,10085.795799,10088.869829,10088.870953,10088.871395,0,0.00290400000085,0.00499299999865,0.0401969999984,74760,0,0,441075200,0,0,0,508387328,10085.773778,10088.877295,10088.871395,3.081496,10085.795799,0,0,2048
2,sequential,periodic2,8,4,published,10269993,1,1,0,10107.772219,10442.229243,10442.230621,10442.231275,250.496385,28.221245,38.759323,9.452247,432832764,862679412,0,441000192,441075200,0,441075200,949387520,10107.753912,10455.58196,10455.581529,347.809741,10107.772219,0,441075200,2048
2,sequential,periodic2,8,5,published,10274223,2,0,0,10474.618049,10477.790449,10477.791523,10477.79203,0,0.00858300000073,0.0156400000033,0.0463519999994,177660,0,0,441177856,0,0,0,508489984,10474.54631,10477.79807,10477.79203,3.180021,10474.618049,0,0,2048
2,sequential,periodic2,8,6,published,10279473,1,1,0,10496.889697,10829.468793,10829.472489,10829.473231,250.448791,28.165254,38.219789,9.387684,431958366,863475732,0,441000192,441177856,0,441177856,949490176,10496.866813,10843.621024,10843.62071,346.731327,10496.889697,0,441177856,2048
2,sequential,size_tiered,64,0,published,9461367,1,0,0,10880.751724,10989.080859,10989.082033,10989.082453,0,26.018183,70.343488,8.593273,397377414,0,0,441000192,0,0,0,508312320,0,10989.082453,10989.082453,108.330729,10880.751724,0,0,2048
2,sequential,size_tiered,64,1,published,9466817,2,0,0,11004.469446,11007.677597,11007.678712,11007.679132,0,0.011206000001,0.0685080000003,0.045411000001,228900,0,0,441229312,0,0,0,508541440,11004.430356,11007.684909,11007.679132,3.215463,11004.469446,0,0,2048
2,sequential,size_tiered,64,2,published,10232664,2,1,0,11023.140128,11069.171468,11069.172958,11069.17344,18.89326,4.500317,13.754157,1.454843,64560048,64788948,0,473394688,229120,0,229120,540935936,11023.102,11069.18112,11069.180987,46.040992,11023.140128,0,229120,2048
2,sequential,size_tiered,64,3,published,10234444,3,0,0,11087.433363,11091.138404,11091.139875,11091.140463,0,0.00280099999873,0.00473700000111,0.0397279999997,74760,0,0,473469696,0,0,0,540781824,11087.388683,11091.146988,11091.140463,3.713625,11087.433363,0,0,2048
2,sequential,size_tiered,64,4,published,10269993,3,1,0,11110.457034,11119.307372,11119.309109,11119.309641,0.689394000001,0.185556,0.637500000001,0.174640000001,3060876,3135636,0,474962688,75008,0,75008,542349824,11109.33409,11119.317964,11119.317721,8.86093,11110.457034,0,75008,2048
2,sequential,size_tiered,64,5,published,10274223,4,0,0,11137.754894,11144.654735,11144.656308,11144.656864,0,0.00856600000043,0.0155639999994,0.0442899999998,177660,0,0,475140352,0,0,0,542452480,11137.551598,11145.262276,11144.656864,7.507382,11137.754894,0,0,2048
2,sequential,size_tiered,64,6,published,10279473,4,1,0,11163.668067,11170.150596,11170.15261,11170.153353,0.058156000001,0.0318139999999,0.0537609999974,0.0954600000005,618660,796320,0,475361024,177664,0,177664,542850816,11163.624454,11170.161071,11170.160936,6.493004,11163.668067,0,177664,2048
2,sequential,compact,64,0,published,9461367,1,0,0,11188.865663,11262.222154,11262.22339,11262.223973,0,25.967938,35.631019,8.61732900001,397377414,0,0,441000192,0,0,0,508312320,0,11262.223973,11262.223973,73.35831,11188.865663,0,0,2048
2,sequential,compact,64,1,published,9466817,1,1,0,11277.532829,11576.581624,11576.58316,11576.583829,222.751844,25.906481,35.295798,8.691238,397835214,795212628,0,441000192,441000192,0,441000192,949312512,11277.495462,11576.591007,11576.590848,299.058178,11277.532829,0,441000192,2048
2,sequential,compact,64,2,published,10232664,1,1,0,11592.007763,11927.096588,11927.098087,11927.098561,244.794581,30.111635,41.016951,10.071642,461937462,859543776,0,441000192,441000192,0,441000192,949312512,11591.968931,11939.65978,11927.164313,347.652017,11592.007763,0,441000192,2048
2,sequential,compact,64,3,published,10234444,1,1,0,11957.806377,12290.453436,12290.454537,12290.455339,249.374277,28.128369,38.233077,9.355753,429921408,859693296,0,441000192,441000192,0,441000192,949312512,11957.755409,12305.031747,12290.463505,347.22537,11957.806377,0,441000192,2048
2,sequential,compact,64,4,published,10269993,1,1,0,12323.164064,12646.762933,12646.764226,12646.764837,241.13337,28.213347,38.037396,9.459002,432832764,862679412,0,441000192,441000192,0,441000192,949312512,12323.11142,12660.418474,12646.772276,337.25441,12323.164064,0,441000192,2048
2,sequential,compact,64,5,published,10274223,1,1,0,12678.585725,12999.60992,12999.61125,12999.611966,239.533102,28.126979,37.644,9.405025,431695026,863034732,0,441000192,441000192,0,441000192,949312512,12678.533972,13012.891442,12999.620221,334.305717,12678.585725,0,441000192,2048
2,sequential,compact,64,6,published,10279473,1,1,0,13031.185436,13354.312854,13354.314151,13354.31501,241.096364,28.149427,37.975274,9.509364,431958366,863475732,0,441000192,441000192,0,441000192,949312512,13031.134318,13367.772621,13354.32264,336.587185,13031.185436,0,441000192,2048
2,sequential,all_delta,64,0,published,9461367,1,0,0,13403.354055,13476.598438,13476.599363,13476.599925,0,26.107462,35.229384,8.683829,397377414,0,0,441000192,0,0,0,508312320,0,13476.599925,13476.599925,73.24587,13403.354055,0,0,2048
2,sequential,all_delta,64,1,published,9466817,2,0,0,13491.988164,13495.077391,13495.078386,13495.07889,0,0.0113270000002,0.0194549999978,0.045270999999,228900,0,0,441229312,0,0,0,508541440,13491.948647,13495.084727,13495.07889,3.096563,13491.988164,0,0,2048
2,sequential,all_delta,64,2,published,10232664,3,0,0,13510.479279,13519.204408,13519.205592,13519.206138,0,2.096432,2.831794,0.738837000003,32165574,0,0,473394944,0,0,0,540707072,13510.441065,13519.212054,13519.206138,8.732775,13510.479279,0,0,2048
2,sequential,all_delta,64,3,published,10234444,4,0,0,13537.446665,13540.506318,13540.507783,13540.508374,0,0.00320400000055,0.00478699999985,0.038262,74760,0,0,473469952,0,0,0,540782080,13537.408224,13540.514271,13540.508374,3.067606,13537.446665,0,0,2048
2,sequential,all_delta,64,4,published,10269993,5,0,0,13558.906665,13562.305616,13562.307205,13562.307819,0,0.0903699999999,0.125656000002,0.0830250000017,1493058,0,0,474963200,0,0,0,542275328,13558.86603,13562.313671,13562.307819,3.407006,13558.906665,0,0,2048
2,sequential,all_delta,64,5,published,10274223,6,0,0,13580.750691,13583.807918,13583.809686,13583.810585,0,0.00889599999937,0.0149580000016,0.0409209999998,177660,0,0,475140864,0,0,0,542452992,13580.709916,13583.81691,13583.810585,3.066219,13580.750691,0,0,2048
2,sequential,all_delta,64,6,published,10279473,7,0,0,13602.365948,13605.433942,13605.435805,13605.436562,0,0.01044,0.0181650000013,0.0430019999985,220500,0,0,475361536,0,0,0,542673664,13602.325668,13605.442673,13605.436562,3.076725,13602.365948,0,0,2048
2,sequential,periodic2,64,0,published,9461367,1,0,0,13624.261522,13696.829979,13696.830976,13696.831473,0,25.894965,35.000205,8.59638000001,397377414,0,0,441000192,0,0,0,508312320,0,13696.831473,13696.831473,72.569951,13624.261522,0,0,2048
2,sequential,periodic2,64,1,published,9466817,2,0,0,13712.145727,13715.248995,13715.250032,13715.250402,0,0.011176,0.0193099999997,0.0460380000004,228900,0,0,441229312,0,0,0,508541440,13712.108983,13715.256262,13715.250402,3.110535,13712.145727,0,0,2048
2,sequential,periodic2,64,2,published,10232664,1,1,0,13730.644705,14064.901908,14064.903335,14064.904137,247.154233,30.184154,40.468002,10.127435,461937462,859543776,0,441000192,441229312,0,441229312,949541632,13730.607298,14064.913313,14064.913166,334.268608,13730.644705,0,441229312,2048
2,sequential,periodic2,64,3,published,10234444,2,0,0,14083.028817,14086.081463,14086.082423,14086.082856,0,0.00343599999906,0.0047160000031,0.0371940000005,74760,0,0,441075200,0,0,0,508387328,14082.987574,14086.088727,14086.082856,3.05991,14083.028817,0,0,2048
2,sequential,periodic2,64,4,published,10269993,1,1,0,14104.207588,14460.587218,14460.588798,14460.589498,258.071208,36.296651,43.928975,10.148705,432832764,862679412,0,441000192,441075200,0,441075200,949387520,14104.165202,14479.151635,14479.151206,374.944047,14104.207588,0,441075200,2048
2,sequential,periodic2,64,5,published,10274223,2,0,0,14497.502853,14501.535238,14501.536484,14501.537132,0,0.0122819999997,0.0173579999991,0.0469730000004,177660,0,0,441177856,0,0,0,508489984,14497.438358,14501.544369,14501.537132,4.041516,14497.502853,0,0,2048
2,sequential,periodic2,64,6,published,10279473,1,1,0,14519.987663,14907.133997,14907.136597,14907.13749,288.948122,36.345775,43.333179,10.071444,431958366,863475732,0,441000192,441177856,0,441177856,949490176,14519.930118,14924.991081,14924.990781,405.003418,14519.987663,0,441177856,2048
2,shadow,size_tiered,1,1,published,9466817,2,0,0,930.519931,936.96444,936.967186,936.968256,0,0.0394150000001,0.04533,0.0915339999999,228900,0,441000192,229120,0,0,0,508541440,964.886497,1017.137459,936.968256,86.617528,930.506739,0.013192,0,2048
2,shadow,size_tiered,1,2,published,10232664,2,1,0,939.778669,991.076251,991.07852,991.081633,26.236046,5.388787,7.655308,2.263473,64560048,64788948,0,473394688,229120,0,229120,540935936,0,991.081474,991.081633,51.302964,939.768578,0.010091,229120,2048
2,shadow,size_tiered,1,3,published,10234444,3,0,0,991.09225,995.133373,995.135212,995.136645,0,0.00624500000004,0.010704,0.04507,74760,0,0,473469696,0,0,0,540781824,0,995.136505,995.136645,4.044395,946.75327,44.33898,0,2048
2,shadow,size_tiered,1,4,published,10269993,3,1,0,995.14576,1004.9513,1004.953019,1004.955499,1.188092,0.24041,0.337044,0.215874,3060876,3135636,0,474962688,75008,0,75008,542349824,0,1004.955322,1004.955499,9.809739,950.137419,45.008341,75008,2048
2,shadow,size_tiered,1,5,published,10274223,4,0,0,1004.964115,1008.87906,1008.880744,1008.882239,0,0.012695,0.0249700000001,0.0468500000001,177660,0,0,475140352,0,0,0,542452480,0,1008.882093,1008.882239,3.918124,954.29693,50.667185,0,2048
2,shadow,size_tiered,1,6,published,10279473,4,1,0,1008.897589,1017.084674,1017.086337,1017.089239,0.273117,0.04125,0.083016,0.110986,618660,796320,0,475361024,177664,0,177664,542850816,0,1017.089077,1017.089239,8.19165,957.453517,51.444072,177664,2048
2,growth,size_tiered,1,1,published,9466817,2,0,0,1107.810648,1115.313683,1115.316207,1115.316986,0,0.0367720000002,0.0317129999999,0.0901329999999,228900,0,0,441229312,0,0,0,508541440,1115.310115,1115.328236,1115.316986,7.517588,1107.796601,0.0140469999999,0,2048
2,growth,size_tiered,1,2,published,10232664,2,1,0,1118.240293,1166.05505,1166.057349,1166.058809,23.238676,5.40667,6.96176,1.990371,64560048,64788948,0,473394688,229120,0,229120,540935936,1142.981109,1166.069022,1166.068736,47.828729,1118.230787,0.0095060000001,229120,2048
2,growth,size_tiered,1,3,published,10234444,3,0,0,1166.070935,1170.098364,1170.100249,1170.101389,0,0.00394399999982,0.00908799999979,0.0443250000001,74760,0,0,473469696,0,0,0,540781824,0,1170.108894,1170.101389,4.037959,1124.859707,41.211228,0,2048
2,growth,size_tiered,1,4,published,10269993,3,1,0,1170.110873,1179.036357,1179.038062,1179.03924,0.28989,0.239759,0.295769,0.219822,3060876,3135636,0,474962688,75008,0,75008,542349824,0,1179.049253,1179.049013,8.93838,1128.240089,41.870784,75008,2048
2,growth,size_tiered,1,5,published,10274223,4,0,0,1179.050268,1182.931137,1182.932977,1182.933758,0,0.011493,0.0207160000002,0.0474010000003,177660,0,0,475140352,0,0,0,542452480,0,1182.941257,1182.933758,3.890989,1132.349831,46.700437,0,2048
2,growth,size_tiered,1,6,published,10279473,4,1,0,1182.9434,1191.220125,1191.222303,1191.223245,0.271529,0.0407190000001,0.0769679999999,0.114048,618660,796320,0,475361024,177664,0,177664,542850816,0,1191.232431,1191.232245,8.289031,1135.516765,47.426635,177664,2048
2,shadow,compact,1,1,published,9466817,1,1,0,1402.78733,1813.709609,1813.711425,1813.713032,297.185618,33.66075,54.527804,13.418293,397835214,795212628,0,441000192,441000192,0,441000192,949312512,1431.592274,4070.057403,4070.053445,2667.270073,1402.771391,0.0159390000001,441000192,2048
2,shadow,compact,1,2,published,10232664,1,1,0,1813.723106,2251.136029,2251.137332,2264.480573,322.209497,30.736976,59.69827,14.890876,461937462,859543776,0,441000192,441000192,0,441000192,1390312704,0,2264.480308,2264.480573,450.757467,1412.050394,401.672712,882000384,2048
2,shadow,compact,1,3,published,10234444,1,1,0,2264.506626,2731.415427,2731.41677,2747.044492,359.459175,28.05758,55.221042,13.801341,429921408,859693296,0,441000192,441000192,0,441000192,1390312704,0,2747.044255,2747.044492,482.537866,1414.945922,849.560704,882000384,2048
2,shadow,compact,1,4,published,10269993,1,1,0,2747.06649,3149.539038,3149.540341,3163.091912,297.189828,28.232531,55.629916,13.934797,432832764,862679412,0,441000192,441000192,0,441000192,1390312704,0,3163.091607,3163.091912,416.025422,1418.068467,1328.998023,882000384,2048
2,shadow,compact,1,5,published,10274223,1,1,0,3163.112173,3640.835856,3640.837018,3654.479286,295.834294,30.725228,129.633104,13.759766,431695026,863034732,0,441000192,441000192,0,441000192,1390312704,0,3654.478907,3654.479286,491.367113,1420.936024,1742.176149,882000384,2048
2,shadow,compact,1,6,published,10279473,1,1,0,3654.502377,4056.404796,4056.406153,4069.966776,297.531908,28.21811,55.280332,13.856592,431958366,863475732,0,441000192,441000192,0,441000192,1390312704,0,4069.966472,4069.966776,415.464399,1424.096417,2230.40596,882000384,2048
2,growth,compact,1,1,published,9466817,1,1,0,4176.731574,4588.630326,4588.632075,4588.632988,301.418842,33.461534,52.826592,12.559501,397835214,795212628,0,441000192,441000192,0,441000192,949312512,4205.387918,4588.643889,4588.64321,411.912315,4176.716523,0.0150510000003,441000192,2048
2,growth,compact,1,2,published,10232664,1,1,0,4588.645856,5045.928156,5045.929658,5045.931238,343.107958,30.780262,59.344094,14.892788,461937462,859543776,0,441000192,441000192,0,441000192,949312512,0,5060.084298,5045.939251,471.438442,4186.098358,402.547498,441000192,2048
2,growth,compact,1,3,published,10234444,1,1,0,5060.087294,5548.970098,5548.971304,5548.972731,385.039606,28.093465,53.87261,13.922111,429921408,859693296,0,441000192,441000192,0,441000192,949312512,0,5562.428655,5548.981212,502.341361,4188.953936,871.133358,441000192,2048
2,growth,compact,1,4,published,10269993,1,1,0,5562.432214,5961.543062,5961.544343,5961.545809,295.143466,28.26734,54.775484,13.976124,432832764,862679412,0,441000192,441000192,0,441000192,949312512,0,5975.461277,5961.55399,413.029063,4192.087884,1370.34433,441000192,2048
2,growth,compact,1,5,published,10274223,1,1,0,5975.463026,6382.448843,6382.450167,6382.450825,300.618319,31.673308,53.53203,13.896551,431695026,863034732,0,441000192,441000192,0,441000192,949312512,0,6395.936948,6382.462909,420.473922,4194.903984,1780.559042,441000192,2048
2,growth,compact,1,6,published,10279473,1,1,0,6395.941074,6799.936089,6799.937758,6799.938977,299.977768,28.716083,54.466811,13.947997,431958366,863475732,0,441000192,441000192,0,441000192,949312512,0,6813.788345,6799.947946,417.847271,4197.98953,2197.951544,441000192,2048
2,shadow,all_delta,1,1,published,9466817,2,0,0,7093.534399,7098.792238,7098.794342,7098.796316,0,0.0370810000004,0.0334059999996,0.0825130000012,228900,0,0,441229312,0,0,0,508541440,7137.06675,7137.071523,7098.796316,43.537124,7093.51901,0.0153890000001,0,2048
2,shadow,all_delta,1,2,published,10232664,3,0,0,7101.583839,7112.02026,7112.022452,7112.023862,0,2.091563,4.027407,0.802699999999,32165574,0,441000192,32394752,0,0,0,540707072,0,7112.023639,7112.023862,10.440023,7101.574935,0.00890400000026,0,2048
2,shadow,all_delta,1,3,published,10234444,4,0,0,7112.032095,7115.448943,7115.450359,7115.451626,0,0.00618099999974,0.0100389999989,0.0679830000008,74760,0,441000192,32469760,0,0,0,540782080,0,7115.451549,7115.451626,3.419531,7106.947517,5.084578,0,2048
2,shadow,all_delta,1,4,published,10269993,5,0,0,7115.459796,7119.058447,7119.060016,7119.061306,0,0.0915079999995,0.178723999999,0.0935750000017,1493058,0,441000192,33963008,0,0,0,542275328,0,7119.061201,7119.061306,3.60151,7110.204744,5.255052,0,2048
2,shadow,all_delta,1,5,published,10274223,6,0,0,7120.356293,7123.706259,7123.708237,7123.709224,0,0.00896000000012,0.021119,0.061212999999,177660,0,441000192,34140672,0,0,0,542452992,0,7123.709084,7123.709224,3.352931,7120.34843,0.00786299999982,0,2048
2,shadow,all_delta,1,6,published,10279473,7,0,0,7126.526663,7129.819254,7129.821319,7129.822688,0,0.0118730000004,0.0253349999994,0.0751379999992,220500,0,441000192,34361344,0,0,0,542673664,0,7129.822485,7129.822688,3.296025,7126.517731,0.00893199999973,0,2048
2,growth,all_delta,1,1,published,9466817,2,0,0,7219.233699,7225.096147,7225.097379,7225.098147,0,0.0376919999999,0.0268919999999,0.0657399999991,228900,0,441000192,229120,0,0,0,508541440,7225.099688,7225.104703,7225.098147,5.871004,7219.220345,0.0133540000006,0,2048
2,growth,all_delta,1,2,published,10232664,3,0,0,7227.964535,7238.153852,7238.155456,7238.15646,0,2.093809,4.025054,0.807089,32165574,0,441229312,32165632,0,0,0,540707072,7238.30471,7238.305219,7238.15646,10.340684,7227.956431,0.00810400000046,0,2048
2,growth,all_delta,1,3,published,10234444,4,0,0,7238.164806,7241.530495,7241.53167,7241.532997,0,0.0040399999998,0.00952700000016,0.0623920000007,74760,0,473394944,75008,0,0,0,540782080,7241.690822,7241.691238,7241.532997,3.526432,7233.124534,5.040272,0,2048
2,growth,all_delta,1,4,published,10269993,5,0,0,7241.540832,7245.131159,7245.132361,7245.134065,0,0.0911649999998,0.174555999999,0.107601,1493058,0,473469952,1493248,0,0,0,542275328,7245.167463,7245.168287,7245.134065,3.627455,7236.443058,5.097774,0,2048
2,growth,all_delta,1,5,published,10274223,6,0,0,7246.868281,7250.21098,7250.212418,7250.2153,0,0.0091080000002,0.0202039999995,0.06369,177660,0,474963200,177664,0,0,0,542452992,7250.2139,7250.222037,7250.2153,3.353756,7246.86045,0.0078309999999,0,2048
2,growth,all_delta,1,6,published,10279473,7,0,0,7253.554531,7256.820407,7256.821891,7256.823769,0,0.0122170000004,0.0258309999999,0.0752640000001,220500,0,475140864,220672,0,0,0,542673664,7256.824788,7256.830451,7256.823769,3.27592,7253.5463,0.0082309999998,0,2048
2,shadow,periodic2,1,1,published,9466817,2,0,0,7478.026091,7483.209361,7483.210645,7483.211332,0,0.0377770000005,0.0226780000003,0.0690220000006,228900,0,441000192,229120,0,0,0,508541440,7508.664209,8794.010901,7483.211332,1315.98481,7478.012971,0.0131199999996,0,2048
2,shadow,periodic2,1,2,published,10232664,1,1,0,7486.028659,7933.678689,7933.680275,7933.682599,329.17252,30.631916,65.288434,14.566358,461937462,859543776,0,441000192,441229312,0,441229312,949541632,0,7933.682478,8794.009792,1307.981133,7486.020837,0.00782199999958,441229312,2048
2,shadow,periodic2,1,3,published,10234444,2,0,0,7933.691679,7936.924977,7936.926258,7936.927154,0,0.00397499999963,0.00865799999974,0.0474370000002,74760,0,0,441075200,0,0,0,949387520,0,7936.927021,7936.927154,3.235475,7491.119763,442.571916,441000192,2048
2,shadow,periodic2,1,4,published,10269993,1,1,0,7936.934908,8351.354365,8351.355708,8366.924117,308.030112,28.256393,56.486715,13.891022,432832764,862679412,0,441000192,441075200,0,441075200,1390387712,0,8366.923855,8366.924117,429.989209,7494.28483,442.650078,882075392,2048
2,shadow,periodic2,1,5,published,10274223,2,0,0,8367.806119,8371.741441,8371.74329,8371.744091,0,0.00988099999995,0.0237709999983,0.0483640000002,177660,0,0,441177856,0,0,0,949490176,0,8371.743988,8371.744091,3.937972,7497.065968,870.740151,441000192,2048
2,shadow,periodic2,1,6,published,10279473,1,1,0,8371.752465,8777.935324,8777.94023,8793.909522,302.824453,28.241713,53.93032,13.895897,431958366,863475732,0,441000192,441177856,0,441177856,1390490368,0,8793.909307,8793.909522,422.157057,7500.26923,871.483235,882178048,2048
2,growth,periodic2,1,1,published,9466817,2,0,0,8897.956204,8903.264382,8903.266228,8903.266968,0,0.0373029999992,0.0791870000012,0.0732160000007,228900,0,441000192,229120,0,0,0,508541440,8903.438555,8903.439558,8903.266968,5.483354,8897.940671,0.0155329999998,0,2048
2,growth,periodic2,1,2,published,10232664,1,1,0,8906.108033,9301.615817,9301.617607,9301.618351,283.65173,30.17511,58.701825,14.510134,461937462,859543776,0,441000192,441229312,0,441229312,949541632,8929.125402,9301.629091,9301.628841,395.521058,8906.099591,0.00844200000029,441229312,2048
2,growth,periodic2,1,3,published,10234444,2,0,0,9301.631204,9304.945662,9304.946845,9304.947492,0,0.00348599999961,0.00811299999987,0.0427830000008,74760,0,0,441075200,0,0,0,508387328,0,9304.954237,9304.947492,3.323033,8911.477505,390.153699,0,2048
2,growth,periodic2,1,4,published,10269993,1,1,0,9304.956392,9717.802134,9717.803631,9717.80455,306.822371,28.245239,56.25924,13.784482,432832764,862679412,0,441000192,441075200,0,441075200,949387520,0,9733.821518,9733.821228,428.865126,8914.712013,390.244379,441075200,2048
2,growth,periodic2,1,5,published,10274223,2,0,0,9733.823685,9738.74479,9738.746247,9738.7474,0,0.0103399999989,0.0225250000003,0.0422830000007,177660,0,0,441177856,0,0,0,508489984,0,9738.754346,9738.7474,4.930661,8918.560196,815.263489,0,2048
2,growth,periodic2,1,6,published,10279473,1,1,0,9738.756529,10142.335822,10142.337123,10142.338286,301.004813,28.179386,53.258784,13.776918,431958366,863475732,0,441000192,441177856,0,441177856,949490176,0,10155.894962,10155.894621,417.138433,8921.693953,817.062576,441177856,2048
2,shadow,size_tiered,8,1,published,9466817,2,0,0,10467.894538,10473.963468,10473.965217,10473.965962,0,0.0381340000004,0.0327020000004,0.0579359999992,228900,0,441000192,229120,0,0,0,508541440,10607.41858,10607.430271,10473.965962,139.535733,10467.876953,0.0175849999996,0,2048
2,shadow,size_tiered,8,2,published,10232664,2,1,0,10488.012915,10529.969846,10529.971324,10529.973286,19.421208,6.11968,6.331906,1.58616,64560048,64788948,0,473394688,229120,0,229120,540935936,0,10529.973212,10529.973286,41.960371,10488.001356,0.0115589999987,229120,2048
2,shadow,size_tiered,8,3,published,10234444,3,0,0,10529.98283,10533.683016,10533.684474,10533.685659,0,0.00480900000002,0.00876099999914,0.0388930000008,74760,0,441000192,32469504,0,0,0,540781824,0,10533.685575,10533.685659,3.702829,10506.761559,23.221271,0,2048
2,shadow,size_tiered,8,4,published,10269993,3,1,0,10533.694166,10542.020614,10542.022065,10542.02444,0.88812,0.186404,0.291164999999,0.228919000003,3060876,3135636,0,474962688,75008,0,75008,542349824,0,10542.024353,10542.02444,8.330274,10521.207125,12.487041,75008,2048
2,shadow,size_tiered,8,5,published,10274223,4,0,0,10547.407495,10550.815085,10550.816555,10550.817989,0,0.00900400000137,0.0202200000022,0.0448209999995,177660,0,441000192,34140160,0,0,0,542452480,0,10550.817898,10550.817989,3.410494,10547.397632,0.00986299999931,0,2048
2,shadow,size_tiered,8,6,published,10279473,4,1,0,10564.815631,10573.219517,10573.221077,10573.227714,0.215559,0.0355980000004,0.0783040000006,0.148525000002,618660,796320,441000192,34360832,177664,0,177664,542850816,0,10573.227612,10573.227714,8.412083,10564.806463,0.00916799999868,177664,2048
2,growth,size_tiered,8,1,published,9466817,2,0,0,10694.839491,10700.129502,10700.130943,10700.131726,0,0.0378489999985,0.0180050000017,0.0508919999993,228900,0,441000192,229120,0,0,0,508541440,10700.131194,10700.139333,10700.131726,5.299842,10694.825237,0.0142540000015,0,2048
2,growth,size_tiered,8,2,published,10232664,2,1,0,10714.27677,10737.516714,10737.517912,10737.518536,4.280614,4.890988,5.126479,1.570653,64560048,64788948,0,473394688,229120,0,229120,540935936,10737.514807,10737.526466,10737.526175,23.249696,10714.265036,0.0117339999997,229120,2048
2,growth,size_tiered,8,3,published,10234444,3,0,0,10737.528113,10741.01985,10741.02125,10741.022655,0,0.00375099999837,0.00659499999892,0.0683180000015,74760,0,473394688,75008,0,0,0,540781824,10741.023615,10741.028982,10741.022655,3.500869,10734.224546,3.303567,0,2048
2,growth,size_tiered,8,4,published,10269993,3,1,0,10755.250656,10763.689637,10763.690977,10763.69148,0.219238,0.248585000001,0.240640000004,0.224504000002,3060876,3135636,0,474962688,75008,0,75008,542349824,10763.688379,10763.699559,10763.699248,8.448903,10755.23874,0.0119159999995,75008,2048
2,growth,size_tiered,8,5,published,10274223,4,0,0,10778.929748,10784.646234,10784.647581,10784.648976,0,0.0202700000009,0.0181790000006,0.048090000002,177660,0,474962688,177664,0,0,0,542452480,10784.650563,10784.655428,10784.648976,5.72568,10778.919151,0.0105970000004,0,2048
2,growth,size_tiered,8,6,published,10279473,4,1,0,10801.622793,10810.229431,10810.230889,10810.233519,0.0711439999995,0.0468149999997,0.0630579999997,0.124324999999,618660,796320,474962688,398336,177664,177664,0,542850816,10810.228936,10810.241704,10810.241574,8.618911,10801.611256,0.0115370000003,0,2048
2,shadow,compact,8,1,published,9466817,1,1,0,11143.67103,11497.904021,11497.905846,11497.906429,254.992709,25.964078,50.693829,12.794026,397835214,795212628,0,441000192,441000192,0,441000192,949312512,11256.257935,13593.513601,13593.505016,2449.842571,11143.654317,0.0167129999991,441000192,2048
2,shadow,compact,8,2,published,10232664,1,1,0,11497.914894,11906.029196,11906.030536,11921.747073,299.286538,30.279625,58.324704,13.19423,461937462,859543776,0,441000192,441000192,0,441000192,1390312704,0,11921.746596,11921.747073,423.832179,11162.768872,335.146022,882000384,2048
2,shadow,compact,8,3,published,10234444,1,1,0,11921.7681,12334.112739,12334.114953,12348.087484,307.863902,28.084262,54.846985,13.907288,429921408,859693296,0,441000192,441000192,0,441000192,1390312704,0,12348.087219,12348.087484,426.319384,11177.198953,744.569147,882000384,2048
2,shadow,compact,8,4,published,10269993,1,1,0,12348.1087,12747.474979,12747.476095,12761.942577,295.086206,28.271338,55.093745,13.931325,432832764,862679412,0,441000192,441000192,0,441000192,1390312704,0,12761.942379,12761.942577,413.833877,11191.627425,1156.481275,882000384,2048
2,shadow,compact,8,5,published,10274223,1,1,0,12761.962519,13159.40144,13159.402542,13172.987568,293.081093,28.137173,53.978511,13.909103,431695026,863034732,0,441000192,441000192,0,441000192,1390312704,0,13172.987383,13172.987568,411.025049,11205.969846,1555.992673,882000384,2048
2,shadow,compact,8,6,published,10279473,1,1,0,13173.172845,13579.701705,13579.702816,13593.364773,297.661727,28.216647,55.579157,13.926755,431958366,863475732,0,441000192,441000192,0,441000192,1390312704,0,13593.364565,13593.364773,420.191928,11220.348845,1952.824,882000384,2048
2,growth,compact,8,1,published,9466817,1,1,0,13772.033309,14127.155003,14127.15658,14127.157192,258.739778,26.027104,48.360441,12.801887,397835214,795212628,0,441000192,441000192,0,441000192,949312512,13885.153895,14127.165428,14127.165026,355.132119,13772.017141,0.0161680000001,441000192,2048
2,growth,compact,8,2,published,10232664,1,1,0,14127.167338,14540.963048,14540.964553,14540.965147,302.479667,30.143395,58.957301,14.820376,461937462,859543776,0,441000192,441000192,0,441000192,949312512,0,14554.846677,14540.97619,427.679339,13791.406923,335.760415,441000192,2048
2,growth,compact,8,3,published,10234444,1,1,0,14554.850109,14946.286984,14946.304003,14946.305044,300.801179,28.014031,41.297098,9.37180400001,429921408,859693296,0,441000192,441000192,0,441000192,949312512,0,14961.469637,14946.314143,406.619528,13805.838968,749.011141,441000192,2048
2,growth,compact,8,4,published,10269993,1,1,0,14961.4745,15301.409494,15301.411765,15301.412748,253.5213,28.484062,39.16413,9.436142,432832764,862679412,0,441000192,441000192,0,441000192,949312512,0,15317.381968,15301.42024,355.907468,13820.314016,1141.160484,441000192,2048
2,growth,compact,8,5,published,10274223,1,1,0,15317.38417,15644.537553,15644.539046,15644.539911,244.835086,28.173286,38.292091,9.40949999999,431695026,863034732,0,441000192,441000192,0,441000192,949312512,0,15657.828871,15644.547796,340.444701,13834.755799,1482.628371,441000192,2048
2,growth,compact,8,6,published,10279473,1,1,0,15657.833316,15986.240775,15986.242217,15986.243554,243.342797,28.290392,38.637044,9.397245,431958366,863475732,0,441000192,441000192,0,441000192,949312512,0,16000.359422,15986.251321,342.526106,13849.158316,1808.675,441000192,2048
2,shadow,all_delta,8,1,published,9466817,2,0,0,16354.378762,16360.400113,16360.402305,16360.404605,0,0.0710049999998,0.0904850000006,0.0601319999987,228900,0,441000192,229120,0,0,0,508541440,16485.353549,16485.36292,16360.404605,130.984158,16354.363464,0.0152980000003,0,2048
2,shadow,all_delta,8,2,published,10232664,3,0,0,16374.484657,16394.508645,16394.510189,16394.511177,0,3.033381,12.757861,0.786644,32165574,0,441000192,32394752,0,0,0,540707072,0,16394.511052,16394.511177,20.02652,16374.473677,0.0109800000009,0,2048
2,shadow,all_delta,8,3,published,10234444,4,0,0,16394.519815,16398.004098,16398.005763,16398.006806,0,0.00528599999961,0.00882799999818,0.066697000002,74760,0,441000192,32469760,0,0,0,540782080,0,16398.0067,16398.006806,3.486991,16391.236329,3.283486,0,2048
2,shadow,all_delta,8,4,published,10269993,5,0,0,16409.759033,16414.797516,16414.799431,16414.801034,0,0.111792,0.178163,0.0971950000021,1493058,0,441000192,33963008,0,0,0,542275328,0,16414.800941,16414.801034,5.042001,16409.748619,0.0104139999967,0,2048
2,shadow,all_delta,8,5,published,10274223,6,0,0,16427.666404,16431.816329,16431.817965,16431.819084,0,0.0145980000016,0.0213030000014,0.0462990000015,177660,0,441000192,34140672,0,0,0,542452992,0,16431.818938,16431.819084,4.15268,16427.656567,0.00983699999779,0,2048
2,shadow,all_delta,8,6,published,10279473,7,0,0,16445.839046,16449.753538,16449.755365,16449.756404,0,0.0174200000001,0.0265729999992,0.0464949999987,220500,0,441000192,34361344,0,0,0,542673664,0,16449.75632,16449.756404,3.917358,16445.829231,0.00981500000125,0,2048
2,growth,all_delta,8,1,published,9466817,2,0,0,16571.293478,16577.130165,16577.131605,16577.13238,0,0.0368750000016,0.024512,0.0500270000011,228900,0,441000192,229120,0,0,0,508541440,16577.475669,16577.479235,16577.13238,6.185757,16571.279998,0.0134799999978,0,2048
2,growth,all_delta,8,2,published,10232664,3,0,0,16590.456865,16604.507957,16604.5103,16604.512522,0,4.361688,4.599216,0.932150000001,32165574,0,441229312,32165632,0,0,0,540707072,16604.710406,16604.712299,16604.512522,14.255434,16590.448675,0.00819000000047,0,2048
2,growth,all_delta,8,3,published,10234444,4,0,0,16608.891451,16616.068464,16616.070506,16616.0718,0,0.00545399999828,0.00949799999944,0.0485660000013,74760,0,0,473469952,0,0,0,540782080,16616.063,16616.083511,16616.0718,7.19206,16608.88293,0.00852099999975,0,2048
2,growth,all_delta,8,4,published,10269993,5,0,0,16633.015826,16640.556931,16640.560079,16640.561358,0,0.305175000001,0.178671999998,0.136556000001,1493058,0,0,474963200,0,0,0,542275328,16640.554785,16640.570278,16640.561358,7.554452,16633.003589,0.012236999999,0,2048
2,growth,all_delta,8,5,published,10274223,6,0,0,16656.262971,16664.292379,16664.294926,16664.296074,0,0.0289300000004,0.0219669999969,0.051948999997,177660,0,0,475140864,0,0,0,542452992,16664.289359,16664.305466,16664.296074,8.042495,16656.249659,0.0133119999991,0,2048
2,growth,all_delta,8,6,published,10279473,7,0,0,16681.326509,16688.073299,16688.075961,16688.07703,0,0.0352999999996,0.0263479999994,0.0555490000006,220500,0,0,475361536,0,0,0,542673664,16688.072349,16688.085556,16688.07703,6.759047,16681.312026,0.014482999999,0,2048
2,shadow,periodic2,8,1,published,9466817,2,0,0,17020.892669,17026.499791,17026.501531,17026.50225,0,0.0378669999991,0.024942,0.0546780000041,228900,0,441000192,229120,0,0,0,508541440,17137.546553,18306.592263,17026.50225,1285.699594,17020.876526,0.0161430000007,0,2048
2,shadow,periodic2,8,2,published,10232664,1,1,0,17040.580174,17443.987248,17443.988776,17443.991584,291.455493,31.119397,57.997486,14.544662,461937462,859543776,0,441000192,441229312,0,441229312,949541632,0,17443.991461,18306.590844,1266.01067,17040.568143,0.0120309999984,441229312,2048
2,shadow,periodic2,8,3,published,10234444,2,0,0,17444.000747,17447.353713,17447.354798,17447.355554,0,0.00453600000037,0.00801300000239,0.0423889999984,74760,0,0,441075200,0,0,0,949387520,0,17447.355419,17447.355554,3.354807,17058.516485,385.484262,441000192,2048
2,shadow,periodic2,8,4,published,10269993,1,1,0,17447.363994,17865.286667,17865.287896,17882.446159,311.661904,28.273914,57.200694,13.925154,432832764,862679412,0,441000192,441075200,0,441075200,1390387712,0,17882.445921,17882.446159,435.082165,17072.881868,374.482126,882075392,2048
2,shadow,periodic2,8,5,published,10274223,2,0,0,17882.464328,17886.160477,17886.161608,17886.162566,0,0.00983100000303,0.0214909999995,0.0456210000011,177660,0,0,441177856,0,0,0,949490176,0,17886.162424,17886.162566,3.698238,17087.243438,795.22089,441000192,2048
2,shadow,periodic2,8,6,published,10279473,1,1,0,17886.171632,18292.83544,18292.836824,18306.523321,303.090871,28.208042,54.182798,13.952146,431958366,863475732,0,441000192,441177856,0,441177856,1390490368,0,18306.523044,18306.523321,420.351689,17101.62544,784.546192,882178048,2048
2,growth,periodic2,8,1,published,9466817,2,0,0,18414.767071,18420.965615,18420.967004,18420.967801,0,0.0378610000007,0.0242629999993,0.0508620000001,228900,0,441000192,229120,0,0,0,508541440,18420.968479,18420.974597,18420.967801,6.207526,18414.748812,0.0182589999968,0,2048
2,growth,periodic2,8,2,published,10232664,1,1,0,18435.138149,18827.064708,18827.066202,18827.066953,282.033853,31.041505,56.911398,14.499846,461937462,859543776,0,441000192,441229312,0,441229312,949541632,18532.388352,18827.077052,18827.076744,391.938903,18435.127118,0.0110309999982,441229312,2048
2,growth,periodic2,8,3,published,10234444,2,0,0,18827.079054,18830.380601,18830.38164,18830.382302,0,0.00373299999774,0.00800100000197,0.118919,74760,0,0,441075200,0,0,0,508387328,0,18830.388664,18830.382302,3.30961,18452.646026,374.433028,0,2048
2,growth,periodic2,8,4,published,10269993,1,1,0,18830.390631,19243.876616,19243.878005,19243.878726,307.846048,28.271521,56.567715,13.933509,432832764,862679412,0,441000192,441075200,0,441075200,949387520,0,19258.866159,19258.866018,428.475528,18467.151009,363.239622,441075200,2048
2,growth,periodic2,8,5,published,10274223,2,0,0,19258.867663,19262.525913,19262.527036,19262.527625,0,0.00887599999987,0.0213980000008,0.0482290000036,177660,0,0,441177856,0,0,0,508489984,0,19262.53429,19262.527625,3.666627,18481.666746,777.200917,0,2048
2,growth,periodic2,8,6,published,10279473,1,1,0,19262.536225,19666.033735,19666.035471,19666.036208,300.629415,28.16564,53.60124,13.836321,431958366,863475732,0,441000192,441177856,0,441177856,949490176,0,19679.594598,19679.594299,417.058373,18496.154692,766.381533,441177856,2048
2,shadow,size_tiered,64,1,published,9466817,2,0,0,20907.158164,20913.124502,20913.126613,20913.12734,0,0.0376610000021,0.0316570000032,0.0791970000028,228900,0,441000192,229120,0,0,0,508541440,21845.764123,21845.794589,20913.12734,938.636425,20907.138643,0.019521000002,0,2048
2,shadow,size_tiered,64,2,published,10232664,2,1,0,21035.000288,21084.131405,21084.133025,21084.135449,19.905271,6.617903,6.95304800001,1.630221,64560048,64788948,441000192,32394496,229120,0,229120,540935936,0,21084.135352,21084.135449,49.135161,21034.967173,0.0331149999984,229120,2048
2,shadow,size_tiered,64,3,published,10234444,3,0,0,21163.08502,21168.995315,21168.997155,21168.998394,0,0.0137590000013,0.0321530000001,0.0828350000011,74760,0,441000192,32469504,0,0,0,540781824,0,21168.998244,21168.998394,5.913374,21163.053805,0.0312149999991,0,2048
2,shadow,size_tiered,64,4,published,10269993,3,1,0,21286.212944,21300.920094,21300.921773,21300.924602,0.880046999999,0.467839000001,0.379047000002,0.235666,3060876,3135636,441000192,33962496,75008,0,75008,542349824,0,21300.924514,21300.924602,14.711658,21286.192244,0.0206999999973,75008,2048
2,shadow,size_tiered,64,5,published,10274223,4,0,0,21410.611767,21417.733369,21417.734891,21417.736161,0,0.0368009999984,0.0363389999984,0.0524859999969,177660,0,441000192,34140160,0,0,0,542452480,0,21417.736029,21417.736161,7.124394,21410.581364,0.030402999997,0,2048
2,shadow,size_tiered,64,6,published,10279473,4,1,0,21534.885529,21547.638476,21547.640381,21547.64333,0.0926689999978,0.0712230000026,0.111086999997,0.168838000005,618660,796320,441000192,34360832,177664,0,177664,542850816,0,21547.643236,21547.64333,12.757801,21534.866371,0.0191579999992,177664,2048
2,growth,size_tiered,64,1,published,9466817,2,0,0,22058.508939,22064.444793,22064.446824,22064.447507,0,0.0384059999997,0.0244029999958,0.0807470000036,228900,0,441000192,229120,0,0,0,508541440,22064.445967,22064.527794,22064.447507,6.018855,22058.491905,0.0170340000004,0,2048
2,growth,size_tiered,64,2,published,10232664,2,1,0,22182.365155,22220.338097,22220.339532,22220.340866,4.450431,6.809188,5.222854,1.58585799999,64560048,64788948,441000192,32394496,229120,229120,0,540935936,22220.333691,22220.418317,22220.41789,38.053162,22182.346399,0.0187560000013,0,2048
2,growth,size_tiered,64,3,published,10234444,3,0,0,22332.433889,22339.030263,22339.031838,22339.033255,0,0.0101959999993,0.00659300000189,0.0761340000026,74760,0,473394688,75008,0,0,0,540781824,22339.03463,22339.129135,22339.033255,6.695246,22332.406039,0.0278499999986,0,2048
2,growth,size_tiered,64,4,published,10269993,3,1,0,22478.778036,22489.667647,22489.669196,22489.670917,0.234960999998,0.401207000003,0.250222999999,0.246336000007,3060876,3135636,473394688,1568000,75008,75008,0,542349824,22489.665027,22489.679194,22489.678922,10.901158,22478.758974,0.0190619999994,0,2048
2,growth,size_tiered,64,5,published,10274223,4,0,0,22626.806652,22633.460966,22633.462675,22633.464292,0,0.0282169999991,0.0169580000002,0.0859580000033,177660,0,474962688,177664,0,0,0,542452480,22633.473931,22633.571089,22633.464292,6.764437,22626.787496,0.0191559999985,0,2048
2,growth,size_tiered,64,6,published,10279473,4,1,0,22774.789908,22787.98329,22787.984792,22787.987117,0.0714189999999,0.0560810000025,0.071987000003,0.154023999999,618660,796320,474962688,398336,177664,177664,0,542850816,22787.978979,22787.996714,22787.996407,13.206806,22774.768386,0.0215219999991,0,2048
2,shadow,compact,64,1,published,9466817,1,1,0,24354.873251,24718.111375,24718.112587,24718.113176,257.763964,26.01358,51.411205,13.239166,397835214,795212628,0,441000192,441000192,441000192,0,949312512,25288.751376,26818.590544,26818.589028,2463.717293,24354.856676,0.0165750000015,0,2048
2,shadow,compact,64,2,published,10232664,1,1,0,24718.121568,25136.937138,25136.938325,25153.034766,300.979651,30.18251,59.291962,15.308782,461937462,859543776,0,441000192,441000192,441000192,441000192,1390312704,0,25153.034483,25153.034766,434.913198,24479.581267,238.540301,441000192,2048
2,shadow,compact,64,3,published,10234444,1,1,0,25153.345883,25563.733802,25563.735319,25577.358403,305.916053,28.022707,55.301113,13.824084,429921408,859693296,0,441000192,441000192,0,441000192,1390312704,0,25577.358146,25577.358403,424.01252,24601.722347,551.623536,882000384,2048
2,shadow,compact,64,4,published,10269993,1,1,0,25577.376705,25977.060556,25977.0618,25991.554681,296.0266,28.219159,55.549554,13.052409,432832764,862679412,0,441000192,441000192,0,441000192,1390312704,0,25991.554386,25991.554681,414.177976,24731.178653,846.198052,882000384,2048
2,shadow,compact,64,5,published,10274223,1,1,0,25991.573596,26387.653962,26387.6553,26401.074873,292.458159,28.125186,53.962259,13.970526,431695026,863034732,0,441000192,441000192,0,441000192,1390312704,0,26401.0746,26401.074873,409.501277,24853.296284,1138.277312,882000384,2048
2,shadow,compact,64,6,published,10279473,1,1,0,26401.096658,26804.06838,26804.069595,26818.51425,298.091308,28.209863,55.755206,13.934442,431958366,863475732,0,441000192,441000192,0,441000192,1390312704,0,26818.513923,26818.51425,417.417592,24975.428259,1425.668399,882000384,2048
2,growth,compact,64,1,published,9466817,1,1,0,27023.258698,27379.020793,27379.022252,27379.022854,257.696246,26.115247,48.080696,13.336472,397835214,795212628,0,441000192,441000192,441000192,0,949312512,27379.016289,27379.031772,27379.031369,355.773074,27023.24154,0.0171580000024,0,2048
2,growth,compact,64,2,published,10232664,1,1,0,27379.033444,27801.471022,27801.472399,27801.473039,303.044487,30.203143,59.355851,15.272037,461937462,859543776,0,441000192,441000192,441000192,0,949312512,27803.858133,27819.051672,27803.87139,440.018228,27146.439966,232.593478,0,2048
2,growth,compact,64,3,published,10234444,1,1,0,27801.498192,28216.610242,28216.611937,28216.612661,298.454874,28.077326,52.476888,13.753586,429921408,859693296,0,441000192,441000192,0,441000192,949312512,27991.429366,28229.992436,28216.620942,428.494244,27268.532548,532.965644,441000192,2048
2,growth,compact,64,4,published,10269993,1,1,0,28229.996265,28630.867399,28630.869032,28630.870072,294.651779,28.289551,55.13649,13.88605,432832764,862679412,0,441000192,441000192,0,441000192,949312512,0,28646.107064,28630.87831,416.110799,27395.228616,834.767649,441000192,2048
2,growth,compact,64,5,published,10274223,1,1,0,28646.109056,29037.412964,29037.414557,29037.415836,288.520336,28.250743,52.438368,13.892096,431695026,863034732,0,441000192,441000192,0,441000192,949312512,0,29050.787827,29037.429958,404.678771,27517.428506,1128.68055,441000192,2048
2,growth,compact,64,6,published,10279473,1,1,0,29050.791629,29450.971484,29450.972774,29450.974099,295.428126,28.522826,55.39097,13.916315,431958366,863475732,0,441000192,441000192,0,441000192,949312512,0,29465.541622,29450.982516,414.749993,27639.623571,1411.168058,441000192,2048
2,shadow,all_delta,64,1,published,9466817,2,0,0,30696.850066,30702.842405,30702.844416,30702.8452,0,0.037687,0.0318359999983,0.0894189999963,228900,0,441000192,229120,0,0,0,508541440,31620.90419,31620.93064,30702.8452,924.080574,30696.831631,0.0184349999981,0,2048
2,shadow,all_delta,64,2,published,10232664,3,0,0,30819.979111,30835.603864,30835.605538,30835.607101,0,4.53272,3.863986,0.811737,32165574,0,441000192,32394752,0,0,0,540707072,0,30835.606948,30835.607101,15.62799,30819.959162,0.0199490000014,0,2048
2,shadow,all_delta,64,3,published,10234444,4,0,0,30945.082999,30951.064658,30951.066405,30951.067823,0,0.0103239999989,0.00785299999916,0.0461130000003,74760,0,441000192,32469760,0,0,0,540782080,0,30951.067523,30951.067823,5.984824,30945.062572,0.0204269999995,0,2048
2,shadow,all_delta,64,4,published,10269993,5,0,0,31067.978215,31074.039381,31074.040763,31074.041766,0,0.30689,0.160008000003,0.0959689999981,1493058,0,441000192,33963008,0,0,0,542275328,0,31074.041677,31074.041766,6.063551,31067.958814,0.0194009999977,0,2048
2,shadow,all_delta,64,5,published,10274223,6,0,0,31190.945173,31196.849211,31196.850816,31196.852276,0,0.028752000002,0.0181599999996,0.0684810000057,177660,0,441000192,34140672,0,0,0,542452992,0,31196.852002,31196.852276,5.907103,31190.928357,0.0168159999994,0,2048
2,shadow,all_delta,64,6,published,10279473,7,0,0,31313.931646,31320.901588,31320.903802,31320.904839,0,0.0344059999989,0.0234159999964,0.043440999998,220500,0,441000192,34361344,0,0,0,542673664,0,31320.904769,31320.904839,6.973193,31313.913455,0.0181909999992,0,2048
2,growth,all_delta,64,1,published,9466817,2,0,0,31763.683095,31769.578921,31769.580447,31769.58122,0,0.0365510000011,0.0258970000032,0.083590000002,228900,0,441000192,229120,0,0,0,508541440,31769.585879,31769.667775,31769.58122,5.98468,31763.667103,0.0159920000006,0,2048
2,growth,all_delta,64,2,published,10232664,3,0,0,31887.378149,31903.103078,31903.105263,31903.106972,0,4.435656,3.75164,0.795897,32165574,0,441229312,32165632,0,0,0,540707072,31903.104182,31903.186895,31903.106972,15.808746,31887.36036,0.0177890000014,0,2048
2,growth,all_delta,64,3,published,10234444,4,0,0,32033.893548,32040.666169,32040.667971,32040.669779,0,0.00993200000084,0.00657000000501,0.0653329999986,74760,0,473394944,75008,0,0,0,540782080,32040.666289,32040.76099,32040.669779,6.867442,32033.875914,0.0176339999998,0,2048
2,growth,all_delta,64,4,published,10269993,5,0,0,32181.565566,32188.245058,32188.247018,32188.24905,0,0.305704000002,0.147291000001,0.118111000003,1493058,0,473469952,1493248,0,0,0,542275328,32188.247942,32188.343848,32188.24905,6.778282,32181.547667,0.0178990000022,0,2048
2,growth,all_delta,64,5,published,10274223,6,0,0,32329.832273,32336.539435,32336.541025,32336.543151,0,0.0286410000008,0.0178720000004,0.0724910000026,177660,0,474963200,177664,0,0,0,542452992,32336.544993,32336.642099,32336.543151,6.809826,32329.812857,0.0194159999992,0,2048
2,growth,all_delta,64,6,published,10279473,7,0,0,32478.77274,32485.4861,32485.488132,32485.489867,0,0.0350890000009,0.0220780000054,0.0764589999962,220500,0,475140864,220672,0,0,0,542673664,32485.490996,32485.59056,32485.489867,6.81782,32478.755085,0.0176549999996,0,2048
2,shadow,periodic2,64,1,published,9466817,2,0,0,34059.724953,34065.888324,34065.889829,34065.890774,0,0.0373489999984,0.0231380000041,0.0523749999993,228900,0,441000192,229120,0,0,0,508541440,34995.151503,35499.27204,34065.890774,1439.547087,34059.709186,0.0157669999971,0,2048
2,shadow,periodic2,64,2,published,10232664,1,1,0,34182.846864,34603.346333,34603.348107,34603.351842,286.089803,40.782553,61.929584,15.610674,461937462,859543776,0,441000192,441229312,441000192,229120,949541632,0,34603.351682,35499.27123,1316.424366,34182.826348,0.0205159999969,229120,2048
2,shadow,periodic2,64,3,published,10234444,2,0,0,34603.362292,34610.134319,34610.136011,34610.137601,0,0.00536900000589,0.00804899999639,0.0611089999875,74760,0,0,441075200,0,441000192,0,949387520,0,34610.137428,34610.137601,6.775309,34309.639079,293.723213,0,2048
2,shadow,periodic2,64,4,published,10269993,1,1,0,34610.147459,35060.109866,35060.111509,35076.346865,338.724016,28.299616,58.096133,14.007616,432832764,862679412,0,441000192,441075200,0,441075200,1390387712,0,35076.346611,35076.346865,466.199406,34431.808808,178.338651,882075392,2048
2,shadow,periodic2,64,5,published,10274223,2,0,0,35076.366637,35080.191403,35080.193125,35080.194019,0,0.00918999999703,0.0222280000089,0.0500479999973,177660,0,0,441177856,0,0,0,949490176,0,35080.193894,35080.194019,3.827382,34558.152831,518.213806,441000192,2048
2,shadow,periodic2,64,6,published,10279473,1,1,0,35080.203186,35485.596148,35485.597521,35499.207385,301.942586,28.18763,54.138932,13.840866,431958366,863475732,0,441000192,441177856,0,441177856,1390490368,0,35499.20712,35499.207385,419.004199,34687.514869,392.688317,882178048,2048
2,growth,periodic2,64,1,published,9466817,2,0,0,35671.691427,35678.487287,35678.488963,35678.489909,0,0.0377029999945,0.0293199999942,0.0534039999911,228900,0,441000192,229120,0,0,0,508541440,35680.874492,35680.885594,35678.489909,9.194167,35671.675339,0.0160879999967,0,2048
2,growth,periodic2,64,2,published,10232664,1,1,0,35796.121416,36193.560461,36193.562154,36193.562952,282.319004,33.20233,56.290458,13.967557,461937462,859543776,0,441000192,441229312,441229312,0,949541632,36193.555156,36193.574048,36193.57386,397.452632,35796.10436,0.0170560000042,0,2048
2,growth,periodic2,64,3,published,10234444,2,0,0,36193.575852,36202.991416,36202.992773,36202.993452,0,0.00353500000347,0.0079029999979,0.0604209999947,74760,0,441000192,75008,0,0,0,508387328,36202.993977,36203.093111,36202.993452,9.517259,35922.267209,271.308643,0,2048
2,growth,periodic2,64,4,published,10269993,1,1,0,36203.001798,36623.761166,36623.762607,36623.763976,307.751294,28.295691,56.816415,14.358933,432832764,862679412,0,441000192,441075200,441075200,0,949387520,36623.75854,36641.878814,36641.878449,438.877016,36045.08872,157.913078,0,2048
2,growth,periodic2,64,5,published,10274223,2,0,0,36623.771499,36642.986473,36642.987898,36642.989629,0,0.00883700000122,0.0194099999935,0.0455569999976,177660,0,441000192,177664,0,0,0,508489984,36646.933075,36646.946986,36642.989629,23.175487,36168.978257,454.793242,0,2048
2,growth,periodic2,64,6,published,10279473,1,1,0,36643.000223,37044.678796,37044.680136,37044.680766,299.288786,28.23182,51.810133,13.933417,431958366,863475732,0,441000192,441177856,0,441177856,949490176,36701.565343,37058.285931,37058.285497,415.285708,36318.026299,324.973924,441177856,2048
3,sequential,compact,1,0,published,9461367,1,0,0,680.039952,770.141929,770.143873,770.145211,0,33.784454,42.234156,9.14239,397377414,0,0,441000192,0,0,0,508312320,0,770.145211,770.145211,90.105259,680.039952,0,0,1280
3,sequential,compact,1,1,published_merge_deferred,9466817,2,0,1,793.370776,797.495837,797.497412,797.498206,0,0.014549,0.027162,0.0519909999999,228900,0,0,441229312,0,0,0,508541440,793.352047,797.505836,797.498206,4.13506,793.370776,0,0,1280
3,sequential,compact,1,2,published_merge_deferred,10232664,3,0,1,821.744842,832.611268,832.613344,832.614263,0,2.688596,3.422423,0.790346,32165574,0,0,473394944,0,0,0,540707072,820.700015,832.62192,832.614263,10.877078,821.744842,0,0,1280
3,sequential,compact,1,3,published_merge_deferred,10234444,4,0,1,858.753848,862.786869,862.789176,862.790206,0,0.00417700000003,0.00832600000001,0.0415390000001,74760,0,0,473469952,0,0,0,540782080,858.73649,862.800671,862.790206,4.046823,858.753848,0,0,1280
3,sequential,compact,1,4,published_merge_deferred,10269993,5,0,1,888.955436,893.268854,893.27138,893.272333,0,0.116434,0.141319,0.104424,1493058,0,0,474963200,0,0,0,542275328,888.940458,893.280102,893.272333,4.324666,888.955436,0,0,1280
3,sequential,compact,1,5,published_merge_deferred,10274223,6,0,1,919.584596,923.555367,923.558266,923.559252,0,0.0113230000001,0.0198900000001,0.048194,177660,0,0,475140864,0,0,0,542452992,919.570446,923.567055,923.559252,3.982459,919.584596,0,0,1280
3,sequential,compact,1,6,published_merge_deferred,10279473,7,0,1,950.016693,953.890821,953.893571,953.894548,0,0.013321,0.023927,0.0436410000001,220500,0,0,475361536,0,0,0,542673664,950.001688,953.902458,953.894548,3.885765,950.016693,0,0,1280
3,sequential,all_delta,1,0,published,9461367,1,0,0,980.771783,1069.089245,1069.090521,1069.0911,0,33.306515,41.473478,9.170821,397377414,0,0,441000192,0,0,0,508312320,0,1069.0911,1069.0911,88.319317,980.771783,0,0,1280
3,sequential,all_delta,1,1,published,9466817,2,0,0,1092.091712,1095.983891,1095.985391,1095.98592,0,0.014142,0.02475,0.0496759999999,228900,0,0,441229312,0,0,0,508541440,1092.076537,1095.993239,1095.98592,3.901527,1092.091712,0,0,1280
3,sequential,all_delta,1,2,published,10232664,3,0,0,1119.108264,1129.940285,1129.941997,1129.94274,0,2.682523,3.409138,0.790244,32165574,0,0,473394944,0,0,0,540707072,1119.089866,1129.95029,1129.94274,10.842026,1119.108264,0,0,1280
3,sequential,all_delta,1,3,published,10234444,4,0,0,1156.133356,1159.996277,1159.998217,1159.999372,0,0.00415899999985,0.00828900000033,0.0407929999997,74760,0,0,473469952,0,0,0,540782080,1156.116751,1160.006814,1159.999372,3.873458,1156.133356,0,0,1280
3,sequential,all_delta,1,4,published,10269993,5,0,0,1186.177273,1190.500255,1190.502323,1190.503185,0,0.122527,0.153884,0.102612,1493058,0,0,474963200,0,0,0,542275328,1186.157871,1190.511109,1190.503185,4.333836,1186.177273,0,0,1280
3,sequential,all_delta,1,5,published,10274223,6,0,0,1216.778231,1220.649367,1220.651635,1220.653299,0,0.011084,0.0197400000002,0.0464730000001,177660,0,0,475140864,0,0,0,542452992,1216.763239,1220.660926,1220.653299,3.882695,1216.778231,0,0,1280
3,sequential,all_delta,1,6,published,10279473,7,0,0,1247.022821,1250.983434,1250.986265,1250.987322,0,0.0135270000001,0.023402,0.048759,220500,0,0,475361536,0,0,0,542673664,1247.008132,1250.995005,1250.987322,3.972184,1247.022821,0,0,1280
3,sequential,periodic2,1,0,published,9461367,1,0,0,1277.689616,1365.549521,1365.550798,1365.551472,0,33.284302,41.533335,9.175368,397377414,0,0,441000192,0,0,0,508312320,0,1365.551472,1365.551472,87.861856,1277.689616,0,0,1280
3,sequential,periodic2,1,1,published,9466817,2,0,0,1388.562594,1392.609698,1392.611239,1392.611839,0,0.0150490000001,0.0252539999999,0.050575,228900,0,0,441229312,0,0,0,508541440,1388.54838,1392.619429,1392.611839,4.056835,1388.562594,0,0,1280
3,sequential,periodic2,1,2,published_merge_deferred,10232664,3,0,1,1415.593269,1427.08798,1427.089519,1427.090478,0,2.687389,3.395557,0.793258,32165574,0,0,473394944,0,0,0,540707072,1415.577187,1427.105164,1427.090478,11.511895,1415.593269,0,0,1280
3,sequential,periodic2,1,3,published,10234444,4,0,0,1453.11117,1457.501638,1457.503402,1457.504415,0,0.00420599999984,0.00815199999988,0.042074,74760,0,0,473469952,0,0,0,540782080,1453.094367,1457.512673,1457.504415,4.401503,1453.11117,0,0,1280
3,sequential,periodic2,1,4,published_merge_deferred,10269993,5,0,1,1484.236673,1488.483486,1488.486138,1488.487151,0,0.120348,0.153201,0.106832,1493058,0,0,474963200,0,0,0,542275328,1483.617969,1488.495121,1488.487151,4.258448,1484.236673,0,0,1280
3,sequential,periodic2,1,5,published,10274223,6,0,0,1514.570853,1518.529093,1518.531816,1518.532687,0,0.0110380000001,0.020074,0.0468409999999,177660,0,0,475140864,0,0,0,542452992,1514.554048,1518.540072,1518.532687,3.969219,1514.570853,0,0,1280
3,sequential,periodic2,1,6,published_merge_deferred,10279473,7,0,1,1544.953067,1550.054553,1550.057201,1550.058293,0,0.0139040000001,0.0216270000001,0.0504059999998,220500,0,0,475361536,0,0,0,542673664,1544.936158,1550.066236,1550.058293,5.113169,1544.953067,0,0,1280
3,sequential,size_tiered,1,0,published,9461367,1,0,0,1577.196826,1665.148259,1665.149498,1665.150178,0,33.351906,41.492164,9.142496,397377414,0,0,441000192,0,0,0,508312320,0,1665.150178,1665.150178,87.953352,1577.196826,0,0,1280
3,sequential,size_tiered,1,1,published,9466817,2,0,0,1688.20461,1692.101625,1692.103266,1692.103926,0,0.0147330000002,0.0243389999998,0.0500839999997,228900,0,0,441229312,0,0,0,508541440,1688.190336,1692.111438,1692.103926,3.906828,1688.20461,0,0,1280
3,sequential,size_tiered,1,2,published,10232664,2,1,0,1715.231676,1759.197781,1759.19941,1759.200183,22.052706,5.389256,6.725393,1.583218,64560048,64788948,0,473394688,229120,0,229120,540935936,1715.215377,1759.209634,1759.209493,43.977958,1715.231676,0,229120,1280
3,sequential,size_tiered,1,3,published,10234444,3,0,0,1785.225294,1789.187622,1789.189234,1789.190079,0,0.00437899999997,0.00828200000001,0.0406130000001,74760,0,0,473469696,0,0,0,540781824,1785.209899,1789.197786,1789.190079,3.972492,1785.225294,0,0,1280
3,sequential,size_tiered,1,4,published,10269993,3,1,0,1815.202481,1824.722965,1824.724807,1824.725514,1.030355,0.241495,0.294807,0.2108,3060876,3135636,0,474962688,75008,0,75008,542349824,1815.187524,1824.734587,1824.734295,9.532106,1815.202481,0,75008,1280
3,sequential,size_tiered,1,5,published,10274223,4,0,0,1850.283836,1853.498916,1853.500408,1853.501019,0,0.0083340000001,0.0193350000002,0.0374970000003,177660,0,0,475140352,0,0,0,542452480,1850.270812,1853.507179,1853.501019,3.223343,1850.283836,0,0,1280
3,sequential,size_tiered,1,6,published,10279473,4,1,0,1879.025904,1885.534884,1885.536547,1885.537668,0.205923,0.0327209999998,0.0574939999999,0.0963940000001,618660,796320,0,475361024,177664,0,177664,542850816,1879.014493,1885.545003,1885.544783,6.519099,1879.025904,0,177664,1280
3,sequential,compact,8,0,published,9461367,1,0,0,1912.254469,1986.654636,1986.655696,1986.656457,0,25.949569,36.725549,8.554319,397377414,0,0,441000192,0,0,0,508312320,0,1986.656457,1986.656457,74.401988,1912.254469,0,0,1280
3,sequential,compact,8,1,published_merge_deferred,9466817,2,0,1,2002.680409,2005.796873,2005.79781,2005.798291,0,0.0113580000002,0.018611,0.0443980000002,228900,0,0,441229312,0,0,0,508541440,2002.664203,2005.804256,2005.798291,3.123847,2002.680409,0,0,1280
3,sequential,compact,8,2,published_merge_deferred,10232664,3,0,1,2024.759326,2033.554263,2033.555511,2033.555975,0,2.08969,2.790806,0.726877,32165574,0,0,473394944,0,0,0,540707072,2024.720239,2033.562224,2033.555975,8.802898,2024.759326,0,0,1280
3,sequential,compact,8,3,published_merge_deferred,10234444,4,0,1,2052.537564,2055.652516,2055.653717,2055.654699,0,0.00479799999994,0.0248249999995,0.0398639999999,74760,0,0,473469952,0,0,0,540782080,2052.493029,2055.661261,2055.654699,3.123697,2052.537564,0,0,1280
3,sequential,compact,8,4,published_merge_deferred,10269993,5,0,1,2074.825573,2078.237607,2078.239763,2078.252889,0,0.105992,0.119780999999,0.0857640000004,1493058,0,0,474963200,0,0,0,542275328,2074.80819,2078.259766,2078.252889,3.434193,2074.825573,0,0,1280
3,sequential,compact,8,5,published_merge_deferred,10274223,6,0,1,2097.457135,2100.556421,2100.558435,2100.559064,0,0.0110519999998,0.0258280000003,0.0411429999999,177660,0,0,475140864,0,0,0,542452992,2097.436703,2100.565446,2100.559064,3.108311,2097.457135,0,0,1280
3,sequential,compact,8,6,published_merge_deferred,10279473,7,0,1,2119.821841,2123.007294,2123.009547,2123.010314,0,0.0142819999996,0.0311920000004,0.0439039999997,220500,0,0,475361536,0,0,0,542673664,2119.801916,2123.016678,2123.010314,3.194837,2119.821841,0,0,1280
3,sequential,all_delta,8,0,published,9461367,1,0,0,2142.376527,2285.826369,2285.827793,2285.82845,0,29.913802,99.253379,8.51247,397377414,0,0,441000192,0,0,0,508312320,0,2285.82845,2285.82845,143.451923,2142.376527,0,0,1280
3,sequential,all_delta,8,1,published,9466817,2,0,0,2301.969041,2305.147997,2305.149302,2305.149751,0,0.0148810000001,0.0328640000002,0.0452250000003,228900,0,0,441229312,0,0,0,508541440,2301.952124,2305.15563,2305.149751,3.186589,2301.969041,0,0,1280
3,sequential,all_delta,8,2,published,10232664,3,0,0,2321.261134,2329.974459,2329.975865,2329.976369,0,2.084954,2.872543,0.721406000001,32165574,0,0,473394944,0,0,0,540707072,2321.245386,2329.982215,2329.976369,8.721081,2321.261134,0,0,1280
3,sequential,all_delta,8,3,published,10234444,4,0,0,2348.962653,2352.073054,2352.074535,2352.075114,0,0.00337799999988,0.0061069999997,0.0379360000002,74760,0,0,473469952,0,0,0,540782080,2348.946703,2352.081202,2352.075114,3.118549,2348.962653,0,0,1280
3,sequential,all_delta,8,4,published,10269993,5,0,0,2371.240219,2374.578791,2374.580309,2374.580836,0,0.0910709999998,0.116167,0.0885880000005,1493058,0,0,474963200,0,0,0,542275328,2371.221665,2374.586851,2374.580836,3.346632,2371.240219,0,0,1280
3,sequential,all_delta,8,5,published,10274223,6,0,0,2393.763723,2396.883292,2396.885175,2396.885936,0,0.00876999999991,0.0154350000007,0.0410429999997,177660,0,0,475140864,0,0,0,542452992,2393.747444,2396.891976,2396.885936,3.128253,2393.763723,0,0,1280
3,sequential,all_delta,8,6,published,10279473,7,0,0,2416.123939,2419.228125,2419.230057,2419.230881,0,0.01082,0.0180300000006,0.0459030000002,220500,0,0,475361536,0,0,0,542673664,2416.107963,2419.237338,2419.230881,3.113399,2416.123939,0,0,1280
3,sequential,periodic2,8,0,published,9461367,1,0,0,2438.55458,2512.605147,2512.606184,2512.606638,0,25.91723,36.445191,8.547105,397377414,0,0,441000192,0,0,0,508312320,0,2512.606638,2512.606638,74.052058,2438.55458,0,0,1280
3,sequential,periodic2,8,1,published,9466817,2,0,0,2528.647409,2531.747289,2531.748529,2531.749001,0,0.0112319999998,0.0188600000001,0.0456899999999,228900,0,0,441229312,0,0,0,508541440,2528.631465,2531.754784,2531.749001,3.107375,2528.647409,0,0,1280
3,sequential,periodic2,8,2,published_merge_deferred,10232664,3,0,1,2547.864743,2556.682646,2556.683943,2556.684438,0,2.086656,2.869015,0.723459,32165574,0,0,473394944,0,0,0,540707072,2547.847601,2556.690474,2556.684438,8.825731,2547.864743,0,0,1280
3,sequential,periodic2,8,3,published,10234444,4,0,0,2575.680587,2578.725709,2578.727247,2578.727826,0,0.00340499999993,0.00608700000021,0.0362649999997,74760,0,0,473469952,0,0,0,540782080,2575.664809,2578.7341,2578.727826,3.053513,2575.680587,0,0,1280
3,sequential,periodic2,8,4,published_merge_deferred,10269993,5,0,1,2597.820122,2601.190781,2601.192938,2601.193554,0,0.0907870000001,0.120917,0.087587,1493058,0,0,474963200,0,0,0,542275328,2597.804578,2601.200407,2601.193554,3.380285,2597.820122,0,0,1280
3,sequential,periodic2,8,5,published,10274223,6,0,0,2620.414926,2623.472215,2623.474468,2623.475104,0,0.00839599999972,0.0147720000004,0.0457919999999,177660,0,0,475140864,0,0,0,542452992,2620.397957,2623.481316,2623.475104,3.06639,2620.414926,0,0,1280
3,sequential,periodic2,8,6,published_merge_deferred,10279473,7,0,1,2642.700652,2645.853169,2645.855373,2645.856101,0,0.0106390000001,0.0168370000006,0.0440839999997,220500,0,0,475361536,0,0,0,542673664,2642.684675,2645.862472,2645.856101,3.16182,2642.700652,0,0,1280
3,sequential,size_tiered,8,0,published,9461367,1,0,0,2665.200603,2739.162479,2739.163606,2739.164024,0,25.914175,36.379719,8.596618,397377414,0,0,441000192,0,0,0,508312320,0,2739.164024,2739.164024,73.963421,2665.200603,0,0,1280
3,sequential,size_tiered,8,1,published,9466817,2,0,0,2755.214256,2758.366686,2758.368011,2758.368438,0,0.0115040000001,0.0186760000001,0.0453410000005,228900,0,0,441229312,0,0,0,508541440,2755.196592,2758.374243,2758.368438,3.159987,2755.214256,0,0,1280
3,sequential,size_tiered,8,2,published,10232664,2,1,0,2774.51105,2812.001275,2812.00296,2812.003468,18.433829,4.191895,5.68057,1.457916,64560048,64788948,0,473394688,229120,0,229120,540935936,2774.494862,2812.011461,2812.011338,37.500411,2774.51105,0,229120,1280
3,sequential,size_tiered,8,3,published,10234444,3,0,0,2830.968326,2835.071296,2835.072809,2835.073302,0,0.00337100000024,0.00734500000044,0.0345560000005,74760,0,0,473469696,0,0,0,540781824,2830.948932,2835.083743,2835.073302,4.115417,2830.968326,0,0,1280
3,sequential,size_tiered,8,4,published,10269993,3,1,0,2853.986296,2863.684266,2863.685746,2863.686424,0.81893,0.186605,0.247533000001,0.176446999999,3060876,3135636,0,474962688,75008,0,75008,542349824,2853.967266,2864.276286,2864.276139,10.28999,2853.986296,0,75008,1280
3,sequential,size_tiered,8,5,published,10274223,4,0,0,2883.359361,2886.561025,2886.562416,2886.56307,0,0.00872100000015,0.0180740000001,0.0424459999995,177660,0,0,475140352,0,0,0,542452480,2883.342005,2886.569358,2886.56307,3.209997,2883.359361,0,0,1280
3,sequential,size_tiered,8,6,published,10279473,4,1,0,2906.68055,2913.73446,2913.736052,2913.736802,0.200049,0.0322590000001,0.058164999999,0.0959250000005,618660,796320,0,475361024,177664,0,177664,542850816,2905.644016,2913.751849,2913.751695,7.071299,2906.68055,0,177664,1280
3,sequential,compact,64,0,published,9461367,1,0,0,2933.025017,3010.746525,3010.74776,3010.748401,0,25.996551,37.196764,8.56015,397377414,0,0,441000192,0,0,0,508312320,0,3010.748401,3010.748401,77.723384,2933.025017,0,0,1280
3,sequential,compact,64,1,published_merge_deferred,9466817,2,0,1,3026.09544,3029.878899,3029.879867,3029.880416,0,0.0120870000001,0.0200869999999,0.0460330000001,228900,0,0,441229312,0,0,0,508541440,3026.028529,3029.891485,3029.880416,3.796045,3026.09544,0,0,1280
3,sequential,compact,64,2,published_merge_deferred,10232664,3,0,1,3045.265321,3054.09964,3054.10086,3054.10152,0,2.083948,2.908772,0.720408,32165574,0,0,473394944,0,0,0,540707072,3045.223375,3054.108173,3054.10152,8.842852,3045.265321,0,0,1280
3,sequential,compact,64,3,published_merge_deferred,10234444,4,0,1,3072.355682,3075.510184,3075.511658,3075.512244,0,0.00300199999992,0.00612000000001,0.0376199999996,74760,0,0,473469952,0,0,0,540782080,3072.315624,3075.518572,3075.512244,3.16289,3072.355682,0,0,1280
3,sequential,compact,64,4,published_merge_deferred,10269993,5,0,1,3093.876254,3097.224091,3097.225688,3097.226585,0,0.090647,0.12493,0.0875729999993,1493058,0,0,474963200,0,0,0,542275328,3093.836294,3097.232738,3097.226585,3.356484,3093.876254,0,0,1280
3,sequential,compact,64,5,published_merge_deferred,10274223,6,0,1,3116.514884,3119.785332,3119.787305,3119.787968,0,0.00891200000024,0.0541809999995,0.042931,177660,0,0,475140864,0,0,0,542452992,3116.451664,3119.794369,3119.787968,3.279485,3116.514884,0,0,1280
3,sequential,compact,64,6,published_merge_deferred,10279473,7,0,1,3138.340347,3141.495155,3141.497022,3141.498039,0,0.0105680000001,0.0689040000002,0.0458840000001,220500,0,0,475361536,0,0,0,542673664,3138.299053,3141.504352,3141.498039,3.164005,3138.340347,0,0,1280
3,sequential,all_delta,64,0,published,9461367,1,0,0,3160.101634,3274.639131,3274.640498,3274.64122,0,25.92589,76.849856,8.535876,397377414,0,0,441000192,0,0,0,508312320,0,3274.64122,3274.64122,114.539586,3160.101634,0,0,1280
3,sequential,all_delta,64,1,published,9466817,2,0,0,3289.960309,3293.131629,3293.132796,3293.133316,0,0.0114279999998,0.0731630000005,0.0460410000005,228900,0,0,441229312,0,0,0,508541440,3289.923089,3293.139339,3293.133316,3.17903,3289.960309,0,0,1280
3,sequential,all_delta,64,2,published,10232664,3,0,0,3308.521664,3326.121653,3326.123107,3326.123686,0,2.415373,11.321319,0.721013,32165574,0,0,473394944,0,0,0,540707072,3308.484126,3326.129908,3326.123686,17.608244,3308.521664,0,0,1280
3,sequential,all_delta,64,3,published,10234444,4,0,0,3344.38699,3347.44466,3347.446023,3347.446727,0,0.00304500000038,0.00603100000035,0.0374839999999,74760,0,0,473469952,0,0,0,540782080,3344.346734,3347.452736,3347.446727,3.065746,3344.38699,0,0,1280
3,sequential,all_delta,64,4,published,10269993,5,0,0,3365.812201,3369.597298,3369.598913,3369.599644,0,0.0907809999999,0.511016,0.0846630000005,1493058,0,0,474963200,0,0,0,542275328,3365.772813,3369.605647,3369.599644,3.793446,3365.812201,0,0,1280
3,sequential,all_delta,64,5,published,10274223,6,0,0,3388.051101,3391.139579,3391.141339,3391.142039,0,0.00905700000021,0.0148510000004,0.0424599999997,177660,0,0,475140864,0,0,0,542452992,3388.011012,3391.148028,3391.142039,3.096927,3388.051101,0,0,1280
3,sequential,all_delta,64,6,published,10279473,7,0,0,3409.723083,3412.866234,3412.868438,3412.869127,0,0.0107709999997,0.0175109999996,0.0448200000001,220500,0,0,475361536,0,0,0,542673664,3409.680479,3412.875436,3412.869127,3.152353,3409.723083,0,0,1280
3,sequential,periodic2,64,0,published,9461367,1,0,0,3431.482491,3505.579611,3505.580734,3505.581203,0,25.928608,36.538723,8.557818,397377414,0,0,441000192,0,0,0,508312320,0,3505.581203,3505.581203,74.098712,3431.482491,0,0,1280
3,sequential,periodic2,64,1,published,9466817,2,0,0,3520.890261,3524.531983,3524.533258,3524.533734,0,0.0120320000001,0.0182179999997,0.0460520000001,228900,0,0,441229312,0,0,0,508541440,3520.849661,3524.539725,3524.533734,3.649464,3520.890261,0,0,1280
3,sequential,periodic2,64,2,published_merge_deferred,10232664,3,0,1,3539.92645,3549.383077,3549.384377,3549.384962,0,2.094778,2.865033,0.723705999999,32165574,0,0,473394944,0,0,0,540707072,3539.886812,3549.392641,3549.384962,9.466191,3539.92645,0,0,1280
3,sequential,periodic2,64,3,published,10234444,4,0,0,3568.107121,3575.170434,3575.171952,3575.172642,0,0.00332200000003,0.00598500000069,0.0389390000005,74760,0,0,473469952,0,0,0,540782080,3567.584943,3575.769309,3575.172642,7.662188,3568.107121,0,0,1280
3,sequential,periodic2,64,4,published_merge_deferred,10269993,5,0,1,3594.31996,3597.696471,3597.697853,3597.698543,0,0.0913009999999,0.118597,0.0885700000003,1493058,0,0,474963200,0,0,0,542275328,3594.087203,3597.704668,3597.698543,3.384708,3594.31996,0,0,1280
3,sequential,periodic2,64,5,published,10274223,6,0,0,3616.147758,3619.282172,3619.28367,3619.284555,0,0.00857099999985,0.0146640000003,0.0415639999997,177660,0,0,475140864,0,0,0,542452992,3616.106377,3619.290672,3619.284555,3.142914,3616.147758,0,0,1280
3,sequential,periodic2,64,6,published_merge_deferred,10279473,7,0,1,3637.821932,3640.894093,3640.895913,3640.896551,0,0.0105450000001,0.0170739999999,0.048929,220500,0,0,475361536,0,0,0,542673664,3637.77829,3640.902817,3640.896551,3.080885,3637.821932,0,0,1280
3,sequential,size_tiered,64,0,published,9461367,1,0,0,3659.784227,3733.918052,3733.919094,3733.919612,0,25.912283,36.499825,8.574492,397377414,0,0,441000192,0,0,0,508312320,0,3733.919612,3733.919612,74.135385,3659.784227,0,0,1280
3,sequential,size_tiered,64,1,published,9466817,2,0,0,3749.228586,3752.304265,3752.305348,3752.305891,0,0.013555,0.0182340000001,0.0445410000002,228900,0,0,441229312,0,0,0,508541440,3749.190602,3752.311921,3752.305891,3.083335,3749.228586,0,0,1280
3,sequential,size_tiered,64,2,published,10232664,2,1,0,3767.691599,3792.982113,3792.983441,3792.984171,7.232111,4.205584,5.689443,1.455961,64560048,64788948,0,473394688,229120,0,229120,540935936,3767.654799,3792.992021,3792.991834,25.300422,3767.691599,0,229120,1280
3,sequential,size_tiered,64,3,published,10234444,3,0,0,3811.18394,3814.334903,3814.336294,3814.336892,0,0.00358600000027,0.00741200000039,0.0383670000001,74760,0,0,473469696,0,0,0,540781824,3811.144285,3814.342833,3814.336892,3.158893,3811.18394,0,0,1280
3,sequential,size_tiered,64,4,published,10269993,3,1,0,3832.564365,3839.721622,3839.723045,3839.723745,0.259826,0.186311,0.251228,0.176232999999,3060876,3135636,0,474962688,75008,0,75008,542349824,3832.524931,3839.730998,3839.73088,7.166633,3832.564365,0,75008,1280
3,sequential,size_tiered,64,5,published,10274223,4,0,0,3858.025534,3861.104603,3861.106175,3861.106789,0,0.00869400000011,0.0206039999998,0.041639,177660,0,0,475140352,0,0,0,542452480,3857.982912,3861.112903,3861.106789,3.087369,3858.025534,0,0,1280
3,sequential,size_tiered,64,6,published,10279473,4,1,0,3879.497195,3885.796846,3885.798542,3885.799173,0.0561600000001,0.0325910000001,0.0573810000005,0.100011999999,618660,796320,0,475361024,177664,0,177664,542850816,3879.456329,3885.806783,3885.806628,6.309588,3879.497195,0,177664,1280
3,sequential,compact,1,0,published,9461367,1,0,0,658.33095,732.456592,732.463036,732.464018,0,25.897945,35.642624,8.746819,397377414,0,0,441000192,0,0,0,508312320,0,732.464018,732.464018,74.133068,658.33095,0,0,2048
3,sequential,compact,1,1,published,9466817,1,1,0,754.940307,1080.999813,1081.00117,1081.001891,249.634863,25.94201,35.55777,8.682888,397835214,795212628,0,441000192,441000192,0,441000192,949312512,754.921615,1081.009842,1081.009686,326.069535,754.940307,0,441000192,2048
3,sequential,compact,1,2,published,10232664,1,1,0,1103.469692,1458.288826,1458.290053,1458.290834,266.450559,30.131789,41.653487,10.130932,461937462,859543776,0,441000192,441000192,0,441000192,949312512,1103.454668,1471.635523,1458.302618,368.165831,1103.469692,0,441000192,2048
3,sequential,compact,1,3,published,10234444,1,1,0,1497.762732,1830.545564,1830.546831,1830.547324,250.871972,28.048879,38.357729,9.303189,429921408,859693296,0,441000192,441000192,0,441000192,949312512,1496.810495,1844.489387,1830.554946,346.726655,1497.762732,0,441000192,2048
3,sequential,compact,1,4,published,10269993,1,1,0,1869.639119,2271.801578,2271.802673,2271.803876,318.070032,28.340155,39.04279,9.571015,432832764,862679412,0,441000192,441000192,0,441000192,949312512,1869.617522,2285.907918,2271.811776,416.268799,1869.639119,0,441000192,2048
3,sequential,compact,1,5,published,10274223,1,1,0,2311.206833,2653.76129,2653.763478,2653.764359,250.017158,30.521479,44.050126,10.186911,431695026,863034732,0,441000192,441000192,0,441000192,949312512,2311.180157,2673.312883,2653.77528,362.10605,2311.206833,0,441000192,2048
3,sequential,compact,1,6,published,10279473,1,1,0,2699.727021,3091.928056,3091.929363,3091.930833,291.283683,36.226752,43.678415,13.204638,431958366,863475732,0,441000192,441000192,0,441000192,949312512,2699.698565,3110.416458,3091.940291,410.689437,2699.727021,0,441000192,2048
3,sequential,all_delta,1,0,published,9461367,1,0,0,3157.20162,3244.024468,3244.025621,3244.026575,0,33.392088,40.196961,9.277451,397377414,0,0,441000192,0,0,0,508312320,0,3244.026575,3244.026575,86.824955,3157.20162,0,0,2048
3,sequential,all_delta,1,1,published,9466817,2,0,0,3267.036291,3270.884649,3270.886045,3270.886732,0,0.018321,0.0388150000003,0.0495729999998,228900,0,0,441229312,0,0,0,508541440,3267.020866,3270.894024,3270.886732,3.857733,3267.036291,0,0,2048
3,sequential,all_delta,1,2,published,10232664,3,0,0,3294.214077,3304.791205,3304.792799,3304.793496,0,2.683992,3.239869,0.805825,32165574,0,0,473394944,0,0,0,540707072,3294.196495,3304.801105,3304.793496,10.587028,3294.214077,0,0,2048
3,sequential,all_delta,1,3,published,10234444,4,0,0,3330.886131,3334.682555,3334.684379,3334.685221,0,0.00583199999983,0.0313799999999,0.0407530000002,74760,0,0,473469952,0,0,0,540782080,3330.8714,3334.69365,3334.685221,3.807519,3330.886131,0,0,2048
3,sequential,all_delta,1,4,published,10269993,5,0,0,3360.82293,3365.012728,3365.015476,3365.016536,0,0.116627,0.138358,0.112051,1493058,0,0,474963200,0,0,0,542275328,3360.807034,3365.024146,3365.016536,4.201216,3360.82293,0,0,2048
3,sequential,all_delta,1,5,published,10274223,6,0,0,3391.353328,3395.130917,3395.13325,3395.13435,0,0.010687,0.0172269999998,0.0458899999999,177660,0,0,475140864,0,0,0,542452992,3391.338628,3395.142395,3395.13435,3.789067,3391.353328,0,0,2048
3,sequential,all_delta,1,6,published,10279473,7,0,0,3421.578441,3425.44843,3425.45066,3425.451815,0,0.0133609999998,0.021103,0.0485549999999,220500,0,0,475361536,0,0,0,542673664,3421.563164,3425.462809,3425.451815,3.884368,3421.578441,0,0,2048
3,sequential,periodic2,1,0,published,9461367,1,0,0,3452.363964,3524.77283,3524.773628,3524.774209,0,25.909585,34.77976,8.69345,397377414,0,0,441000192,0,0,0,508312320,0,3524.774209,3524.774209,72.410245,3452.363964,0,0,2048
3,sequential,periodic2,1,1,published,9466817,2,0,0,3547.03662,3550.12532,3550.126226,3550.126772,0,0.011391,0.0203120000006,0.0429500000005,228900,0,0,441229312,0,0,0,508541440,3547.017486,3550.132865,3550.126772,3.096245,3547.03662,0,0,2048
3,sequential,periodic2,1,2,published,10232664,1,1,0,3572.792293,3906.989327,3906.990621,3906.991223,247.426297,30.113631,40.251904,10.153677,461937462,859543776,0,441000192,441229312,0,441229312,949541632,3572.427021,3907.001237,3907.00104,334.208944,3572.792293,0,441229312,2048
3,sequential,periodic2,1,3,published,10234444,2,0,0,3932.113437,3935.116024,3935.117394,3935.11806,0,0.00348399999984,0.00666299999966,0.0358690000007,74760,0,0,441075200,0,0,0,508387328,3932.100319,3935.12408,3935.11806,3.010643,3932.113437,0,0,2048
3,sequential,periodic2,1,4,published,10269993,1,1,0,3960.281576,4344.895879,4344.897319,4344.898004,294.652082,28.232294,45.950192,9.533601,432832764,862679412,0,441000192,441075200,0,441075200,949387520,3960.267474,4358.215983,4358.21575,397.934407,3960.281576,0,441075200,2048
3,sequential,periodic2,1,5,published,10274223,2,0,0,4383.604697,4387.09939,4387.1005,4387.101066,0,0.00880799999959,0.0188550000003,0.0409140000002,177660,0,0,441177856,0,0,0,508489984,4383.580388,4387.108211,4387.101066,3.503514,4383.604697,0,0,2048
3,sequential,periodic2,1,6,published,10279473,1,1,0,4412.465488,4743.194589,4743.195841,4743.196451,248.649942,28.140176,37.573318,9.498263,431958366,863475732,0,441000192,441177856,0,441177856,949490176,4412.451084,4756.341636,4756.341364,343.876148,4412.465488,0,441177856,2048
3,sequential,size_tiered,1,0,published,9461367,1,0,0,4799.950033,4872.6262,4872.62724,4872.628003,0,25.95684,34.94799,8.60781,397377414,0,0,441000192,0,0,0,508312320,0,4872.628003,4872.628003,72.67797,4799.950033,0,0,2048
3,sequential,size_tiered,1,1,published,9466817,2,0,0,4894.790708,4899.65411,4899.655222,4899.655785,0,0.011117,0.0202579999996,0.0491410000013,228900,0,0,441229312,0,0,0,508541440,4894.772006,4899.664596,4899.655785,4.873888,4894.790708,0,0,2048
3,sequential,size_tiered,1,2,published,10232664,2,1,0,4922.044375,4959.736992,4959.738545,4959.739107,18.740078,4.196284,5.419429,1.46949,64560048,64788948,0,473394688,229120,0,229120,540935936,4922.028843,4959.746519,4959.746383,37.702144,4922.044375,0,229120,2048
3,sequential,size_tiered,1,3,published,10234444,3,0,0,4984.966207,4988.015419,4988.016854,4988.017577,0,0.00383900000088,0.00680000000011,0.0349310000001,74760,0,0,473469696,0,0,0,540781824,4984.949644,4988.024356,4988.017577,3.058149,4984.966207,0,0,2048
3,sequential,size_tiered,1,4,published,10269993,3,1,0,5013.183931,5020.556776,5020.558119,5020.559262,0.796789999999,0.18635,0.246243,0.181037000003,3060876,3135636,0,474962688,75008,0,75008,542349824,5013.169081,5020.56689,5020.566679,7.382959,5013.183931,0,75008,2048
3,sequential,size_tiered,1,5,published,10274223,4,0,0,5046.009879,5049.024861,5049.027308,5049.028129,0,0.00903999999991,0.0166630000003,0.0409909999998,177660,0,0,475140352,0,0,0,542452480,5045.997474,5049.034805,5049.028129,3.024926,5046.009879,0,0,2048
3,sequential,size_tiered,1,6,published,10279473,4,1,0,5074.570547,5080.885776,5080.887162,5080.888515,0.192545999999,0.0321780000004,0.0534559999996,0.0928489999997,618660,796320,0,475361024,177664,0,177664,542850816,5074.556949,5080.895813,5080.895584,6.325266,5074.570547,0,177664,2048
3,sequential,compact,8,0,published,9461367,1,0,0,5107.528431,5180.018649,5180.019616,5180.020207,0,25.952856,34.846438,8.649829,397377414,0,0,441000192,0,0,0,508312320,0,5180.020207,5180.020207,72.491776,5107.528431,0,0,2048
3,sequential,compact,8,1,published,9466817,1,1,0,5196.063791,5500.250864,5500.251992,5500.252566,228.635661,25.946696,34.62122,8.744049,397835214,795212628,0,441000192,441000192,0,441000192,949312512,5196.045883,5500.259846,5500.259674,304.196055,5196.063791,0,441000192,2048
3,sequential,compact,8,2,published,10232664,1,1,0,5516.339586,5853.29604,5853.297729,5853.298264,249.153846,30.124421,40.428629,10.121656,461937462,859543776,0,441000192,441000192,0,441000192,949312512,5516.322425,5865.708741,5853.305678,349.369155,5516.339586,0,441000192,2048
3,sequential,compact,8,3,published,10234444,1,1,0,5884.483576,6211.743572,6211.744662,6211.745174,246.281858,28.01111,37.35072,9.398672,429921408,859693296,0,441000192,441000192,0,441000192,949312512,5884.45864,6225.033846,6211.753354,340.55027,5884.483576,0,441000192,2048
3,sequential,compact,8,4,published,10269993,1,1,0,6243.909123,6588.638913,6588.639989,6588.640698,259.069843,28.195702,37.887229,9.559245,432832764,862679412,0,441000192,441000192,0,441000192,949312512,6243.845931,6602.262158,6588.648711,358.353035,6243.909123,0,441000192,2048
3,sequential,compact,8,5,published,10274223,1,1,0,6621.102674,6942.579411,6942.580648,6942.581216,240.071346,28.183677,37.379522,9.477559,431695026,863034732,0,441000192,441000192,0,441000192,949312512,6621.076687,6955.897372,6942.589794,334.794698,6621.102674,0,441000192,2048
3,sequential,compact,8,6,published,10279473,1,1,0,6975.313933,7302.954219,7302.955381,7302.955941,241.93948,28.160201,37.791387,9.423561,431958366,863475732,0,441000192,441000192,0,441000192,949312512,6974.788264,7316.336765,7302.963689,341.022832,6975.313933,0,441000192,2048
3,sequential,all_delta,8,0,published,9461367,1,0,0,7354.929369,7534.979278,7534.980265,7534.980975,0,29.775502,138.412681,8.544927,397377414,0,0,441000192,0,0,0,508312320,0,7534.980975,7534.980975,180.051606,7354.929369,0,0,2048
3,sequential,all_delta,8,1,published,9466817,2,0,0,7551.122849,7554.398871,7554.399835,7554.400375,0,0.0117789999995,0.0212679999995,0.0447020000001,228900,0,0,441229312,0,0,0,508541440,7551.104347,7554.40636,7554.400375,3.283511,7551.122849,0,0,2048
3,sequential,all_delta,8,2,published,10232664,3,0,0,7570.531792,7588.465433,7588.46652,7588.467024,0,2.402727,11.192573,0.724088,32165574,0,0,473394944,0,0,0,540707072,7570.515342,7588.473474,7588.467024,17.941682,7570.531792,0,0,2048
3,sequential,all_delta,8,3,published,10234444,4,0,0,7608.253234,7611.285463,7611.286825,7611.287466,0,0.00323399999979,0.00670299999911,0.0421789999991,74760,0,0,473469952,0,0,0,540782080,7607.435495,7611.293469,7611.287466,3.040235,7608.253234,0,0,2048
3,sequential,all_delta,8,4,published,10269993,5,0,0,7630.444054,7634.01069,7634.012396,7634.013595,0,0.0932050000001,0.354807999999,0.0859680000003,1493058,0,0,474963200,0,0,0,542275328,7630.421465,7634.019969,7634.013595,3.575915,7630.444054,0,0,2048
3,sequential,all_delta,8,5,published,10274223,6,0,0,7653.135878,7657.829169,7657.8312,7657.831969,0,0.00854600000002,0.0157409999993,0.0420150000009,177660,0,0,475140864,0,0,0,542452992,7653.113792,7657.84264,7657.831969,4.706762,7653.135878,0,0,2048
3,sequential,all_delta,8,6,published,10279473,7,0,0,7677.184349,7681.350533,7681.352475,7681.353343,0,0.0110809999996,0.0194940000001,0.0429120000008,220500,0,0,475361536,0,0,0,542673664,7677.050187,7681.359914,7681.353343,4.175565,7677.184349,0,0,2048
3,sequential,periodic2,8,0,published,9461367,1,0,0,7700.833746,7773.298372,7773.299375,7773.299981,0,25.917627,34.782938,8.709849,397377414,0,0,441000192,0,0,0,508312320,0,7773.299981,7773.299981,72.466235,7700.833746,0,0,2048
3,sequential,periodic2,8,1,published,9466817,2,0,0,7789.343269,7792.42947,7792.430466,7792.431017,0,0.0111039999992,0.0202870000003,0.043799,228900,0,0,441229312,0,0,0,508541440,7789.323686,7792.436979,7792.431017,3.09371,7789.343269,0,0,2048
3,sequential,periodic2,8,2,published,10232664,1,1,0,7808.557229,8143.583012,8143.584245,8143.584752,248.086083,30.105652,40.406335,10.101041,461937462,859543776,0,441000192,441229312,0,441229312,949541632,7808.541088,8143.593777,8143.59358,335.036548,7808.557229,0,441229312,2048
3,sequential,periodic2,8,3,published,10234444,2,0,0,8162.488402,8165.518421,8165.519439,8165.520022,0,0.00338599999941,0.00664400000005,0.0400469999986,74760,0,0,441075200,0,0,0,508387328,8162.470156,8165.526594,8165.520022,3.038192,8162.488402,0,0,2048
3,sequential,periodic2,8,4,published,10269993,1,1,0,8184.370356,8535.81411,8535.819279,8535.820026,253.053104,36.327445,44.008986,10.224685,432832764,862679412,0,441000192,441075200,0,441075200,949387520,8184.352623,8554.750677,8554.750318,370.380321,8184.370356,0,441075200,2048
3,sequential,periodic2,8,5,published,10274223,2,0,0,8573.909614,8577.964549,8577.96596,8577.966639,0,0.0124509999987,0.0674789999975,0.0462869999992,177660,0,0,441177856,0,0,0,508489984,8573.870271,8577.974076,8577.966639,4.064462,8573.909614,0,0,2048
3,sequential,periodic2,8,6,published,10279473,1,1,0,8597.142573,8985.50174,8985.503196,8985.503866,290.05291,36.162616,43.516604,10.108277,431958366,863475732,0,441000192,441177856,0,441177856,949490176,8597.113991,9003.113839,9003.11342,405.971266,8597.142573,0,441177856,2048
3,sequential,size_tiered,8,0,published,9461367,1,0,0,9044.873393,9133.328752,9133.330079,9133.330732,0,33.386155,40.241296,9.27308999999,397377414,0,0,441000192,0,0,0,508312320,0,9133.330732,9133.330732,88.457339,9044.873393,0,0,2048
3,sequential,size_tiered,8,1,published,9466817,2,0,0,9150.154617,9154.140458,9154.141815,9154.142495,0,0.0155839999989,0.0847410000024,0.0449239999998,228900,0,0,441229312,0,0,0,508541440,9150.127946,9154.149996,9154.142495,3.995379,9150.154617,0,0,2048
3,sequential,size_tiered,8,2,published,10232664,2,1,0,9170.527189,9213.72079,9213.722556,9213.723523,21.619973,5.395846,6.47137,1.602353,64560048,64788948,0,473394688,229120,0,229120,540935936,9170.502467,9213.732787,9213.732552,43.205598,9170.527189,0,229120,2048
3,sequential,size_tiered,8,3,published,10234444,3,0,0,9232.93353,9236.760299,9236.761955,9236.762777,0,0.00461700000051,0.00766899999871,0.0392950000005,74760,0,0,473469696,0,0,0,540781824,9232.908116,9236.770906,9236.762777,3.837376,9232.93353,0,0,2048
3,sequential,size_tiered,8,4,published,10269993,3,1,0,9255.934197,9265.274784,9265.27656,9265.277301,0.966585,0.241853,0.281958000001,0.213004999998,3060876,3135636,0,474962688,75008,0,75008,542349824,9255.888694,9265.286573,9265.286309,9.352376,9255.934197,0,75008,2048
3,sequential,size_tiered,8,5,published,10274223,4,0,0,9284.527856,9288.44102,9288.442907,9288.443878,0,0.0128000000004,0.0177009999989,0.0448299999989,177660,0,0,475140352,0,0,0,542452480,9284.504523,9288.452932,9288.443878,3.925076,9284.527856,0,0,2048
3,sequential,size_tiered,8,6,published,10279473,4,1,0,9307.87658,9316.086812,9316.088786,9316.090203,0.227589999999,0.0434830000013,0.0643779999991,0.105165000001,618660,796320,0,475361024,177664,0,177664,542850816,9307.853722,9316.09961,9316.099305,8.22303,9307.87658,0,177664,2048
3,sequential,compact,64,0,published,9461367,1,0,0,9335.604242,9422.392411,9422.393658,9422.394538,0,33.304229,40.325559,9.28754200001,397377414,0,0,441000192,0,0,0,508312320,0,9422.394538,9422.394538,86.790296,9335.604242,0,0,2048
3,sequential,compact,64,1,published,9466817,1,1,0,9437.83596,9790.833132,9790.834339,9790.835108,258.402177,37.305722,40.060815,9.41915199999,397835214,795212628,0,441000192,441000192,0,441000192,949312512,9437.784964,9790.844961,9790.844722,353.009001,9437.83596,0,441000192,2048
3,sequential,compact,64,2,published,10232664,1,1,0,9806.192162,10136.509603,10136.510714,10136.511233,241.496979,30.117401,40.162899,10.116395,461937462,859543776,0,441000192,441000192,0,441000192,949312512,9806.14707,10149.040783,10136.518505,342.848621,9806.192162,0,441000192,2048
3,sequential,compact,64,3,published,10234444,1,1,0,10167.117741,10497.633252,10497.634214,10497.634794,248.258528,28.060938,38.061049,9.4069,429921408,859693296,0,441000192,441000192,0,441000192,949312512,10167.064626,10511.045334,10497.648605,343.927593,10167.117741,0,441000192,2048
3,sequential,compact,64,4,published,10269993,1,1,0,10529.124565,10868.171676,10868.173048,10868.173774,240.573697,35.86569,44.466035,10.206026,432832764,862679412,0,441000192,441000192,0,441000192,949312512,10529.071039,10887.140983,10868.183508,358.016418,10529.124565,0,441000192,2048
3,sequential,compact,64,5,published,10274223,1,1,0,10905.415285,11286.9167,11286.920764,11286.921447,283.324581,36.215515,43.848533,10.034388,431695026,863034732,0,441000192,441000192,0,441000192,949312512,10905.349259,11304.270364,11286.931724,398.855079,10905.415285,0,441000192,2048
3,sequential,compact,64,6,published,10279473,1,1,0,11322.660758,11701.80274,11701.80443,11701.805103,280.69794,36.271115,44.060256,10.144183,431958366,863475732,0,441000192,441000192,0,441000192,949312512,11322.595441,11720.626724,11701.815129,397.965966,11322.660758,0,441000192,2048
3,sequential,all_delta,64,0,published,9461367,1,0,0,11761.15945,11976.602645,11976.603778,11976.604342,0,38.072984,164.603625,8.971859,397377414,0,0,441000192,0,0,0,508312320,0,11976.604342,11976.604342,215.444892,11761.15945,0,0,2048
3,sequential,all_delta,64,1,published,9466817,2,0,0,11991.93775,11995.043316,11995.04436,11995.04495,0,0.0113450000008,0.0703559999984,0.0432570000012,228900,0,0,441229312,0,0,0,508541440,11991.8989,11995.051717,11995.04495,3.113967,11991.93775,0,0,2048
3,sequential,all_delta,64,2,published,10232664,3,0,0,12010.435263,12027.718393,12027.719788,12027.720304,0,2.395303,11.129408,0.728523999996,32165574,0,0,473394944,0,0,0,540707072,12010.396412,12027.726412,12027.720304,17.291149,12010.435263,0,0,2048
3,sequential,all_delta,64,3,published,10234444,4,0,0,12045.974715,12049.002331,12049.003707,12049.004321,0,0.00329700000111,0.00693499999943,0.036231,74760,0,0,473469952,0,0,0,540782080,12045.933631,12049.010352,12049.004321,3.035637,12045.974715,0,0,2048
3,sequential,all_delta,64,4,published,10269993,5,0,0,12067.369958,12071.119566,12071.121346,12071.122013,0,0.0922100000007,0.514440999998,0.0873759999995,1493058,0,0,474963200,0,0,0,542275328,12067.328847,12071.128623,12071.122013,3.758665,12067.369958,0,0,2048
3,sequential,all_delta,64,5,published,10274223,6,0,0,12089.58123,12092.614037,12092.615589,12092.616492,0,0.00879600000007,0.0159399999993,0.0405739999987,177660,0,0,475140864,0,0,0,542452992,12089.539388,12092.622695,12092.616492,3.041465,12089.58123,0,0,2048
3,sequential,all_delta,64,6,published,10279473,7,0,0,12111.160176,12114.216138,12114.218193,12114.219043,0,0.0106939999987,0.0188910000015,0.0432090000013,220500,0,0,475361536,0,0,0,542673664,12111.119142,12114.225141,12114.219043,3.064965,12111.160176,0,0,2048
3,sequential,periodic2,64,0,published,9461367,1,0,0,12132.823965,12205.633296,12205.634507,12205.635105,0,25.893844,35.238681,8.624183,397377414,0,0,441000192,0,0,0,508312320,0,12205.635105,12205.635105,72.81114,12132.823965,0,0,2048
3,sequential,periodic2,64,1,published,9466817,2,0,0,12220.946887,12224.028535,12224.029754,12224.030279,0,0.0114680000006,0.0206009999984,0.0435689999995,228900,0,0,441229312,0,0,0,508541440,12220.909545,12224.036088,12224.030279,3.089201,12220.946887,0,0,2048
3,sequential,periodic2,64,2,published,10232664,1,1,0,12239.418672,12575.32327,12575.324618,12575.32518,248.104188,30.216575,40.842172,10.004755,461937462,859543776,0,441000192,441229312,0,441229312,949541632,12239.381439,12575.334393,12575.334137,335.915721,12239.418672,0,441229312,2048
3,sequential,periodic2,64,3,published,10234444,2,0,0,12593.370408,12596.383213,12596.384181,12596.38465,0,0.00320300000021,0.00666699999965,0.0318470000002,74760,0,0,441075200,0,0,0,508387328,12593.329658,12596.390727,12596.38465,3.020319,12593.370408,0,0,2048
3,sequential,periodic2,64,4,published,10269993,1,1,0,12614.464975,12948.670566,12948.672213,12948.672839,248.908588,31.307104,38.229516,9.463376,432832764,862679412,0,441000192,441075200,0,441075200,949387520,12614.418152,12962.21618,12962.215848,347.751205,12614.464975,0,441075200,2048
3,sequential,periodic2,64,5,published,10274223,2,0,0,12980.342247,12983.447039,12983.448129,12983.448706,0,0.0087480000002,0.0163260000008,0.0415030000004,177660,0,0,441177856,0,0,0,508489984,12980.290408,12983.454722,12983.448706,3.112475,12980.342247,0,0,2048
3,sequential,periodic2,64,6,published,10279473,1,1,0,13001.674409,13331.930974,13331.932271,13331.932837,248.301254,28.270932,38.010756,9.45936299999,431958366,863475732,0,441000192,441177856,0,441177856,949490176,13001.632789,13345.607724,13345.60743,343.933315,13001.674409,0,441177856,2048
3,sequential,size_tiered,64,0,published,9461367,1,0,0,13381.619387,13526.480458,13526.481567,13526.482117,0,29.731257,103.318339,8.556618,397377414,0,0,441000192,0,0,0,508312320,0,13526.482117,13526.482117,144.86273,13381.619387,0,0,2048
3,sequential,size_tiered,64,1,published,9466817,2,0,0,13541.831205,13545.006738,13545.007695,13545.008169,0,0.0112259999987,0.0203509999992,0.0455030000012,228900,0,0,441229312,0,0,0,508541440,13541.76569,13545.014043,13545.008169,3.182838,13541.831205,0,0,2048
3,sequential,size_tiered,64,2,published,10232664,2,1,0,13560.40131,13596.823106,13596.824397,13596.824922,18.709616,4.213869,5.440964,1.463033,64560048,64788948,0,473394688,229120,0,229120,540935936,13560.363018,13596.832706,13596.832542,36.431396,13560.40131,0,229120,2048
3,sequential,size_tiered,64,3,published,10234444,3,0,0,13615.024157,13618.10025,13618.101345,13618.101898,0,0.00331600000027,0.00689299999976,0.0365319999983,74760,0,0,473469696,0,0,0,540781824,13614.984105,13618.108131,13618.101898,3.083974,13615.024157,0,0,2048
3,sequential,size_tiered,64,4,published,10269993,3,1,0,13636.928908,13644.912936,13644.914737,13644.91539,0.80344,0.186748,0.246269999996,0.183891999997,3060876,3135636,0,474962688,75008,0,75008,542349824,13636.277863,13644.92298,13644.922744,7.994072,13636.928908,0,75008,2048
3,sequential,size_tiered,64,5,published,10274223,4,0,0,13663.244863,13666.264399,13666.265792,13666.266385,0,0.00906500000019,0.0163410000005,0.0406369999982,177660,0,0,475140352,0,0,0,542452480,13663.202684,13666.272911,13666.266385,3.028048,13663.244863,0,0,2048
3,sequential,size_tiered,64,6,published,10279473,4,1,0,13684.661676,13690.956645,13690.95846,13690.959053,0.178550000001,0.0322620000006,0.0532960000037,0.0931609999971,618660,796320,0,475361024,177664,0,177664,542850816,13684.620742,13690.966645,13690.966465,6.304969,13684.661676,0,177664,2048
3,shadow,compact,1,1,published,9466817,1,1,0,949.408006,1378.91772,1378.920263,1378.922006,313.966483,33.376835,56.443715,13.456252,397835214,795212628,0,441000192,441000192,0,441000192,949312512,979.080625,3775.528361,3775.522353,2826.120355,949.392944,0.0150619999999,441000192,2048
3,shadow,compact,1,2,published,10232664,1,1,0,1378.932119,1863.471602,1863.474076,1885.123644,352.933945,40.354471,64.943576,15.66958,461937462,859543776,0,441000192,441000192,0,441000192,1390312704,0,1885.123263,1885.123644,506.191525,958.859723,420.072396,882000384,2048
3,shadow,compact,1,3,published,10234444,1,1,0,1885.15256,2358.342464,2358.345999,2379.305354,352.494709,36.108753,59.619028,14.501005,429921408,859693296,0,441000192,441000192,0,441000192,1390312704,0,2379.304867,2379.305354,494.152794,961.869226,923.283334,882000384,2048
3,shadow,compact,1,4,published,10269993,1,1,0,2379.33718,2844.230117,2844.231928,2865.516841,345.114652,36.345529,58.916123,14.685422,432832764,862679412,0,441000192,441000192,0,441000192,1390312704,0,2865.51649,2865.516841,486.179661,965.128467,1414.208713,882000384,2048
3,shadow,compact,1,5,published,10274223,1,1,0,2865.748084,3320.258054,3320.259831,3340.546784,346.94897,28.216391,56.423361,13.856325,431695026,863034732,0,441000192,441000192,0,441000192,1390312704,0,3340.546444,3340.546784,474.7987,968.168643,1897.579441,882000384,2048
3,shadow,compact,1,6,published,10279473,1,1,0,3340.594505,3759.675255,3759.676872,3775.415352,313.668023,28.210812,55.207996,14.04506,431958366,863475732,0,441000192,441000192,0,441000192,1390312704,0,3775.415057,3775.415352,434.820847,971.413028,2369.181477,882000384,2048
3,growth,compact,1,1,published,9466817,1,1,0,3904.731028,4325.898906,4325.901142,4325.902521,306.208793,33.467645,54.548994,13.615924,397835214,795212628,0,441000192,441000192,0,441000192,949312512,3936.102477,4325.914453,4325.913974,421.183425,3904.713172,0.0178559999999,441000192,2048
3,growth,compact,1,2,published,10232664,1,1,0,4325.916524,4804.006238,4804.00817,4804.009664,348.355527,38.775922,64.522507,15.543605,461937462,859543776,0,441000192,441000192,0,441000192,949312512,0,4822.096552,4804.021405,496.180028,3915.646776,410.269748,441000192,2048
3,growth,compact,1,3,published,10234444,1,1,0,4822.100335,5388.238806,5388.240996,5388.242005,448.37036,36.093212,57.884585,14.36349,429921408,859693296,0,441000192,441000192,0,441000192,949312512,0,5406.119482,5388.252217,584.019147,3918.684476,903.415859,441000192,2048
3,growth,compact,1,4,published,10269993,1,1,0,5406.123896,5839.972724,5839.974616,5839.975872,326.642511,28.467038,56.925187,13.893273,432832764,862679412,0,441000192,441000192,0,441000192,949312512,0,5855.319193,5839.984047,449.195297,3921.933134,1484.190762,441000192,2048
3,growth,compact,1,5,published,10274223,1,1,0,5855.321873,6271.991027,6271.992796,6271.99415,310.961736,28.216048,54.441466,14.035149,431695026,863034732,0,441000192,441000192,0,441000192,949312512,0,6285.742048,6272.002957,430.420175,3925.086761,1930.235112,441000192,2048
3,growth,compact,1,6,published,10279473,1,1,0,6285.745369,6694.473469,6694.475242,6694.476664,303.309604,28.182998,56.432981,13.86482,431958366,863475732,0,441000192,441000192,0,441000192,949312512,0,6709.397996,6694.485269,423.652627,3928.33959,2357.405779,441000192,2048
3,shadow,all_delta,1,1,published,9466817,2,0,0,7044.723654,7050.706911,7050.709556,7050.710393,0,0.0371329999998,0.0344590000004,0.0760010000004,228900,0,441000192,229120,0,0,0,508541440,7096.975394,7096.98123,7050.710393,52.257576,7044.704031,0.0196230000001,0,2048
3,shadow,all_delta,1,2,published,10232664,3,0,0,7053.257254,7065.748073,7065.749947,7065.751857,0,2.095602,4.413826,0.777446999999,32165574,0,441000192,32394752,0,0,0,540707072,0,7065.751675,7065.751857,12.494603,7053.24915,0.00810400000046,0,2048
3,shadow,all_delta,1,3,published,10234444,4,0,0,7065.761473,7069.272572,7069.274314,7069.275999,0,0.00430599999981,0.00988299999972,0.0580140000002,74760,0,441000192,32469760,0,0,0,540782080,0,7069.275712,7069.275999,3.514526,7059.472642,6.288831,0,2048
3,shadow,all_delta,1,4,published,10269993,5,0,0,7069.284429,7074.006605,7074.008472,7074.009949,0,0.0910869999998,0.195650000001,0.0928369999992,1493058,0,441000192,33963008,0,0,0,542275328,0,7074.009858,7074.009949,4.72552,7062.866293,6.418136,0,2048
3,shadow,all_delta,1,5,published,10274223,6,0,0,7075.455247,7079.816735,7079.818832,7079.819975,0,0.00900699999966,0.0227060000007,0.0588299999999,177660,0,0,475140864,0,0,0,542452992,0,7079.819744,7079.819975,4.364728,7075.446036,0.0092109999996,0,2048
3,shadow,all_delta,1,6,published,10279473,7,0,0,7082.745667,7090.162054,7090.164356,7090.165521,0,0.0120979999992,0.0279040000005,0.0635629999997,220500,0,441000192,34361344,0,0,0,542673664,0,7090.165449,7090.165521,7.419854,7082.737273,0.00839400000041,0,2048
3,growth,all_delta,1,1,published,9466817,2,0,0,7196.587734,7202.952444,7202.954683,7202.955412,0,0.0367880000003,0.0331530000003,0.0737490000001,228900,0,0,441229312,0,0,0,508541440,7202.953521,7202.962574,7202.955412,6.37484,7196.571355,0.0163789999997,0,2048
3,growth,all_delta,1,2,published,10232664,3,0,0,7205.985298,7216.595439,7216.597806,7216.598683,0,2.089489,4.239118,0.77617,32165574,0,0,473394944,0,0,0,540707072,7216.5963,7216.605555,7216.598683,10.620257,7205.97686,0.00843799999984,0,2048
3,growth,all_delta,1,3,published,10234444,4,0,0,7216.607348,7221.719603,7221.722135,7221.726581,0,0.00399299999935,0.00895899999978,0.0383930000007,74760,0,473394944,75008,0,0,0,540782080,7221.723119,7221.734751,7221.726581,5.127403,7211.483251,5.124097,0,2048
3,growth,all_delta,1,4,published,10269993,5,0,0,7221.736581,7225.705089,7225.707334,7225.709763,0,0.0925550000002,0.181847000001,0.114176999999,1493058,0,473469952,1493248,0,0,0,542275328,7225.755364,7225.756749,7225.709763,4.020168,7214.894167,6.842414,0,2048
3,growth,all_delta,1,5,published,10274223,6,0,0,7227.825944,7231.415625,7231.41776,7231.421013,0,0.00938999999926,0.019616999999,0.0612000000001,177660,0,474963200,177664,0,0,0,542452992,7231.417286,7231.428248,7231.421013,3.602304,7227.816164,0.00978000000032,0,2048
3,growth,all_delta,1,6,published,10279473,7,0,0,7234.876992,7238.337985,7238.340073,7238.34355,0,0.0110249999998,0.0266310000006,0.0655500000003,220500,0,475140864,220672,0,0,0,542673664,7238.341209,7238.35047,7238.34355,3.473478,7234.868377,0.00861500000065,0,2048
3,shadow,periodic2,1,1,published,9466817,2,0,0,7478.606353,7484.797768,7484.79976,7484.800789,0,0.0383730000003,0.029133,0.0670169999994,228900,0,441000192,229120,0,0,0,508541440,7511.4813,8768.659948,7484.800789,1290.053595,7478.592265,0.0140879999999,0,2048
3,shadow,periodic2,1,2,published,10232664,1,1,0,7487.75677,7893.855356,7893.857158,7893.860111,292.102211,30.188754,60.98522,14.57496,461937462,859543776,0,441000192,441229312,0,441229312,949541632,0,7893.859686,8768.658128,1280.901358,7487.748228,0.00854199999958,441229312,2048
3,shadow,periodic2,1,3,published,10234444,2,0,0,7893.86887,7897.239941,7897.241409,7897.242363,0,0.00378399999954,0.00857200000064,0.0417310000003,74760,0,0,441075200,0,0,0,949387520,0,7897.242195,7897.242363,3.373493,7493.259294,400.609576,441000192,2048
3,shadow,periodic2,1,4,published,10269993,1,1,0,7897.25105,8314.337877,8314.339813,8331.73355,310.382761,28.322228,58.317432,12.992039,432832764,862679412,0,441000192,441075200,0,441075200,1390387712,0,8331.733166,8331.73355,434.4825,7496.64928,400.60177,882075392,2048
3,shadow,periodic2,1,5,published,10274223,2,0,0,8331.756253,8335.557,8335.559278,8335.560375,0,0.00905800000146,0.0204249999988,0.0470530000002,177660,0,0,441177856,0,0,0,949490176,0,8335.560272,8335.560375,3.804122,7500.536524,831.219729,441000192,2048
3,shadow,periodic2,1,6,published,10279473,1,1,0,8335.569705,8754.019185,8754.021543,8768.575025,312.594167,28.182769,56.147588,13.859741,431958366,863475732,0,441000192,441177856,0,441177856,1390490368,0,8768.57462,8768.575025,433.00532,7503.773116,831.796589,882178048,2048
3,growth,periodic2,1,1,published,9466817,2,0,0,8962.280914,8968.650775,8968.652892,8968.653835,0,0.0366159999994,0.0284370000008,0.0693189999984,228900,0,441000192,229120,0,0,0,508541440,8968.655401,8968.661037,8968.653835,6.380123,8962.263574,0.0173400000003,0,2048
3,growth,periodic2,1,2,published,10232664,1,1,0,8971.716587,9387.170776,9387.17274,9387.173391,291.429182,30.58424,70.368524,14.576836,461937462,859543776,0,441000192,441229312,0,441229312,949541632,8995.378418,9387.190706,9387.190202,415.474119,8971.707129,0.00945800000045,441229312,2048
3,growth,periodic2,1,3,published,10234444,2,0,0,9387.192782,9390.807147,9390.808801,9390.809605,0,0.00419400000101,0.0084969999989,0.0436690000006,74760,0,0,441075200,0,0,0,508387328,0,9390.816291,9390.809605,3.623509,8977.079201,410.113581,0,2048
3,growth,periodic2,1,4,published,10269993,1,1,0,9390.818025,9806.731859,9806.7335,9806.734224,308.438177,28.324341,56.687878,14.180304,432832764,862679412,0,441000192,441075200,0,441075200,949387520,0,9823.248155,9823.247569,432.43013,8980.342972,410.475053,441075200,2048
3,growth,periodic2,1,5,published,10274223,2,0,0,9823.249637,9828.716809,9828.718918,9828.719883,0,0.00925000000097,0.0224340000004,0.0481959999997,177660,0,0,441177856,0,0,0,508489984,0,9828.727227,9828.719883,5.47759,8983.387757,839.86188,0,2048
3,growth,periodic2,1,6,published,10279473,1,1,0,9828.729344,10240.343252,10240.350805,10240.352685,308.416572,36.246405,47.895781,10.088299,431958366,863475732,0,441000192,441177856,0,441177856,949490176,0,10259.877323,10259.876722,431.147979,8986.682355,842.046989,441177856,2048
3,shadow,size_tiered,1,1,published,9466817,2,0,0,10513.104944,10520.80181,10520.804055,10520.804949,0,0.0375600000007,0.101395000002,0.0720139999994,228900,0,441000192,229120,0,0,0,508541440,10548.427277,10600.558404,10520.804949,87.45346,10513.090498,0.014446000001,0,2048
3,shadow,size_tiered,1,2,published,10232664,2,1,0,10523.158217,10573.3944,10573.39621,10573.398633,24.521116,5.402605,7.778989,1.956476,64560048,64788948,0,473394688,229120,0,229120,540935936,0,10573.398476,10573.398633,50.240416,10523.149827,0.00839000000087,229120,2048
3,shadow,size_tiered,1,3,published,10234444,3,0,0,10573.409375,10577.509034,10577.51078,10577.511835,0,0.00455899999906,0.00913000000219,0.039025,74760,0,0,473469696,0,0,0,540781824,0,10577.511658,10577.511835,4.10246,10529.172116,44.237259,0,2048
3,shadow,size_tiered,1,4,published,10269993,3,1,0,10577.522131,10588.077797,10588.07962,10588.082082,1.188244,0.238934000001,0.868321000002,0.219738,3060876,3135636,0,474962688,75008,0,75008,542349824,0,10588.081957,10588.082082,10.559951,10532.521857,45.000274,75008,2048
3,shadow,size_tiered,1,5,published,10274223,4,0,0,10588.091372,10592.107814,10592.10991,10592.111065,0,0.0108899999996,0.0202740000022,0.0488320000004,177660,0,0,475140352,0,0,0,542452480,0,10592.110857,10592.111065,4.019693,10537.522992,50.56838,0,2048
3,shadow,size_tiered,1,6,published,10279473,4,1,0,10592.12104,10600.505265,10600.506955,10600.509268,0.277447,0.0408850000003,0.0773609999997,0.116681999996,618660,796320,0,475361024,177664,0,177664,542850816,0,10600.509165,10600.509268,8.388228,10540.731313,51.389727,177664,2048
3,growth,size_tiered,1,1,published,9466817,2,0,0,10704.999135,10710.833129,10710.835052,10710.83634,0,0.0363570000009,0.0252810000002,0.0756509999992,228900,0,441000192,229120,0,0,0,508541440,10710.835625,10710.844675,10710.83634,5.84554,10704.981765,0.0173699999996,0,2048
3,growth,size_tiered,1,2,published,10232664,2,1,0,10714.017639,10755.449185,10755.450928,10755.451721,18.767696,5.404,6.501087,1.940357,64560048,64788948,0,473394688,229120,0,229120,540935936,10738.830118,10755.461394,10755.461277,41.443755,10714.007238,0.0104009999995,229120,2048
3,growth,size_tiered,1,3,published,10234444,3,0,0,10755.463715,10759.438429,10759.440062,10759.440699,0,0.00424199999907,0.00865900000099,0.0442300000013,74760,0,0,473469696,0,0,0,540781824,0,10759.44832,10759.440699,3.984605,10720.169968,35.293747,0,2048
3,growth,size_tiered,1,4,published,10269993,3,1,0,10759.450366,10769.271542,10769.273046,10769.273774,1.148886,0.237479000001,0.317622999999,0.224118,3060876,3135636,0,474962688,75008,0,75008,542349824,0,10769.28299,10769.282818,9.832624,10723.629982,35.820384,75008,2048
3,growth,size_tiered,1,5,published,10274223,4,0,0,10769.283977,10773.292499,10773.294444,10773.295086,0,0.0109059999995,0.0166729999983,0.0489979999984,177660,0,0,475140352,0,0,0,542452480,0,10773.302693,10773.295086,4.018716,10727.816152,41.467825,0,2048
3,growth,size_tiered,1,6,published,10279473,4,1,0,10773.305088,10781.661765,10781.663489,10781.664586,0.263359,0.0413289999997,0.0759749999979,0.116180999999,618660,796320,0,475361024,177664,0,177664,542850816,0,10781.673825,10781.673654,8.368737,10731.066835,42.238253,177664,2048
3,shadow,compact,8,1,published,9466817,1,1,0,11112.137001,11527.134874,11527.137011,11527.137696,299.269947,33.388183,56.064766,13.427948,397835214,795212628,0,441000192,441000192,0,441000192,949312512,11228.162368,13709.542936,13709.541748,2597.405935,11112.118082,0.0189189999983,441000192,2048
3,shadow,compact,8,2,published,10232664,1,1,0,11527.148097,11950.839182,11950.840662,11967.135461,308.245811,30.770024,60.883051,14.836441,461937462,859543776,0,441000192,441000192,0,441000192,1390312704,0,11967.135206,11967.135461,439.987364,11133.723242,393.424855,882000384,2048
3,shadow,compact,8,3,published,10234444,1,1,0,11967.157747,12413.389588,12413.391146,12427.87285,338.314991,28.0607,57.912595,13.716102,429921408,859693296,0,441000192,441000192,0,441000192,1390312704,0,12427.872521,12427.87285,460.715103,11148.310708,818.847039,882000384,2048
3,shadow,compact,8,4,published,10269993,1,1,0,12427.895597,12834.101241,12834.102702,12849.066806,300.396383,28.233417,56.569018,13.821254,432832764,862679412,0,441000192,441000192,0,441000192,1390312704,0,12849.066486,12849.066806,421.171209,11162.840807,1265.05479,882000384,2048
3,shadow,compact,8,5,published,10274223,1,1,0,12849.086538,13266.531158,13266.533718,13281.013179,307.80015,31.255989,56.20434,13.908163,431695026,863034732,0,441000192,441000192,0,441000192,1390312704,0,13281.012809,13281.013179,431.926641,11177.345169,1671.741369,882000384,2048
3,shadow,compact,8,6,published,10279473,1,1,0,13281.043392,13695.69348,13695.694872,13709.442818,307.302187,28.205902,56.852482,13.811222,431958366,863475732,0,441000192,441000192,0,441000192,1390312704,0,13709.44253,13709.442818,428.399426,11191.878857,2089.164535,882000384,2048
3,growth,compact,8,1,published,9466817,1,1,0,13905.823871,14271.423156,14271.424994,14271.425528,265.014238,26.025018,51.602184,12.731793,397835214,795212628,0,441000192,441000192,0,441000192,949312512,14020.215639,14271.435498,14271.435009,365.611627,13905.807935,0.0159359999998,441000192,2048
3,growth,compact,8,2,published,10232664,1,1,0,14271.437482,14693.357349,14693.358851,14693.359527,307.855411,30.196709,61.306944,14.82682,461937462,859543776,0,441000192,441000192,0,441000192,949312512,0,14708.936125,14693.367848,437.498643,13925.750956,345.686526,441000192,2048
3,growth,compact,8,3,published,10234444,1,1,0,14708.943364,15115.038183,15115.039843,15115.04108,303.65478,28.111109,54.54687,12.249875,429921408,859693296,0,441000192,441000192,0,441000192,949312512,0,15128.398121,15115.049338,419.454757,13940.357393,768.585971,441000192,2048
3,growth,compact,8,4,published,10269993,1,1,0,15128.401525,15532.762989,15532.764515,15532.765164,298.08871,28.263125,57.116201,13.840841,432832764,862679412,0,441000192,441000192,0,441000192,949312512,0,15547.849159,15532.773377,419.447634,13954.906336,1173.495189,441000192,2048
3,growth,compact,8,5,published,10274223,1,1,0,15547.851045,15950.222853,15950.224333,15950.224993,294.721113,28.19737,57.387054,13.797785,431695026,863034732,0,441000192,441000192,0,441000192,949312512,0,15964.388559,15950.84495,416.537514,13969.413541,1578.437504,441000192,2048
3,growth,compact,8,6,published,10279473,1,1,0,15964.392079,16370.028647,16370.030165,16370.031453,298.091901,28.205116,56.553653,13.83293,431958366,863475732,0,441000192,441000192,0,441000192,949312512,0,16384.676027,16370.039649,420.283948,13983.899914,1980.492165,441000192,2048
3,shadow,all_delta,8,1,published,9466817,2,0,0,16803.71009,16809.077141,16809.079131,16809.080011,0,0.0367589999987,0.0308150000019,0.0588649999991,228900,0,441000192,229120,0,0,0,508541440,16935.995942,16936.013144,16809.080011,132.303054,16803.693361,0.016728999999,0,2048
3,shadow,all_delta,8,2,published,10232664,3,0,0,16823.260106,16844.973435,16844.975267,16844.976528,0,4.047733,13.377975,0.772731999994,32165574,0,441000192,32394752,0,0,0,540707072,0,16844.976383,16844.976528,21.716422,16823.248477,0.0116290000005,0,2048
3,shadow,all_delta,8,3,published,10234444,4,0,0,16844.985957,16848.515344,16848.517162,16848.518136,0,0.00413300000218,0.00945599999613,0.0596810000025,74760,0,441000192,32469760,0,0,0,540782080,0,16848.51804,16848.518136,3.532179,16840.340983,4.644974,0,2048
3,shadow,all_delta,8,4,published,10269993,5,0,0,16859.245363,16864.542389,16864.544152,16864.545558,0,0.111414999999,0.188067000003,0.104664000002,1493058,0,441000192,33963008,0,0,0,542275328,0,16864.545459,16864.545558,5.300195,16859.234272,0.0110910000003,0,2048
3,shadow,all_delta,8,5,published,10274223,6,0,0,16877.510671,16881.953402,16881.955385,16881.956475,0,0.0153929999979,0.0181339999981,0.0461219999997,177660,0,441000192,34140672,0,0,0,542452992,0,16881.956392,16881.956475,4.445804,16877.499531,0.0111399999987,0,2048
3,shadow,all_delta,8,6,published,10279473,7,0,0,16896.075868,16900.087333,16900.089261,16900.09015,0,0.017702000001,0.0215280000048,0.0462020000014,220500,0,441000192,34361344,0,0,0,542673664,0,16900.090076,16900.09015,4.014282,16896.065394,0.0104739999988,0,2048
3,growth,all_delta,8,1,published,9466817,2,0,0,17036.932207,17042.263943,17042.265512,17042.266249,0,0.0377649999973,0.0283420000014,0.0588019999996,228900,0,441000192,229120,0,0,0,508541440,17042.268774,17042.272961,17042.266249,5.340754,17036.916488,0.0157190000027,0,2048
3,growth,all_delta,8,2,published,10232664,3,0,0,17056.546551,17068.86868,17068.870186,17068.871634,0,4.228452,3.973518,0.787553000006,32165574,0,441229312,32165632,0,0,0,540707072,17068.87385,17068.878226,17068.871634,12.331675,17056.536098,0.010452999999,0,2048
3,growth,all_delta,8,3,published,10234444,4,0,0,17074.44082,17077.777547,17077.779281,17077.780601,0,0.00354999999763,0.0096569999987,0.0393509999994,74760,0,473394944,75008,0,0,0,540782080,17078.129837,17078.133527,17077.780601,3.692707,17074.431204,0.00961599999937,0,2048
3,growth,all_delta,8,4,published,10269993,5,0,0,17095.248566,17101.464843,17101.466405,17101.468238,0,0.204206999999,0.171784000002,0.116625999999,1493058,0,473469952,1493248,0,0,0,542275328,17101.472843,17101.477492,17101.468238,6.228926,17095.234175,0.014390999997,0,2048
3,growth,all_delta,8,5,published,10274223,6,0,0,17118.661491,17123.516789,17123.518468,17123.520383,0,0.0192129999996,0.0154200000034,0.0450680000031,177660,0,474963200,177664,0,0,0,542452992,17123.520924,17123.527478,17123.520383,4.865987,17118.646537,0.0149539999984,0,2048
3,growth,all_delta,8,6,published,10279473,7,0,0,17140.719746,17145.096544,17145.098559,17145.100998,0,0.0240169999997,0.0191159999958,0.0505200000007,220500,0,475140864,220672,0,0,0,542673664,17145.101052,17145.108834,17145.100998,4.389088,17140.706924,0.0128220000006,0,2048
3,shadow,periodic2,8,1,published,9466817,2,0,0,17508.450977,17514.892289,17514.894018,17514.894726,0,0.0368140000028,0.0747960000008,0.0598009999994,228900,0,441000192,229120,0,0,0,508541440,17626.741528,18805.70972,17514.894726,1297.258743,17508.435228,0.015749000002,0,2048
3,shadow,periodic2,8,2,published,10232664,1,1,0,17529.029904,17931.359195,17931.360955,17931.363379,289.204941,30.610414,59.973017,14.517067,461937462,859543776,0,441000192,441229312,0,441229312,949541632,0,17931.363271,18805.70872,1276.678816,17529.019124,0.0107800000005,441229312,2048
3,shadow,periodic2,8,3,published,10234444,2,0,0,17931.372289,17934.750057,17934.751268,17934.752514,0,0.00427899999704,0.00919400000203,0.0416810000024,74760,0,0,441075200,0,0,0,949387520,0,17934.752367,17934.752514,3.380225,17546.797875,384.574414,441000192,2048
3,shadow,periodic2,8,4,published,10269993,1,1,0,17934.760195,18353.291656,18353.293319,18372.242793,312.17187,28.257958,58.220682,12.98037,432832764,862679412,0,441000192,441075200,0,441075200,1390387712,0,18372.242523,18372.242793,437.482598,17561.347023,373.413172,882075392,2048
3,shadow,periodic2,8,5,published,10274223,2,0,0,18372.263718,18375.947468,18375.949234,18375.950227,0,0.00877400000172,0.0612349999974,0.0468949999995,177660,0,0,441177856,0,0,0,949490176,0,18375.950104,18375.950227,3.686509,17575.883547,796.380171,441000192,2048
3,shadow,periodic2,8,6,published,10279473,1,1,0,18375.958886,18791.401538,18791.402911,18805.641151,309.678632,28.229802,56.369641,13.81241,431958366,863475732,0,441000192,441177856,0,441177856,1390490368,0,18805.640943,18805.641151,429.682265,17590.401903,785.556983,882178048,2048
3,growth,periodic2,8,1,published,9466817,2,0,0,18932.275605,18938.088246,18938.08995,18938.090659,0,0.0373590000017,0.0299030000024,0.0703769999964,228900,0,441000192,229120,0,0,0,508541440,18938.092899,18938.098282,18938.090659,5.822677,18932.258972,0.0166329999993,0,2048
3,growth,periodic2,8,2,published,10232664,1,1,0,18952.475268,19351.783062,19351.784756,19351.785432,286.383673,31.492438,59.23673,14.459103,461937462,859543776,0,441000192,441229312,0,441229312,949541632,19050.837098,19351.795539,19351.795435,399.320271,18952.463665,0.011602999999,441229312,2048
3,growth,periodic2,8,3,published,10234444,2,0,0,19351.797579,19355.026535,19355.027872,19355.028452,0,0.00391099999979,0.00811899999826,0.0581440000024,74760,0,0,441075200,0,0,0,508387328,0,19355.034844,19355.028452,3.237265,18970.330176,381.467403,0,2048
3,growth,periodic2,8,4,published,10269993,1,1,0,19355.036435,19775.373943,19775.375593,19775.376597,310.410873,28.359777,58.717767,13.917354,432832764,862679412,0,441000192,441075200,0,441075200,949387520,0,19790.801281,19790.801017,435.764846,18984.955185,370.08125,441075200,2048
3,growth,periodic2,8,5,published,10274223,2,0,0,19790.802988,19794.744521,19794.746177,19794.747169,0,0.0088880000003,0.0206270000017,0.127904000001,177660,0,0,441177856,0,0,0,508489984,0,19794.753627,19794.747169,3.950639,18999.599905,791.203083,0,2048
3,growth,periodic2,8,6,published,10279473,1,1,0,19794.755978,20206.969392,20206.970739,20206.971968,306.725448,28.219541,55.806639,13.84159,431958366,863475732,0,441000192,441177856,0,441177856,949490176,0,20221.346565,20221.346433,426.590587,19014.221593,780.534385,441177856,2048
3,shadow,size_tiered,8,1,published,9466817,2,0,0,20567.374256,20573.876232,20573.877978,20573.878898,0,0.0373149999978,0.0308059999988,0.051881000003,228900,0,441000192,229120,0,0,0,508541440,20708.524182,20708.535777,20573.878898,141.161521,20567.35696,0.0172959999982,0,2048
3,shadow,size_tiered,8,2,published,10232664,2,1,0,20588.049556,20631.644301,20631.645646,20631.647775,20.494669,6.448396,6.724785,1.899649,64560048,64788948,0,473394688,229120,0,229120,540935936,0,20631.647666,20631.647775,43.598219,20588.037263,0.0122930000034,229120,2048
3,shadow,size_tiered,8,3,published,10234444,3,0,0,20631.656838,20636.180349,20636.181941,20636.182937,0,0.00564700000177,0.0156530000022,0.042859000001,74760,0,441000192,32469504,0,0,0,540781824,0,20636.182832,20636.182937,4.526099,20605.216205,26.440633,0,2048
3,shadow,size_tiered,8,4,published,10269993,3,1,0,20636.195743,20644.697617,20644.699002,20644.701537,0.965381000002,0.187271999996,0.319339999998,0.212438999999,3060876,3135636,441000192,33962496,75008,0,75008,542349824,0,20644.701462,20644.701537,8.505794,20619.783171,16.412572,75008,2048
3,shadow,size_tiered,8,5,published,10274223,4,0,0,20648.12089,20651.592231,20651.593772,20651.594674,0,0.00872199999867,0.0174379999953,0.0464190000057,177660,0,441000192,34140160,0,0,0,542452480,0,20651.594579,20651.594674,3.473784,20648.111668,0.00922199999695,0,2048
3,shadow,size_tiered,8,6,published,10279473,4,1,0,20665.707492,20674.087735,20674.089338,20674.091742,0.226042999999,0.0410819999997,0.0754099999976,0.126847000003,618660,796320,441000192,34360832,177664,0,177664,542850816,0,20674.091642,20674.091742,8.38425,20665.697705,0.00978700000269,177664,2048
3,growth,size_tiered,8,1,published,9466817,2,0,0,20817.147797,20823.946695,20823.948392,20823.949239,0,0.047217000003,0.0200659999973,0.0534119999975,228900,0,441000192,229120,0,0,0,508541440,20823.948905,20823.956188,20823.949239,6.808391,20817.131418,0.0163790000006,0,2048
3,growth,size_tiered,8,2,published,10232664,2,1,0,20838.241129,20865.774433,20865.776142,20865.777583,4.416861,4.880733,5.431298,2.178249,64560048,64788948,441000192,32394496,229120,229120,0,540935936,20865.922138,20866.353502,20866.353166,28.112373,20838.230958,0.0101709999981,0,2048
3,growth,size_tiered,8,3,published,10234444,3,0,0,20866.355211,20870.258355,20870.259953,20870.261198,0,0.00352700000076,0.00702300000194,0.042010000001,74760,0,473394688,75008,0,0,0,540781824,20870.275404,20870.278446,20870.261198,3.923235,20859.379089,6.976122,0,2048
3,growth,size_tiered,8,4,published,10269993,3,1,0,20881.204675,20890.23476,20890.236317,20890.239066,0.228338000001,0.207419000002,0.261522000008,0.227280000003,3060876,3135636,473394688,1568000,75008,75008,0,542349824,20890.235806,20890.247285,20890.247043,9.04261,20881.191563,0.0131120000005,0,2048
3,growth,size_tiered,8,5,published,10274223,4,0,0,20905.59909,20911.054884,20911.056427,20911.057588,0,0.0185980000024,0.0134370000014,0.0477519999986,177660,0,474962688,177664,0,0,0,542452480,20911.05941,20911.064244,20911.057588,5.465154,20905.586849,0.0122410000004,0,2048
3,growth,size_tiered,8,6,published,10279473,4,1,0,20928.192194,20936.19839,20936.199855,20936.20159,0.0695510000005,0.0458309999995,0.0673279999974,0.125466999994,618660,796320,474962688,398336,177664,177664,0,542850816,20936.20003,20936.209597,20936.209377,8.017403,20928.174927,0.0172669999993,0,2048
3,shadow,compact,64,1,published,9466817,1,1,0,22206.282639,22571.264646,22571.266402,22571.266919,261.050159,26.009835,52.261739,13.264717,397835214,795212628,0,441000192,441000192,441000192,0,949312512,23140.66423,24697.711464,24697.710368,2491.428825,22206.26551,0.0171289999998,0,2048
3,shadow,compact,64,2,published,10232664,1,1,0,22571.275061,22991.113793,22991.115316,23006.994147,300.44886,30.218394,60.02977,15.273844,461937462,859543776,0,441000192,441000192,441000192,441000192,1390312704,0,23006.993909,23006.994147,435.719086,22331.385663,239.889398,441000192,2048
3,shadow,compact,64,3,published,10234444,1,1,0,23007.016028,23422.417634,23422.419131,23436.070281,308.964652,28.075715,57.006216,13.796514,429921408,859693296,0,441000192,441000192,0,441000192,1390312704,0,23436.070013,23436.070281,429.054253,22454.435179,552.580849,882000384,2048
3,shadow,compact,64,4,published,10269993,1,1,0,23436.089504,23839.9287,23839.929962,23855.49269,298.035645,28.257361,56.546379,13.856897,432832764,862679412,0,441000192,441000192,0,441000192,1390312704,0,23855.492321,23855.49269,419.403186,22584.436125,851.653379,882000384,2048
3,shadow,compact,64,5,published,10274223,1,1,0,23855.511415,24259.635365,24259.636778,24273.010638,298.271539,28.153659,55.910035,13.847237,431695026,863034732,0,441000192,441000192,0,441000192,1390312704,0,24273.010307,24273.010638,417.499223,22706.570939,1148.940476,882000384,2048
3,shadow,compact,64,6,published,10279473,1,1,0,24273.47828,24682.440682,24682.442076,24697.629239,301.164877,28.293001,56.714692,13.308856,431958366,863475732,0,441000192,441000192,0,441000192,1390312704,0,24697.629029,24697.629239,424.150959,22828.750803,1444.727477,882000384,2048
3,growth,compact,64,1,published,9466817,1,1,0,24861.507164,25262.036818,25262.038526,25262.039088,298.441983,26.028979,50.665001,13.315275,397835214,795212628,0,441000192,441000192,0,441000192,949312512,25262.026336,25262.048074,25262.04754,400.54091,24861.490671,0.0164929999992,441000192,2048
3,growth,compact,64,2,published,10232664,1,1,0,25262.051158,25683.349942,25683.35141,25683.352097,304.747477,30.180705,59.258703,15.123513,461937462,859543776,0,441000192,441000192,441000192,0,949312512,25683.324626,25698.7198,25684.431152,436.668642,24984.929861,277.121297,0,2048
3,growth,compact,64,3,published,10234444,1,1,0,25698.726378,26103.633235,26103.634854,26103.635536,301.548284,28.083326,53.864818,13.744495,429921408,859693296,0,441000192,441000192,0,441000192,949312512,25804.6283,26117.08477,26103.64379,418.358392,25107.05796,591.668418,441000192,2048
3,growth,compact,64,4,published,10269993,1,1,0,26117.088711,26518.693869,26518.695333,26518.695951,296.269062,28.293699,55.790282,13.960995,432832764,862679412,0,441000192,441000192,0,441000192,949312512,0,26532.728723,26518.705101,415.640012,25230.039856,887.048855,441000192,2048
3,growth,compact,64,5,published,10274223,1,1,0,26532.733437,26929.679421,26929.681017,26929.682263,293.586384,28.182428,53.841582,13.847675,431695026,863034732,0,441000192,441000192,0,441000192,949312512,0,26943.158997,26929.691059,410.42556,25354.73383,1177.999607,441000192,2048
3,growth,compact,64,6,published,10279473,1,1,0,26943.162236,27342.117067,27342.118558,27342.119736,295.10476,28.202913,54.609991,13.928119,431958366,863475732,0,441000192,441000192,0,441000192,949312512,0,27357.430311,27342.127604,414.268075,25476.901403,1466.260833,441000192,2048
3,shadow,all_delta,64,1,published,9466817,2,0,0,28589.769524,28595.993359,28595.995282,28595.996023,0,0.0511970000007,0.0462549999975,0.0554420000044,228900,0,441000192,229120,0,0,0,508541440,29514.065124,29514.092915,28595.996023,924.323391,28589.752385,0.0171389999996,0,2048
3,shadow,all_delta,64,2,published,10232664,3,0,0,28712.949582,28729.148198,28729.149875,28729.151115,0,5.009766,4.072039,0.796193000006,32165574,0,441000192,32394752,0,0,0,540707072,0,28729.150877,28729.151115,16.201533,28712.932219,0.0173630000027,0,2048
3,shadow,all_delta,64,3,published,10234444,4,0,0,28838.638184,28844.581872,28844.583598,28844.584685,0,0.0102279999992,0.00998799999797,0.0695520000008,74760,0,441000192,32469760,0,0,0,540782080,0,28844.584542,28844.584685,5.946501,28838.61652,0.0216639999999,0,2048
3,shadow,all_delta,64,4,published,10269993,5,0,0,28961.669764,28967.607256,28967.609012,28967.610444,0,0.304167000002,0.195264000005,0.119272000004,1493058,0,441000192,33963008,0,0,0,542275328,0,28967.610286,28967.610444,5.94068,28961.651582,0.0181819999998,0,2048
3,shadow,all_delta,64,5,published,10274223,6,0,0,29084.682439,29091.119655,29091.121538,29091.122957,0,0.0279190000001,0.0186230000036,0.0766030000013,177660,0,441000192,34140672,0,0,0,542452992,0,29091.12283,29091.122957,6.440518,29084.664551,0.0178879999985,0,2048
3,shadow,all_delta,64,6,published,10279473,7,0,0,29207.787538,29213.952098,29213.954393,29213.955594,0,0.0341410000001,0.0217799999991,0.0495249999985,220500,0,441000192,34361344,0,0,0,542673664,0,29213.955487,29213.955594,6.168056,29207.771975,0.0155630000008,0,2048
3,growth,all_delta,64,1,published,9466817,2,0,0,29653.759259,29659.68407,29659.685568,29659.686359,0,0.0374809999994,0.0282150000021,0.0789559999976,228900,0,441000192,229120,0,0,0,508541440,29659.686298,29659.768983,29659.686359,6.009724,29653.743742,0.0155169999998,0,2048
3,growth,all_delta,64,2,published,10232664,3,0,0,29777.52095,29792.967305,29792.968978,29792.970359,0,4.429919,3.957397,0.823164000001,32165574,0,441229312,32165632,0,0,0,540707072,29792.971086,29793.053515,29792.970359,15.532565,29777.502153,0.018796999997,0,2048
3,growth,all_delta,64,3,published,10234444,4,0,0,29923.767391,29930.416645,29930.418184,29930.419535,0,0.0116209999978,0.00985699999728,0.0716949999987,74760,0,473394944,75008,0,0,0,540782080,29930.419839,29930.514065,29930.419535,6.746674,29923.753633,0.013758000001,0,2048
3,growth,all_delta,64,4,published,10269993,5,0,0,30071.383507,30078.071443,30078.073054,30078.074852,0,0.304801000002,0.171881999999,0.121769999998,1493058,0,473469952,1493248,0,0,0,542275328,30078.075484,30078.171132,30078.074852,6.787625,30071.363704,0.0198029999992,0,2048
3,growth,all_delta,64,5,published,10274223,6,0,0,30219.692388,30226.377901,30226.379906,30226.38167,0,0.0286049999995,0.0188400000006,0.0779239999974,177660,0,474963200,177664,0,0,0,542452992,30226.382969,30226.482363,30226.38167,6.789975,30219.677559,0.0148289999997,0,2048
3,growth,all_delta,64,6,published,10279473,7,0,0,30368.664124,30375.377166,30375.379177,30375.381129,0,0.03514,0.0191149999991,0.0764140000028,220500,0,475140864,220672,0,0,0,542673664,30375.380664,30375.481572,30375.381129,6.817448,30368.646196,0.0179279999975,0,2048
3,shadow,periodic2,64,1,published,9466817,2,0,0,31944.21139,31953.631332,31953.632996,31953.633759,0,0.0378109999983,0.0248789999969,0.049672000001,228900,0,441000192,229120,0,0,0,508541440,32876.319505,33347.858407,31953.633759,1403.647017,31944.194243,0.0171469999987,0,2048
3,shadow,periodic2,64,2,published,10232664,1,1,0,32069.972112,32479.556556,32479.558256,32479.560708,285.797094,32.989068,58.857354,15.026942,461937462,859543776,0,441000192,441229312,441000192,229120,949541632,0,32479.560582,33347.857647,1277.885535,32069.956352,0.0157599999984,229120,2048
3,shadow,periodic2,64,3,published,10234444,2,0,0,32479.569032,32485.492187,32485.49346,32485.494676,0,0.00507899999866,0.0102269999988,0.0583780000052,74760,0,0,441075200,0,441000192,0,949387520,0,32485.494536,32485.494676,5.925644,32195.273541,284.295491,0,2048
3,shadow,periodic2,64,4,published,10269993,1,1,0,32485.502509,32904.606239,32904.607739,32919.85925,310.326164,28.300554,56.888153,14.151588,432832764,862679412,0,441000192,441075200,0,441075200,1390387712,0,32919.859045,32919.85925,434.356741,32317.375183,168.127326,882075392,2048
3,shadow,periodic2,64,5,published,10274223,2,0,0,32919.879264,32923.694641,32923.696437,32923.69741,0,0.00922499999433,0.0188180000114,0.0557379999955,177660,0,0,441177856,0,0,0,949490176,0,32923.697268,32923.69741,3.818146,32442.32438,477.554884,441000192,2048
3,shadow,periodic2,64,6,published,10279473,1,1,0,32923.705965,33332.584846,33332.586749,33347.782202,305.057756,28.163986,55.139333,12.2780649999,431958366,863475732,0,441000192,441177856,0,441177856,1390490368,0,33347.781988,33347.782202,424.076237,32570.317896,353.388069,882178048,2048
3,growth,periodic2,64,1,published,9466817,2,0,0,33509.389309,33515.601369,33515.603472,33515.60424,0,0.0379549999998,0.0242969999963,0.0548159999962,228900,0,441000192,229120,0,0,0,508541440,33517.998852,33518.010673,33515.60424,8.621364,33509.371562,0.0177469999981,0,2048
3,growth,periodic2,64,2,published,10232664,1,1,0,33633.242596,34037.780141,34037.781692,34037.782584,284.947385,32.157731,58.945728,15.07846,461937462,859543776,0,441000192,441229312,441229312,0,949541632,34037.766457,34037.851645,34037.851234,404.609049,33633.225218,0.0173779999968,0,2048
3,growth,periodic2,64,3,published,10234444,2,0,0,34037.799324,34044.958177,34044.95974,34044.960693,0,0.00494299999991,0.00828100000217,0.0493420000057,74760,0,441000192,75008,0,0,0,508387328,34044.95716,34044.970413,34044.960693,7.171089,33758.557485,279.241839,0,2048
3,growth,periodic2,64,4,published,10269993,1,1,0,34044.972133,34462.533851,34462.535503,34462.536923,305.644914,28.260794,55.9893920001,14.388156,432832764,862679412,0,441000192,441075200,441075200,0,949387520,34462.529217,34481.057851,34481.057597,436.085718,33881.403407,163.568726,0,2048
3,growth,periodic2,64,5,published,10274223,2,0,0,34462.544219,34482.150202,34482.152341,34482.154267,0,0.00971600000048,0.0158080000037,0.0472369999989,177660,0,441000192,177664,0,0,0,508489984,34485.22895,34485.243595,34482.154267,22.699376,34007.394971,455.149248,0,2048
3,growth,periodic2,64,6,published,10279473,1,1,0,34482.166571,34890.462762,34890.464546,34890.465356,305.611047,28.25631,54.18991,12.799017,431958366,863475732,0,441000192,441177856,0,441177856,949490176,34540.892685,34904.955523,34904.955298,422.788952,34154.594435,327.572136,441177856,2048
3,shadow,size_tiered,64,1,published,9466817,2,0,0,36132.327646,36139.907274,36139.90938,36139.91025,0,0.0386209999997,0.0331449999867,0.0548909999925,228900,0,441000192,229120,0,0,0,508541440,37064.30086,37064.327568,36139.91025,931.999922,36132.311984,0.015661999998,0,2048
3,shadow,size_tiered,64,2,published,10232664,2,1,0,36256.867572,36306.564995,36306.566492,36306.568978,19.230682,6.946707,6.79881399999,1.81880100001,64560048,64788948,441000192,32394496,229120,0,229120,540935936,0,36306.568873,36306.568978,49.701406,36256.849762,0.0178100000048,229120,2048
3,shadow,size_tiered,64,3,published,10234444,3,0,0,36385.523421,36391.880321,36391.882034,36391.882929,0,0.0112109999973,0.0101890000078,0.0446259999953,74760,0,441000192,32469504,0,0,0,540781824,0,36391.882804,36391.882929,6.359508,36385.501957,0.0214639999976,0,2048
3,shadow,size_tiered,64,4,published,10269993,3,1,0,36508.833886,36524.338778,36524.340299,36524.342414,0.972843999996,0.401418000001,0.322953999988,0.247753000003,3060876,3135636,441000192,33962496,75008,0,75008,542349824,0,36524.342319,36524.342414,15.508528,36508.815087,0.0187989999977,75008,2048
3,shadow,size_tiered,64,5,published,10274223,4,0,0,36633.759379,36639.617133,36639.618603,36639.61964,0,0.0279380000065,0.0201910000033,0.0755449999997,177660,0,441000192,34140160,0,0,0,542452480,0,36639.619485,36639.61964,5.86026099999,36633.744279,0.0151000000042,0,2048
3,shadow,size_tiered,64,6,published,10279473,4,1,0,36756.692949,36771.811874,36771.813271,36771.815556,0.237212,0.0588449999996,0.0749569999971,0.148955999997,618660,796320,441000192,34360832,177664,0,177664,542850816,0,36771.815464,36771.815556,15.122607,36756.674614,0.0183349999934,177664,2048
3,growth,size_tiered,64,1,published,9466817,2,0,0,37211.682259,37217.547786,37217.549275,37217.550019,0,0.036681000005,0.020706999996,0.082478999997,228900,0,441000192,229120,0,0,0,508541440,37217.552884,37217.637161,37217.550019,5.954902,37211.6673,0.0149590000001,0,2048
3,growth,size_tiered,64,2,published,10232664,2,1,0,37335.370575,37369.022801,37369.024251,37369.025284,4.482918,6.710454,5.42071799999,2.19948200001,64560048,64788948,441000192,32394496,229120,229120,0,540935936,37369.023192,37369.107485,37369.106956,33.73691,37335.352381,0.0181940000039,0,2048
3,growth,size_tiered,64,3,published,10234444,3,0,0,37481.17403,37487.918118,37487.920129,37487.921547,0,0.0262580000053,0.00695400000404,0.0717609999992,74760,0,473394688,75008,0,0,0,540781824,37487.921005,37488.017423,37487.921547,6.843393,37481.15474,0.0192900000038,0,2048
3,growth,size_tiered,64,4,published,10269993,3,1,0,37627.649615,37644.436356,37644.438083,37644.439831,0.260262000003,0.401272999996,0.308130999998,0.243338,3060876,3135636,473394688,1568000,75008,75008,0,542349824,37644.429505,37644.529533,37644.529022,16.879918,37627.630936,0.0186790000007,0,2048
3,growth,size_tiered,64,5,published,10274223,4,0,0,37775.637614,37782.240752,37782.242893,37782.244315,0,0.0298690000054,0.0181899999952,0.0774979999987,177660,0,474962688,177664,0,0,0,542452480,37782.244943,37782.342886,37782.244315,6.705272,37775.621555,0.0160590000014,0,2048
3,growth,size_tiered,64,6,published,10279473,4,1,0,37923.541798,37936.790209,37936.79204,37936.79394,0.0782229999968,0.0591720000011,0.0847510000021,0.163377999997,618660,796320,474962688,398336,177664,177664,0,542850816,37936.787595,37936.804734,37936.804354,13.262936,37923.520457,0.0213409999997,0,2048
