rotation,mode,policy,batch,epoch,status,rows,runs,merges,deferred,begin_ms,ready_ms,published_ms,writer_done_ms,host_build_ms,metadata_ms,staging_ms,h2d_ms,uploaded_bytes,merge_host_rw_bytes,shared_bytes,current_only_bytes,retired_only_bytes,reader_only_at_publish_bytes,unreferenced_at_publish_bytes,live_at_publish_bytes,last_reader_device_done_ms,old_epoch_owner_released_ms,exclusive_actual_reclaim_ms,lifecycle_ms,arrival_ms,maintenance_queue_ms,other_held_at_publish_bytes,cap_mib
0,sequential,all_delta,1,0,published,9461367,1,0,0,732.739468,830.699955,830.70175,830.702766,0,33.389249,50.815467,13.703214,397377414,0,0,441000192,0,0,0,508312320,0,830.702766,830.702766,97.963298,732.739468,0,0,1280
0,sequential,all_delta,1,1,published,9466817,2,0,0,855.537649,855.645254,855.646118,855.646617,0,0.0157929999999,0.0363649999999,0.0427559999999,228900,0,0,441229312,0,0,0,508541440,855.517871,855.654551,855.646617,0.116902,855.537649,0,0,1280
0,sequential,all_delta,1,2,published,10232664,3,0,0,880.311433,888.023903,888.025676,888.026377,0,2.695425,3.877522,1.114601,32165574,0,0,473394944,0,0,0,540707072,880.294789,888.03418,888.026377,7.722747,880.311433,0,0,1280
0,sequential,all_delta,1,3,published,10234444,4,0,0,915.923283,915.98802,915.988886,915.989329,0,0.00530000000003,0.00974800000017,0.0374939999999,74760,0,0,473469952,0,0,0,540782080,915.908103,915.997406,915.989329,0.074123,915.923283,0,0,1280
0,sequential,all_delta,1,4,published,10269993,5,0,0,944.159662,944.565512,944.567586,944.56826,0,0.118355,0.161384,0.106439,1493058,0,0,474963200,0,0,0,542275328,944.145342,944.575912,944.56826,0.41625,944.159662,0,0,1280
0,sequential,all_delta,1,5,published,10274223,6,0,0,973.049849,973.144848,973.145963,973.146682,0,0.01417,0.026303,0.0428569999999,177660,0,0,475140864,0,0,0,542452992,973.032853,973.155747,973.146682,0.105898,973.049849,0,0,1280
0,sequential,all_delta,1,6,published,10279473,7,0,0,1001.584839,1001.682275,1001.683455,1001.684198,0,0.014985,0.0305439999998,0.0395510000001,220500,0,0,475361536,0,0,0,542673664,1001.56908,1001.693278,1001.684198,0.108439,1001.584839,0,0,1280
0,sequential,periodic2,1,0,published,9461367,1,0,0,1030.420032,1125.690926,1125.692096,1125.692684,0,33.473739,48.223059,13.536075,397377414,0,0,441000192,0,0,0,508312320,0,1125.692684,1125.692684,95.272652,1030.420032,0,0,1280
0,sequential,periodic2,1,1,published,9466817,2,0,0,1149.698366,1149.789812,1149.790321,1149.79092,0,0.0114609999998,0.0298369999998,0.0405720000001,228900,0,0,441229312,0,0,0,508541440,1149.687022,1149.797053,1149.79092,0.0986869999999,1149.698366,0,0,1280
0,sequential,periodic2,1,2,published_merge_deferred,10232664,3,0,1,1173.46219,1179.952687,1179.953797,1179.954152,0,2.093984,3.321244,1.053109,32165574,0,0,473394944,0,0,0,540707072,1173.450917,1179.960571,1179.954152,6.498381,1173.46219,0,0,1280
0,sequential,periodic2,1,3,published,10234444,4,0,0,1206.543324,1206.599062,1206.599513,1206.599988,0,0.0035640000001,0.00830399999995,0.0348149999998,74760,0,0,473469952,0,0,0,540782080,1206.53185,1206.606155,1206.599988,0.062831,1206.543324,0,0,1280
0,sequential,periodic2,1,4,published_merge_deferred,10269993,5,0,1,1233.230991,1233.573691,1233.575151,1233.575804,0,0.0902919999999,0.144525,0.0905009999999,1493058,0,0,474963200,0,0,0,542275328,1233.217277,1233.582458,1233.575804,0.351467,1233.230991,0,0,1280
0,sequential,periodic2,1,5,published,10274223,6,0,0,1260.482854,1260.555439,1260.556219,1260.556619,0,0.00979200000006,0.0164650000002,0.037358,177660,0,0,475140864,0,0,0,542452992,1260.470659,1260.562855,1260.556619,0.0800009999998,1260.482854,0,0,1280
0,sequential,periodic2,1,6,published_merge_deferred,10279473,7,0,1,1287.615162,1287.695791,1287.696731,1287.697234,0,0.010745,0.0192440000001,0.0394229999999,220500,0,0,475361536,0,0,0,542673664,1287.601773,1287.703716,1287.697234,0.0885539999999,1287.615162,0,0,1280
0,sequential,size_tiered,1,0,published,9461367,1,0,0,1315.201404,1399.0609,1399.061924,1399.062444,0,26.008426,44.606687,13.137714,397377414,0,0,441000192,0,0,0,508312320,0,1399.062444,1399.062444,83.86104,1315.201404,0,0,1280
0,sequential,size_tiered,1,1,published,9466817,2,0,0,1422.665426,1422.756297,1422.756944,1422.757244,0,0.0113959999999,0.0281930000001,0.0411239999999,228900,0,0,441229312,0,0,0,508541440,1422.649101,1422.763898,1422.757244,0.0984719999999,1422.665426,0,0,1280
0,sequential,size_tiered,1,2,published,10232664,2,1,0,1447.146769,1479.123877,1479.125247,1479.125695,19.055762,4.197516,6.23807,2.118259,64560048,64788948,0,473394688,229120,0,229120,540935936,1446.456564,1479.748914,1479.748677,32.602145,1447.146769,0,229120,1280
0,sequential,size_tiered,1,3,published,10234444,3,0,0,1506.258854,1506.316656,1506.317361,1506.31775,0,0.00546099999997,0.00806800000009,0.0340430000001,74760,0,0,473469696,0,0,0,540781824,1506.243077,1506.3242,1506.31775,0.0653460000001,1506.258854,0,0,1280
0,sequential,size_tiered,1,4,published,10269993,3,1,0,1532.956119,1534.448451,1534.449632,1534.450341,0.825534,0.185726,0.263955,0.180667,3060876,3135636,0,474962688,75008,0,75008,542349824,1532.940703,1534.45824,1534.458081,1.502121,1532.956119,0,75008,1280
0,sequential,size_tiered,1,5,published,10274223,4,0,0,1561.215777,1561.293644,1561.294574,1561.294956,0,0.00870599999985,0.0181380000001,0.0320669999999,177660,0,0,475140352,0,0,0,542452480,1561.196547,1561.301954,1561.294956,0.0861770000001,1561.215777,0,0,1280
0,sequential,size_tiered,1,6,published,10279473,4,1,0,1588.104273,1588.503792,1588.504978,1588.505276,0.214018,0.0316230000001,0.0437359999999,0.0894490000003,618660,796320,0,475361024,177664,0,177664,542850816,1588.090046,1588.512749,1588.512608,0.408476,1588.104273,0,177664,1280
0,sequential,compact,1,0,published,9461367,1,0,0,1617.360486,1700.591515,1700.592263,1700.592635,0,25.887925,44.490886,12.818877,397377414,0,0,441000192,0,0,0,508312320,0,1700.592635,1700.592635,83.232149,1617.360486,0,0,1280
0,sequential,compact,1,1,published_merge_deferred,9466817,2,0,1,1724.190235,1724.270277,1724.270779,1724.271136,0,0.0112799999999,0.0165999999999,0.0402240000001,228900,0,0,441229312,0,0,0,508541440,1724.178561,1724.277488,1724.271136,0.0872529999999,1724.190235,0,0,1280
0,sequential,compact,1,2,published_merge_deferred,10232664,3,0,1,1747.957626,1753.994991,1753.996237,1753.99681,0,2.085399,2.878821,1.050205,32165574,0,0,473394944,0,0,0,540707072,1747.945416,1754.003365,1753.99681,6.045739,1747.957626,0,0,1280
0,sequential,compact,1,3,published_merge_deferred,10234444,4,0,1,1780.724984,1780.778317,1780.779316,1780.779678,0,0.00298799999996,0.00517300000024,0.0337760000002,74760,0,0,473469952,0,0,0,540782080,1780.710095,1780.786334,1780.779678,0.0613499999999,1780.724984,0,0,1280
0,sequential,compact,1,4,published_merge_deferred,10269993,5,0,1,1807.483108,1807.812323,1807.813928,1807.814362,0,0.0915030000001,0.130974,0.0899109999998,1493058,0,0,474963200,0,0,0,542275328,1807.472073,1807.820977,1807.814362,0.337869,1807.483108,0,0,1280
0,sequential,compact,1,5,published_merge_deferred,10274223,6,0,1,1834.726571,1834.801298,1834.802503,1834.802959,0,0.009051,0.01729,0.037822,177660,0,0,475140864,0,0,0,542452992,1834.712584,1834.809621,1834.802959,0.0830500000002,1834.726571,0,0,1280
0,sequential,compact,1,6,published_merge_deferred,10279473,7,0,1,1861.800346,1861.880008,1861.88109,1861.881446,0,0.0108109999999,0.0249239999998,0.0338940000004,220500,0,0,475361536,0,0,0,542673664,1861.788983,1861.887606,1861.881446,0.08726,1861.800346,0,0,1280
0,sequential,all_delta,8,0,published,9461367,1,0,0,1889.203678,1972.430448,1972.431184,1972.431668,0,25.876267,44.498197,12.818235,397377414,0,0,441000192,0,0,0,508312320,0,1972.431668,1972.431668,83.22799,1889.203678,0,0,1280
0,sequential,all_delta,8,1,published,9466817,2,0,0,1988.740908,1988.820001,1988.820495,1988.820761,0,0.0112879999999,0.017059,0.0406789999997,228900,0,0,441229312,0,0,0,508541440,1988.723938,1988.827435,1988.820761,0.0865269999999,1988.740908,0,0,1280
0,sequential,all_delta,8,2,published,10232664,3,0,0,2005.194236,2016.23435,2016.236355,2016.236824,0,6.78817,3.108359,1.102569,32165574,0,0,473394944,0,0,0,540707072,2005.177572,2016.243473,2016.236824,11.049237,2005.194236,0,0,1280
0,sequential,all_delta,8,3,published,10234444,4,0,0,2035.550102,2035.624121,2035.624694,2035.624968,0,0.00400300000001,0.0243319999997,0.0347859999999,74760,0,0,473469952,0,0,0,540782080,2035.53207,2035.63141,2035.624968,0.081308,2035.550102,0,0,1280
0,sequential,all_delta,8,4,published,10269993,5,0,0,2055.015842,2055.360765,2055.361653,2055.363888,0,0.105362,0.137976,0.0852440000003,1493058,0,0,474963200,0,0,0,542275328,2054.999151,2055.370551,2055.363888,0.354709,2055.015842,0,0,1280
0,sequential,all_delta,8,5,published,10274223,6,0,0,2074.764688,2074.853234,2074.854029,2074.854418,0,0.0118649999999,0.0285360000003,0.0375730000001,177660,0,0,475140864,0,0,0,542452992,2074.744735,2074.861193,2074.854418,0.096505,2074.764688,0,0,1280
0,sequential,all_delta,8,6,published,10279473,7,0,0,2094.57962,2095.014339,2095.015327,2095.015681,0,0.0156780000002,0.0426400000006,0.0356390000002,220500,0,0,475361536,0,0,0,542673664,2094.274368,2095.023383,2095.015681,0.443763,2094.57962,0,0,1280
0,sequential,periodic2,8,0,published,9461367,1,0,0,2115.19758,2269.549481,2269.550358,2269.550863,0,29.81778,111.57959,12.91783,397377414,0,0,441000192,0,0,0,508312320,0,2269.550863,2269.550863,154.353283,2115.19758,0,0,1280
0,sequential,periodic2,8,1,published,9466817,2,0,0,2285.94012,2286.038123,2286.038639,2286.038828,0,0.0155840000002,0.0317810000001,0.040845,228900,0,0,441229312,0,0,0,508541440,2285.923048,2286.045276,2286.038828,0.105156,2285.94012,0,0,1280
0,sequential,periodic2,8,2,published_merge_deferred,10232664,3,0,1,2302.417478,2308.882738,2308.88362,2308.883954,0,2.087223,3.299312,1.054403,32165574,0,0,473394944,0,0,0,540707072,2302.401724,2308.890515,2308.883954,6.473037,2302.417478,0,0,1280
0,sequential,periodic2,8,3,published,10234444,4,0,0,2328.186725,2328.239155,2328.239717,2328.240096,0,0.00368599999956,0.00558000000001,0.0341139999996,74760,0,0,473469952,0,0,0,540782080,2328.169809,2328.246571,2328.240096,0.0598460000001,2328.186725,0,0,1280
0,sequential,periodic2,8,4,published_merge_deferred,10269993,5,0,1,2347.635077,2347.970995,2347.972234,2347.972641,0,0.0918630000001,0.134319,0.090099,1493058,0,0,474963200,0,0,0,542275328,2347.619054,2347.979095,2347.972641,0.344018,2347.635077,0,0,1280
0,sequential,periodic2,8,5,published,10274223,6,0,0,2367.376046,2367.446238,2367.446941,2367.447409,0,0.00872600000002,0.0153089999999,0.0372980000002,177660,0,0,475140864,0,0,0,542452992,2367.360015,2367.454223,2367.447409,0.0781770000003,2367.376046,0,0,1280
0,sequential,periodic2,8,6,published_merge_deferred,10279473,7,0,1,2386.906085,2386.988147,2386.989088,2386.98949,0,0.0109619999998,0.0200849999997,0.040602,220500,0,0,475361536,0,0,0,542673664,2386.887806,2386.996251,2386.98949,0.090166,2386.906085,0,0,1280
0,sequential,size_tiered,8,0,published,9461367,1,0,0,2406.521499,2489.621447,2489.622299,2489.622762,0,25.894737,44.368245,12.800499,397377414,0,0,441000192,0,0,0,508312320,0,2489.622762,2489.622762,83.101263,2406.521499,0,0,1280
0,sequential,size_tiered,8,1,published,9466817,2,0,0,2505.910622,2505.992138,2505.992565,2505.992867,0,0.0110350000004,0.0193260000001,0.0417360000001,228900,0,0,441229312,0,0,0,508541440,2505.894355,2505.998824,2505.992867,0.0882019999999,2505.910622,0,0,1280
0,sequential,size_tiered,8,2,published,10232664,2,1,0,2522.393425,2556.561012,2556.562019,2556.562414,21.609547,4.189814,6.204462,2.113092,64560048,64788948,0,473394688,229120,0,229120,540935936,2522.376739,2556.570454,2556.570266,34.177029,2522.393425,0,229120,1280
0,sequential,size_tiered,8,3,published,10234444,3,0,0,2575.737377,2575.789838,2575.79034,2575.790586,0,0.00316199999997,0.00570199999993,0.0335409999998,74760,0,0,473469696,0,0,0,540781824,2575.717861,2575.797219,2575.790586,0.0598420000001,2575.737377,0,0,1280
0,sequential,size_tiered,8,4,published,10269993,3,1,0,2594.965438,2596.633797,2596.63455,2596.63485,0.999124,0.184997,0.268794,0.179693,3060876,3135636,0,474962688,75008,0,75008,542349824,2594.948992,2596.642338,2596.642186,1.6769,2594.965438,0,75008,1280
0,sequential,size_tiered,8,5,published,10274223,4,0,0,2615.898798,2615.971599,2615.972131,2615.972379,0,0.00949100000025,0.0160820000001,0.0359059999996,177660,0,0,475140352,0,0,0,542452480,2615.882128,2615.978748,2615.972379,0.0799499999998,2615.898798,0,0,1280
0,sequential,size_tiered,8,6,published,10279473,4,1,0,2635.362877,2635.750031,2635.750675,2635.750974,0.2093,0.0329610000003,0.0377679999992,0.0882550000001,618660,796320,0,475361024,177664,0,177664,542850816,2635.346275,2635.758217,2635.758088,0.39534,2635.362877,0,177664,1280
0,sequential,compact,8,0,published,9461367,1,0,0,2655.237988,2742.170221,2742.171682,2742.172448,0,25.913403,47.026274,13.938888,397377414,0,0,441000192,0,0,0,508312320,0,2742.172448,2742.172448,86.93446,2655.237988,0,0,1280
0,sequential,compact,8,1,published_merge_deferred,9466817,2,0,1,2758.705292,2758.798175,2758.798846,2758.799205,0,0.015973,0.0169300000002,0.0447839999997,228900,0,0,441229312,0,0,0,508541440,2758.680548,2758.806899,2758.799205,0.101607,2758.705292,0,0,1280
0,sequential,compact,8,2,published_merge_deferred,10232664,3,0,1,2775.421929,2782.557847,2782.558873,2782.559334,0,2.718146,3.262664,1.124424,32165574,0,0,473394944,0,0,0,540707072,2775.398646,2782.567067,2782.559334,7.145138,2775.421929,0,0,1280
0,sequential,compact,8,3,published_merge_deferred,10234444,4,0,1,2803.006408,2803.610507,2803.611383,2803.61198,0,0.003647,0.00541500000008,0.0393280000003,74760,0,0,473469952,0,0,0,540782080,2801.985221,2803.622199,2803.61198,0.615791,2803.006408,0,0,1280
0,sequential,compact,8,4,published_merge_deferred,10269993,5,0,1,2824.083518,2824.85347,2824.85498,2824.855521,0,0.116027,0.135604999999,0.104562,1493058,0,0,474963200,0,0,0,542275328,2823.192497,2824.864806,2824.855521,0.781288,2824.083518,0,0,1280
0,sequential,compact,8,5,published_merge_deferred,10274223,6,0,1,2844.475284,2844.560118,2844.561334,2844.561959,0,0.0112999999997,0.0177290000001,0.0409850000001,177660,0,0,475140864,0,0,0,542452992,2844.451483,2844.57148,2844.561959,0.096196,2844.475284,0,0,1280
0,sequential,compact,8,6,published_merge_deferred,10279473,7,0,1,2864.417512,2865.042183,2865.043618,2865.044248,0,0.0132469999999,0.0230520000005,0.0384669999999,220500,0,0,475361536,0,0,0,542673664,2864.177111,2865.668265,2865.044248,1.250753,2864.417512,0,0,1280
0,sequential,all_delta,64,0,published,9461367,1,0,0,2885.428493,2980.723124,2980.724322,2980.724932,0,33.397982,48.349211,13.505482,397377414,0,0,441000192,0,0,0,508312320,0,2980.724932,2980.724932,95.296439,2885.428493,0,0,1280
0,sequential,all_delta,64,1,published,9466817,2,0,0,2996.245685,2996.331764,2996.332288,2996.332732,0,0.0143049999997,0.0163109999999,0.0432609999998,228900,0,0,441229312,0,0,0,508541440,2996.19821,2996.340258,2996.332732,0.0945730000003,2996.245685,0,0,1280
0,sequential,all_delta,64,2,published,10232664,3,0,0,3011.913064,3018.956428,3018.957403,3018.95778,0,2.682871,3.234529,1.101442,32165574,0,0,473394944,0,0,0,540707072,3011.865292,3018.965402,3018.95778,7.052338,3011.913064,0,0,1280
0,sequential,all_delta,64,3,published,10234444,4,0,0,3037.40734,3037.463915,3037.464534,3037.464802,0,0.00402699999995,0.00488599999971,0.0360090000004,74760,0,0,473469952,0,0,0,540782080,3037.357352,3037.472393,3037.464802,0.0650529999998,3037.40734,0,0,1280
0,sequential,all_delta,64,4,published,10269993,5,0,0,3056.055742,3056.4312,3056.432136,3056.432568,0,0.11594,0.137249,0.104227,1493058,0,0,474963200,0,0,0,542275328,3056.005353,3056.440288,3056.432568,0.384546,3056.055742,0,0,1280
0,sequential,all_delta,64,5,published,10274223,6,0,0,3075.095282,3075.174898,3075.175692,3075.176299,0,0.0107640000001,0.0150889999995,0.0416049999994,177660,0,0,475140864,0,0,0,542452992,3075.041542,3075.184265,3075.176299,0.0889829999996,3075.095282,0,0,1280
0,sequential,all_delta,64,6,published,10279473,7,0,0,3093.934662,3094.026565,3094.027583,3094.027976,0,0.0137920000002,0.0197240000002,0.0475929999998,220500,0,0,475361536,0,0,0,542673664,3093.883563,3094.035394,3094.027976,0.100732,3093.934662,0,0,1280
0,sequential,periodic2,64,0,published,9461367,1,0,0,3112.880926,3266.735695,3266.738552,3266.739034,0,37.696075,102.730665,13.374051,397377414,0,0,441000192,0,0,0,508312320,0,3266.739034,3266.739034,153.858108,3112.880926,0,0,1280
0,sequential,periodic2,64,1,published,9466817,2,0,0,3282.244544,3282.394809,3282.395355,3282.39559,0,0.014165,0.0783950000005,0.0451509999998,228900,0,0,441229312,0,0,0,508541440,3282.196897,3282.402899,3282.39559,0.158355,3282.244544,0,0,1280
0,sequential,periodic2,64,2,published_merge_deferred,10232664,3,0,1,3297.983382,3316.037621,3316.038373,3316.038748,0,3.081816,13.842726,1.104157,32165574,0,0,473394944,0,0,0,540707072,3297.937793,3316.046588,3316.038748,18.063206,3297.983382,0,0,1280
0,sequential,periodic2,64,3,published,10234444,4,0,0,3334.494446,3334.55033,3334.55087,3334.55111,0,0.00362099999984,0.00477399999954,0.0364650000001,74760,0,0,473469952,0,0,0,540782080,3334.446158,3334.558659,3334.55111,0.0642129999997,3334.494446,0,0,1280
0,sequential,periodic2,64,4,published_merge_deferred,10269993,5,0,1,3353.146649,3354.049134,3354.050038,3354.050657,0,0.116139,0.661354,0.104519,1493058,0,0,474963200,0,0,0,542275328,3353.097911,3354.058451,3354.050657,0.911802,3353.146649,0,0,1280
0,sequential,periodic2,64,5,published,10274223,6,0,0,3372.744326,3372.881351,3372.882126,3372.882617,0,0.0127350000002,0.0719990000002,0.0407780000005,177660,0,0,475140864,0,0,0,542452992,3372.671866,3372.890234,3372.882617,0.145908,3372.744326,0,0,1280
0,sequential,periodic2,64,6,published_merge_deferred,10279473,7,0,1,3391.662884,3391.822483,3391.823503,3391.824073,0,0.0153399999999,0.0862119999997,0.0451839999996,220500,0,0,475361536,0,0,0,542673664,3391.611336,3391.83159,3391.824073,0.168706,3391.662884,0,0,1280
0,sequential,size_tiered,64,0,published,9461367,1,0,0,3410.704949,3506.558853,3506.559473,3506.559993,0,33.313959,48.399332,14.099012,397377414,0,0,441000192,0,0,0,508312320,0,3506.559993,3506.559993,95.855044,3410.704949,0,0,1280
0,sequential,size_tiered,64,1,published,9466817,2,0,0,3522.061461,3522.150343,3522.150858,3522.151242,0,0.0138999999999,0.0161439999997,0.0468320000004,228900,0,0,441229312,0,0,0,508541440,3522.010076,3522.158594,3522.151242,0.0971330000002,3522.061461,0,0,1280
0,sequential,size_tiered,64,2,published,10232664,2,1,0,3537.92835,3559.169103,3559.170058,3559.170485,7.098935,5.397011,6.254771,2.2403,64560048,64788948,0,473394688,229120,0,229120,540935936,3537.681893,3560.240826,3560.24065,22.312476,3537.92835,0,229120,1280
0,sequential,size_tiered,64,3,published,10234444,3,0,0,3578.492783,3578.545826,3578.546392,3578.546604,0,0.00322400000005,0.00397900000053,0.0361390000003,74760,0,0,473469696,0,0,0,540781824,3578.452153,3578.55267,3578.546604,0.0598869999999,3578.492783,0,0,1280
0,sequential,size_tiered,64,4,published,10269993,3,1,0,3597.240775,3598.450127,3598.450919,3598.451262,0.279436,0.184939,0.230643,0.184331,3060876,3135636,0,474962688,75008,0,75008,542349824,3596.765024,3598.458999,3598.458846,1.218224,3597.240775,0,75008,1280
0,sequential,size_tiered,64,5,published,10274223,4,0,0,3616.836803,3618.032156,3618.032907,3618.033199,0,0.00926799999979,0.013696,0.0364279999999,177660,0,0,475140352,0,0,0,542452480,3616.778635,3618.058138,3618.033199,1.221335,3616.836803,0,0,1280
0,sequential,size_tiered,64,6,published,10279473,4,1,0,3636.499039,3636.744707,3636.745415,3636.745696,0.0625769999997,0.0318930000003,0.0385000000006,0.0905940000002,618660,796320,0,475361024,177664,0,177664,542850816,3636.455766,3636.752951,3636.752841,0.253912,3636.499039,0,177664,1280
0,sequential,compact,64,0,published,9461367,1,0,0,3655.430132,3739.452268,3739.453098,3739.453578,0,25.887992,44.932772,13.166461,397377414,0,0,441000192,0,0,0,508312320,0,3739.453578,3739.453578,84.023446,3655.430132,0,0,1280
0,sequential,compact,64,1,published_merge_deferred,9466817,2,0,1,3754.845035,3754.927473,3754.927884,3754.928201,0,0.012041,0.0161229999999,0.0419959999999,228900,0,0,441229312,0,0,0,508541440,3754.806831,3754.934659,3754.928201,0.0896240000002,3754.845035,0,0,1280
0,sequential,compact,64,2,published_merge_deferred,10232664,3,0,1,3770.409082,3777.28106,3777.281776,3777.282176,0,2.085682,3.625402,1.137392,32165574,0,0,473394944,0,0,0,540707072,3770.372697,3777.288285,3777.282176,6.879203,3770.409082,0,0,1280
0,sequential,compact,64,3,published_merge_deferred,10234444,4,0,1,3795.633313,3795.684547,3795.685052,3795.685269,0,0.00413200000003,0.00586799999974,0.0314800000006,74760,0,0,473469952,0,0,0,540782080,3795.594028,3795.691474,3795.685269,0.0581610000004,3795.633313,0,0,1280
0,sequential,compact,64,4,published_merge_deferred,10269993,5,0,1,3814.155077,3814.54732,3814.548325,3814.548852,0,0.0908489999997,0.193538,0.0905530000005,1493058,0,0,474963200,0,0,0,542275328,3814.115822,3814.555243,3814.548852,0.400166,3814.155077,0,0,1280
0,sequential,compact,64,5,published_merge_deferred,10274223,6,0,1,3833.078156,3833.154337,3833.155121,3833.155429,0,0.0085409999997,0.0153870000004,0.0417200000002,177660,0,0,475140864,0,0,0,542452992,3833.038458,3833.161927,3833.155429,0.0837710000001,3833.078156,0,0,1280
0,sequential,compact,64,6,published_merge_deferred,10279473,7,0,1,3851.776194,3851.860261,3851.861063,3851.861462,0,0.010835,0.0223339999998,0.0405639999999,220500,0,0,475361536,0,0,0,542673664,3851.736509,3851.867489,3851.861462,0.0912950000002,3851.776194,0,0,1280
0,sequential,all_delta,1,0,published,9461367,1,0,0,686.649496,770.023783,770.02532,770.026333,0,33.318599,40.460686,9.358488,397377414,0,0,441000192,0,0,0,508312320,0,770.026333,770.026333,83.376837,686.649496,0,0,2048
0,sequential,all_delta,1,1,published,9466817,2,0,0,793.833034,793.927813,793.928729,793.929282,0,0.015276,0.0219430000001,0.042389,228900,0,0,441229312,0,0,0,508541440,793.813531,793.93661,793.929282,0.103576,793.833034,0,0,2048
0,sequential,all_delta,1,2,published,10232664,3,0,0,817.075454,823.802834,823.804365,823.805064,0,2.70926,3.2049,0.79003,32165574,0,0,473394944,0,0,0,540707072,817.058093,823.812294,823.805064,6.73684,817.075454,0,0,2048
0,sequential,all_delta,1,3,published,10234444,4,0,0,850.090232,850.145412,850.146557,850.147074,0,0.00484799999992,0.00676499999997,0.032456,74760,0,0,473469952,0,0,0,540782080,850.073698,850.154147,850.147074,0.063915,850.090232,0,0,2048
0,sequential,all_delta,1,4,published,10269993,5,0,0,876.431102,876.797788,876.799325,876.799976,0,0.117089,0.130436,0.102841,1493058,0,0,474963200,0,0,0,542275328,876.41801,876.806943,876.799976,0.375841,876.431102,0,0,2048
0,sequential,all_delta,1,5,published,10274223,6,0,0,903.161987,903.238227,903.239492,903.240052,0,0.0118629999999,0.0162809999999,0.037111,177660,0,0,475140864,0,0,0,542452992,903.147303,903.247014,903.240052,0.0850270000001,903.161987,0,0,2048
0,sequential,all_delta,1,6,published,10279473,7,0,0,929.85378,929.938063,929.939072,929.939503,0,0.014528,0.019614,0.039795,220500,0,0,475361536,0,0,0,542673664,929.84081,929.94657,929.939503,0.0927899999999,929.85378,0,0,2048
0,sequential,periodic2,1,0,published,9461367,1,0,0,956.894151,1039.56051,1039.561248,1039.561971,0,33.307823,39.999948,9.323419,397377414,0,0,441000192,0,0,0,508312320,0,1039.561971,1039.561971,82.66782,956.894151,0,0,2048
0,sequential,periodic2,1,1,published,9466817,2,0,0,1062.673171,1062.761304,1062.762009,1062.762353,0,0.015218,0.0203939999999,0.0415650000002,228900,0,0,441229312,0,0,0,508541440,1062.657894,1062.769199,1062.762353,0.0960280000002,1062.673171,0,0,2048
0,sequential,periodic2,1,2,published,10232664,1,1,0,1086.02388,1482.899011,1482.900782,1482.901592,300.290694,38.717298,46.917352,10.876566,461937462,859543776,0,441000192,441229312,0,441229312,949541632,1086.011,1482.914103,1482.913867,396.890223,1086.02388,0,441229312,2048
0,sequential,periodic2,1,3,published,10234444,2,0,0,1508.827024,1508.883083,1508.883883,1508.884437,0,0.00509699999998,0.00689799999986,0.032361,74760,0,0,441075200,0,0,0,508387328,1508.809686,1508.891628,1508.884437,0.0646040000001,1508.827024,0,0,2048
0,sequential,periodic2,1,4,published,10269993,1,1,0,1535.726304,1933.08711,1933.088633,1933.08982,306.726638,36.226759,43.838736,10.238045,432832764,862679412,0,441000192,441075200,0,441075200,949387520,1535.002379,1951.506677,1951.506436,415.780373,1535.726304,0,441075200,2048
0,sequential,periodic2,1,5,published,10274223,2,0,0,1977.756798,1977.840514,1977.841351,1977.841977,0,0.0121750000001,0.018867,0.0385739999999,177660,0,0,441177856,0,0,0,508489984,1977.732063,1977.849037,1977.841977,0.0922390000001,1977.756798,0,0,2048
0,sequential,periodic2,1,6,published,10279473,1,1,0,2007.492188,2471.084695,2471.086049,2471.086889,373.061831,36.287045,44.00353,10.176301,431958366,863475732,0,441000192,441177856,0,441177856,949490176,2007.454463,2490.246334,2490.24616,482.754146,2007.492188,0,441177856,2048
0,sequential,size_tiered,1,0,published,9461367,1,0,0,2537.390231,2620.600391,2620.6015,2620.602157,0,33.543988,40.274962,9.347054,397377414,0,0,441000192,0,0,0,508312320,0,2620.602157,2620.602157,83.211926,2537.390231,0,0,2048
0,sequential,size_tiered,1,1,published,9466817,2,0,0,2643.823094,2643.93162,2643.932351,2643.932817,0,0.0194450000004,0.0356390000006,0.0412080000001,228900,0,0,441229312,0,0,0,508541440,2643.808045,2643.939992,2643.932817,0.116898,2643.823094,0,0,2048
0,sequential,size_tiered,1,2,published,10232664,2,1,0,2667.22852,2702.363669,2702.365269,2702.365786,21.662516,5.396713,6.418095,1.601352,64560048,64788948,0,473394688,229120,0,229120,540935936,2667.214915,2702.374591,2702.374441,35.146071,2667.22852,0,229120,2048
0,sequential,size_tiered,1,3,published,10234444,3,0,0,2728.55841,2728.638136,2728.63947,2728.64006,0,0.00663600000007,0.0296120000003,0.0321060000001,74760,0,0,473469696,0,0,0,540781824,2728.542434,2728.64747,2728.64006,0.0890599999998,2728.55841,0,0,2048
0,sequential,size_tiered,1,4,published,10269993,3,1,0,2754.914721,2756.670435,2756.671703,2756.67226,0.964456,0.259359000001,0.275378,0.206525,3060876,3135636,0,474962688,75008,0,75008,542349824,2754.900975,2756.681257,2756.681021,1.766536,2754.914721,0,75008,2048
0,sequential,size_tiered,1,5,published,10274223,4,0,0,2782.974097,2783.051802,2783.052962,2783.053476,0,0.0120820000002,0.01548,0.0378519999999,177660,0,0,475140352,0,0,0,542452480,2782.960467,2783.060453,2783.053476,0.0863560000003,2782.974097,0,0,2048
0,sequential,size_tiered,1,6,published,10279473,4,1,0,2809.515642,2809.943283,2809.944301,2809.945026,0.230706,0.0428129999996,0.0407169999999,0.0901400000007,618660,796320,0,475361024,177664,0,177664,542850816,2809.502421,2809.953307,2809.953128,0.437665,2809.515642,0,177664,2048
0,sequential,compact,1,0,published,9461367,1,0,0,2837.77739,2920.681022,2920.682134,2920.682719,0,33.3549,40.172469,9.342014,397377414,0,0,441000192,0,0,0,508312320,0,2920.682719,2920.682719,82.905329,2837.77739,0,0,2048
0,sequential,compact,1,1,published,9466817,1,1,0,2943.836916,3364.808384,3364.810216,3364.810931,338.093668,33.352558,40.066553,9.392784,397835214,795212628,0,441000192,441000192,0,441000192,949312512,2943.817532,3364.82109,3364.820857,420.984174,2943.836916,0,441000192,2048
0,sequential,compact,1,2,published,10232664,1,1,0,3388.03909,3774.643062,3774.644472,3774.645271,289.897831,38.759753,46.997798,10.877156,461937462,859543776,0,441000192,441000192,0,441000192,949312512,3388.021818,3790.953772,3774.654598,402.914682,3388.03909,0,441000192,2048
0,sequential,compact,1,3,published,10234444,1,1,0,3816.957952,4194.470561,4194.471677,4194.472883,287.946842,36.065116,43.355468,10.08715,429921408,859693296,0,441000192,441000192,0,441000192,949312512,3816.930567,4215.170816,4194.482548,398.212864,3816.957952,0,441000192,2048
0,sequential,compact,1,4,published,10269993,1,1,0,4241.271324,4620.290065,4620.291211,4620.291903,303.101941,28.261399,38.041293,9.551965,432832764,862679412,0,441000192,441000192,0,441000192,949312512,4241.246773,4635.016578,4620.299573,393.745254,4241.271324,0,441000192,2048
0,sequential,compact,1,5,published,10274223,1,1,0,4660.449454,4977.240939,4977.242521,4977.243276,241.352546,28.206766,37.639213,9.524465,431695026,863034732,0,441000192,441000192,0,441000192,949312512,4660.430744,4991.837382,4977.251963,331.387928,4660.449454,0,441000192,2048
0,sequential,compact,1,6,published,10279473,1,1,0,5017.374805,5339.509613,5339.510719,5339.511286,243.639009,28.14917,40.744476,9.534188,431958366,863475732,0,441000192,441000192,0,441000192,949312512,5017.335847,5353.36478,5339.51937,335.989975,5017.374805,0,441000192,2048
0,sequential,all_delta,8,0,published,9461367,1,0,0,5396.850224,5573.398986,5573.399904,5573.400541,0,29.691502,138.271319,8.54674,397377414,0,0,441000192,0,0,0,508312320,0,5573.400541,5573.400541,176.550317,5396.850224,0,0,2048
0,sequential,all_delta,8,1,published,9466817,2,0,0,5589.507829,5589.585991,5589.586469,5589.586787,0,0.0111569999999,0.0189340000006,0.0372089999992,228900,0,0,441229312,0,0,0,508541440,5589.491388,5589.592696,5589.586787,0.0848669999996,5589.507829,0,0,2048
0,sequential,all_delta,8,2,published,10232664,3,0,0,5605.772208,5616.68994,5616.691057,5616.691495,0,2.396404,7.767627,0.734313000001,32165574,0,0,473394944,0,0,0,540707072,5605.756719,5616.697821,5616.691495,10.925613,5605.772208,0,0,2048
0,sequential,all_delta,8,3,published,10234444,4,0,0,5635.730343,5635.779298,5635.779909,5635.780342,0,0.00328400000035,0.00567799999953,0.0305909999988,74760,0,0,473469952,0,0,0,540782080,5635.713721,5635.786396,5635.780342,0.0560530000002,5635.730343,0,0,2048
0,sequential,all_delta,8,4,published,10269993,5,0,0,5654.950576,5655.262428,5655.263581,5655.264349,0,0.0897479999994,0.121342,0.0855929999989,1493058,0,0,474963200,0,0,0,542275328,5654.933994,5655.270286,5655.264349,0.31971,5654.950576,0,0,2048
0,sequential,all_delta,8,5,published,10274223,6,0,0,5674.512603,5674.578045,5674.579,5674.57957,0,0.00881300000037,0.0141450000001,0.0341530000005,177660,0,0,475140864,0,0,0,542452992,5674.48794,5674.585173,5674.57957,0.0725700000003,5674.512603,0,0,2048
0,sequential,all_delta,8,6,published,10279473,7,0,0,5693.784391,5693.858134,5693.858985,5693.859527,0,0.0103980000004,0.0175900000013,0.0374300000012,220500,0,0,475361536,0,0,0,542673664,5693.764914,5693.865722,5693.859527,0.0813309999994,5693.784391,0,0,2048
0,sequential,periodic2,8,0,published,9461367,1,0,0,5713.262172,5783.057823,5783.058683,5783.059305,0,25.911613,35.095346,8.715634,397377414,0,0,441000192,0,0,0,508312320,0,5783.059305,5783.059305,69.797133,5713.262172,0,0,2048
0,sequential,periodic2,8,1,published,9466817,2,0,0,5800.243855,5800.317443,5800.317951,5800.31843,0,0.0111440000001,0.0192699999989,0.0343709999997,228900,0,0,441229312,0,0,0,508541440,5800.225344,5800.324182,5800.31843,0.0803270000006,5800.243855,0,0,2048
0,sequential,periodic2,8,2,published,10232664,1,1,0,5816.450709,6145.481814,6145.48326,6145.483776,247.996867,30.110297,40.476237,10.13742,461937462,859543776,0,441000192,441229312,0,441229312,949541632,5816.43206,6145.493179,6145.493054,329.04247,5816.450709,0,441229312,2048
0,sequential,periodic2,8,3,published,10234444,2,0,0,6164.346928,6164.394143,6164.394612,6164.39486,0,0.00281600000017,0.00589800000034,0.0291470000011,74760,0,0,441075200,0,0,0,508387328,6164.330763,6164.400489,6164.39486,0.0535609999997,6164.346928,0,0,2048
0,sequential,periodic2,8,4,published,10269993,1,1,0,6183.364478,6509.288846,6509.29327,6509.294195,250.047392,28.227196,38.067888,9.510277,432832764,862679412,0,441000192,441075200,0,441075200,949387520,6183.34921,6523.208754,6523.208607,339.844276,6183.364478,0,441075200,2048
0,sequential,periodic2,8,5,published,10274223,2,0,0,6542.979409,6543.721068,6543.721608,6543.721996,0,0.00875300000007,0.0533830000004,0.0351719999999,177660,0,0,441177856,0,0,0,508489984,6542.089174,6543.729624,6543.721996,0.750215,6542.979409,0,0,2048
0,sequential,periodic2,8,6,published,10279473,1,1,0,6563.378179,6887.875724,6887.877111,6887.877612,248.567426,28.139327,37.829731,9.49184,431958366,863475732,0,441000192,441177856,0,441177856,949490176,6562.673102,6901.36494,6901.36479,337.986761,6563.378179,0,441177856,2048
0,sequential,size_tiered,8,0,published,9461367,1,0,0,6938.366621,7008.005676,7008.006475,7008.007021,0,25.939716,34.959236,8.70478,397377414,0,0,441000192,0,0,0,508312320,0,7008.007021,7008.007021,69.6404,6938.366621,0,0,2048
0,sequential,size_tiered,8,1,published,9466817,2,0,0,7024.133147,7024.258516,7024.258971,7024.259253,0,0.0108950000003,0.0686310000001,0.0368129999997,228900,0,0,441229312,0,0,0,508541440,7024.117559,7024.264976,7024.259253,0.131829000001,7024.133147,0,0,2048
0,sequential,size_tiered,8,2,published,10232664,2,1,0,7040.43493,7073.678783,7073.680313,7073.680933,18.593292,4.191058,8.926212,1.478466,64560048,64788948,0,473394688,229120,0,229120,540935936,7040.419827,7073.688489,7073.688324,33.253559,7040.43493,0,229120,2048
0,sequential,size_tiered,8,3,published,10234444,3,0,0,7092.825803,7093.230401,7093.23121,7093.231525,0,0.00318299999981,0.00630899999851,0.0296970000009,74760,0,0,473469696,0,0,0,540781824,7092.613108,7093.238821,7093.231525,0.413018,7092.825803,0,0,2048
0,sequential,size_tiered,8,4,published,10269993,3,1,0,7112.256919,7114.56304,7114.564423,7114.565059,0.816322000001,0.185783,0.301498,0.172876000001,3060876,3135636,0,474962688,75008,0,75008,542349824,7112.219955,7114.573264,7114.572954,2.316345,7112.256919,0,75008,2048
0,sequential,size_tiered,8,5,published,10274223,4,0,0,7134.526483,7134.600472,7134.601315,7134.601928,0,0.00842699999976,0.0151429999996,0.0382239999999,177660,0,0,475140352,0,0,0,542452480,7133.658234,7134.608159,7134.601928,0.0816760000007,7134.526483,0,0,2048
0,sequential,size_tiered,8,6,published,10279473,4,1,0,7153.753345,7154.124253,7154.125091,7154.125389,0.188076,0.0313699999997,0.0344100000011,0.0797999999986,618660,796320,0,475361024,177664,0,177664,542850816,7153.733316,7154.140232,7154.140075,0.386887,7153.753345,0,177664,2048
0,sequential,compact,8,0,published,9461367,1,0,0,7173.437834,7243.304697,7243.305559,7243.306,0,25.971751,35.166467,8.695428,397377414,0,0,441000192,0,0,0,508312320,0,7243.306,7243.306,69.868166,7173.437834,0,0,2048
0,sequential,compact,8,1,published,9466817,1,1,0,7259.41685,7554.481574,7554.482996,7554.483432,225.481017,25.963958,34.835271,8.737832,397835214,795212628,0,441000192,441000192,0,441000192,949312512,7259.394415,7554.491298,7554.491147,295.074448,7259.41685,0,441000192,2048
0,sequential,compact,8,2,published,10232664,1,1,0,7570.652964,7903.028395,7903.029839,7903.030313,250.950581,30.16546,40.45765,10.124702,461937462,859543776,0,441000192,441000192,0,441000192,949312512,7570.636569,7918.117901,7903.777312,347.464937,7570.652964,0,441000192,2048
0,sequential,compact,8,3,published,10234444,1,1,0,7938.383853,8266.869761,8266.871012,8266.871556,251.863706,28.01729,37.81984,9.451342,429921408,859693296,0,441000192,441000192,0,441000192,949312512,7936.957609,8280.242221,8266.87946,341.858368,7938.383853,0,441000192,2048
0,sequential,compact,8,4,published,10269993,1,1,0,8299.075748,8615.405559,8615.406869,8615.40749,240.605979,28.179481,37.953983,9.534643,432832764,862679412,0,441000192,441000192,0,441000192,949312512,8299.051691,8629.45044,8615.414944,330.374692,8299.075748,0,441000192,2048
0,sequential,compact,8,5,published,10274223,1,1,0,8648.345499,8965.084877,8965.086314,8965.086916,240.251127,28.185368,38.194794,10.060511,431695026,863034732,0,441000192,441000192,0,441000192,949312512,8648.317666,8980.591949,8965.095065,332.24645,8648.345499,0,441000192,2048
0,sequential,compact,8,6,published,10279473,1,1,0,8999.652598,9319.456265,9319.459209,9319.46008,244.064919,28.177633,37.985618,9.50026600001,431958366,863475732,0,441000192,441000192,0,441000192,949312512,8999.618925,9333.7479,9319.468109,334.095302,8999.652598,0,441000192,2048
0,sequential,all_delta,64,0,published,9461367,1,0,0,9369.99146,9546.182365,9546.18339,9546.18395,0,29.777736,137.844439,8.53138,397377414,0,0,441000192,0,0,0,508312320,0,9546.18395,9546.18395,176.19249,9369.99146,0,0,2048
0,sequential,all_delta,64,1,published,9466817,2,0,0,9561.580202,9561.70083,9561.701493,9561.701895,0,0.0107650000009,0.0668989999995,0.0324889999993,228900,0,0,441229312,0,0,0,508541440,9561.540945,9561.708703,9561.701895,0.128501000001,9561.580202,0,0,2048
0,sequential,all_delta,64,2,published,10232664,3,0,0,9577.140034,9591.389052,9591.390162,9591.390709,0,2.396802,11.105361,0.726424999997,32165574,0,0,473394944,0,0,0,540707072,9577.102441,9591.396692,9591.390709,14.256658,9577.140034,0,0,2048
0,sequential,all_delta,64,3,published,10234444,4,0,0,9609.694913,9609.741816,9609.74244,9609.742817,0,0.00354599999991,0.00575400000162,0.0280210000001,74760,0,0,473469952,0,0,0,540782080,9609.654165,9609.748724,9609.742817,0.0538109999998,9609.694913,0,0,2048
0,sequential,all_delta,64,4,published,10269993,5,0,0,9628.175047,9628.879222,9628.880336,9628.88091,0,0.0909929999998,0.512898999999,0.0832890000001,1493058,0,0,474963200,0,0,0,542275328,9628.135232,9628.887295,9628.88091,0.712248,9628.175047,0,0,2048
0,sequential,all_delta,64,5,published,10274223,6,0,0,9647.398515,9647.503779,9647.504455,9647.504963,0,0.00840699999935,0.0530609999987,0.0345660000003,177660,0,0,475140864,0,0,0,542452992,9647.358545,9647.510616,9647.504963,0.112100999999,9647.398515,0,0,2048
0,sequential,all_delta,64,6,published,10279473,7,0,0,9666.113364,9666.185079,9666.185949,9666.186326,0,0.0102050000005,0.0168090000025,0.0361739999989,220500,0,0,475361536,0,0,0,542673664,9666.073166,9666.191944,9666.186326,0.0785799999994,9666.113364,0,0,2048
0,sequential,periodic2,64,0,published,9461367,1,0,0,9684.835443,9754.420056,9754.420904,9754.421409,0,25.914148,34.928173,8.709283,397377414,0,0,441000192,0,0,0,508312320,0,9754.421409,9754.421409,69.585966,9684.835443,0,0,2048
0,sequential,periodic2,64,1,published,9466817,2,0,0,9769.782565,9769.860931,9769.861429,9769.861915,0,0.0113970000002,0.018653000001,0.0378760000003,228900,0,0,441229312,0,0,0,508541440,9769.744949,9769.867676,9769.861915,0.0851110000003,9769.782565,0,0,2048
0,sequential,periodic2,64,2,published,10232664,1,1,0,9785.289231,10113.808581,10113.810044,10113.810553,247.880287,30.12847,40.318183,10.132634,461937462,859543776,0,441000192,441229312,0,441229312,949541632,9785.25248,10113.819947,10113.819819,328.530716,9785.289231,0,441229312,2048
0,sequential,periodic2,64,3,published,10234444,2,0,0,10132.124209,10133.221214,10133.221718,10133.221946,0,0.0029799999993,0.00604600000224,0.0310100000006,74760,0,0,441075200,0,0,0,508387328,10131.864591,10133.790174,10133.221946,1.665965,10132.124209,0,0,2048
0,sequential,periodic2,64,4,published,10269993,1,1,0,10151.926471,10477.349136,10477.350406,10477.350926,249.466971,28.198436,38.167285,9.53529199999,432832764,862679412,0,441000192,441075200,0,441075200,949387520,10151.885407,10491.850809,10491.850601,339.924338,10151.926471,0,441075200,2048
0,sequential,periodic2,64,5,published,10274223,2,0,0,10510.103721,10510.174363,10510.174916,10510.175204,0,0.00902099999985,0.0154819999989,0.0351210000008,177660,0,0,441177856,0,0,0,508489984,10510.053056,10510.181009,10510.175204,0.0772880000004,10510.103721,0,0,2048
0,sequential,periodic2,64,6,published,10279473,1,1,0,10528.448288,10855.018831,10855.020526,10855.021019,248.093705,28.204365,40.719297,9.475255,431958366,863475732,0,441000192,441177856,0,441177856,949490176,10528.407847,10868.518292,10868.518031,340.070004,10528.448288,0,441177856,2048
0,sequential,size_tiered,64,0,published,9461367,1,0,0,10904.514084,11045.555621,11045.55645,11045.557039,0,29.658631,102.740405,8.606666,397377414,0,0,441000192,0,0,0,508312320,0,11045.557039,11045.557039,141.042955,10904.514084,0,0,2048
0,sequential,size_tiered,64,1,published,9466817,2,0,0,11060.938139,11061.017231,11061.017789,11061.018083,0,0.0110140000015,0.0184959999988,0.0391580000014,228900,0,0,441229312,0,0,0,508541440,11060.901048,11061.023535,11061.018083,0.0853960000004,11060.938139,0,0,2048
0,sequential,size_tiered,64,2,published,10232664,2,1,0,11076.449196,11106.081024,11106.08282,11106.083265,18.340388,4.200838,5.567797,1.477864,64560048,64788948,0,473394688,229120,0,229120,540935936,11076.412451,11106.090616,11106.090457,29.64142,11076.449196,0,229120,2048
0,sequential,size_tiered,64,3,published,10234444,3,0,0,11124.323423,11124.3736,11124.374422,11124.374722,0,0.00378199999977,0.00627299999906,0.0304689999994,74760,0,0,473469696,0,0,0,540781824,11124.283044,11124.38077,11124.374722,0.0573469999999,11124.323423,0,0,2048
0,sequential,size_tiered,64,4,published,10269993,3,1,0,11142.618377,11144.04253,11144.04369,11144.044145,0.799158,0.186881,0.235253000001,0.168196999999,3060876,3135636,0,474962688,75008,0,75008,542349824,11142.578989,11144.051221,11144.05108,1.432844,11142.618377,0,75008,2048
0,sequential,size_tiered,64,5,published,10274223,4,0,0,11162.381599,11162.448358,11162.449079,11162.449403,0,0.00855299999967,0.0143579999985,0.0347600000005,177660,0,0,475140352,0,0,0,542452480,11162.343078,11162.454943,11162.449403,0.0733440000004,11162.381599,0,0,2048
0,sequential,size_tiered,64,6,published,10279473,4,1,0,11180.87276,11181.204011,11181.204892,11181.205221,0.172974999999,0.0317439999999,0.0336470000002,0.0748010000007,618660,796320,0,475361024,177664,0,177664,542850816,11180.833298,11181.212179,11181.212073,0.339419,11180.87276,0,177664,2048
0,sequential,compact,64,0,published,9461367,1,0,0,11199.70328,11269.26253,11269.263418,11269.26389,0,25.912008,34.896714,8.720834,397377414,0,0,441000192,0,0,0,508312320,0,11269.26389,11269.26389,69.56061,11199.70328,0,0,2048
0,sequential,compact,64,1,published,9466817,1,1,0,11284.61588,11578.006516,11578.007837,11578.008313,223.861167,25.947694,34.773694,8.76502000001,397835214,795212628,0,441000192,441000192,0,441000192,949312512,11284.579046,11578.015557,11578.015396,293.399677,11284.61588,0,441000192,2048
0,sequential,compact,64,2,published,10232664,1,1,0,11593.53228,11915.870543,11915.871883,11915.872433,241.77779,30.122286,40.259732,10.122184,461937462,859543776,0,441000192,441000192,0,441000192,949312512,11593.494571,11929.437905,11915.879798,335.905625,11593.53228,0,441000192,2048
0,sequential,compact,64,3,published,10234444,1,1,0,11947.545282,12271.639367,12271.640591,12271.641008,248.641735,28.059555,37.887038,9.457901,429921408,859693296,0,441000192,441000192,0,441000192,949312512,11947.498238,12285.009498,12271.648735,337.464216,11947.545282,0,441000192,2048
0,sequential,compact,64,4,published,10269993,1,1,0,12303.110932,12619.105673,12619.106693,12619.107051,240.353031,28.23052,37.817858,9.54333400001,432832764,862679412,0,441000192,441000192,0,441000192,949312512,12303.062759,12635.196991,12619.114008,332.086059,12303.110932,0,441000192,2048
0,sequential,compact,64,5,published,10274223,1,1,0,12653.35603,12969.158373,12969.159615,12969.160117,240.502922,28.161251,37.583693,9.50345499999,431695026,863034732,0,441000192,441000192,0,441000192,949312512,12653.304377,12982.526343,12969.168207,329.170313,12653.35603,0,441000192,2048
0,sequential,compact,64,6,published,10279473,1,1,0,13000.779766,13318.202988,13318.204227,13318.205174,241.725681,28.174704,37.958988,9.50104200001,431958366,863475732,0,441000192,441000192,0,441000192,949312512,13000.730428,13332.968031,13318.213568,332.188265,13000.779766,0,441000192,2048
0,shadow,all_delta,1,1,published,9466817,2,0,0,904.603511,904.910076,904.914277,904.916432,0,0.036445,0.0504189999999,0.130122,228900,0,441000192,229120,0,0,0,508541440,926.944828,926.95123,904.916432,22.347719,904.589956,0.013555,0,2048
0,shadow,all_delta,1,2,published,10232664,3,0,0,907.697729,916.106014,916.10749,916.108775,0,4.325606,3.235243,0.818153,32165574,0,441000192,32394752,0,0,0,540707072,0,916.108581,916.108775,8.411046,907.687887,0.00984199999994,0,2048
0,shadow,all_delta,1,3,published,10234444,4,0,0,916.117814,916.174611,916.175388,916.175967,0,0.00559799999996,0.00736500000005,0.0326869999999,74760,0,0,473469952,0,0,0,540782080,0,916.175899,916.175967,0.0581530000001,910.46471,5.653104,0,2048
0,shadow,all_delta,1,4,published,10269993,5,0,0,916.186761,916.567909,916.569309,916.570236,0,0.117167,0.125032,0.11878,1493058,0,441000192,33963008,0,0,0,542275328,0,916.570161,916.570236,0.383475,913.633472,2.553289,0,2048
0,shadow,all_delta,1,5,published,10274223,6,0,0,916.629325,916.733716,916.73471,916.735275,0,0.01204,0.0160079999999,0.0625329999999,177660,0,441000192,34140672,0,0,0,542452992,0,916.735207,916.735275,0.10595,916.621627,0.007698,0,2048
0,shadow,all_delta,1,6,published,10279473,7,0,0,919.689856,919.793692,919.794692,919.795389,0,0.0147930000001,0.021488,0.056784,220500,0,441000192,34361344,0,0,0,542673664,0,919.795316,919.795389,0.105533,919.682476,0.00738000000001,0,2048
0,growth,all_delta,1,1,published,9466817,2,0,0,1018.669191,1018.869083,1018.870719,1018.871674,0,0.0382159999999,0.0393139999999,0.0874899999998,228900,0,441000192,229120,0,0,0,508541440,1018.971854,1018.972648,1018.871674,0.303457,1018.656928,0.012263,0,2048
0,growth,all_delta,1,2,published,10232664,3,0,0,1021.776538,1030.512252,1030.513027,1030.514183,0,4.657479,3.222602,0.831528,32165574,0,441229312,32165632,0,0,0,540707072,1030.578589,1030.579107,1030.514183,8.802569,1021.765895,0.010643,0,2048
0,growth,all_delta,1,3,published,10234444,4,0,0,1030.522165,1030.585682,1030.586296,1030.587152,0,0.00427599999989,0.00695600000017,0.0400340000001,74760,0,473394944,75008,0,0,0,540782080,1030.725055,1030.725687,1030.587152,0.203522,1024.567168,5.954997,0,2048
0,growth,all_delta,1,4,published,10269993,5,0,0,1030.594655,1030.960216,1030.961102,1030.962654,0,0.117487,0.123243,0.109077,1493058,0,473469952,1493248,0,0,0,542275328,1031.085116,1031.085516,1030.962654,0.490861,1027.765398,2.829257,0,2048
0,growth,all_delta,1,5,published,10274223,6,0,0,1030.970136,1031.072785,1031.073352,1031.074266,0,0.018239,0.015922,0.0582240000001,177660,0,473469952,1670912,0,0,0,542452992,0,1031.081292,1031.074266,0.111156,1030.731781,0.238355,0,2048
0,growth,all_delta,1,6,published,10279473,7,0,0,1034.359785,1034.460492,1034.461404,1034.462943,0,0.0151589999998,0.017409,0.0566479999998,220500,0,475140864,220672,0,0,0,542673664,1034.539583,1034.540335,1034.462943,0.18055,1034.351882,0.00790300000017,0,2048
0,shadow,periodic2,1,1,published,9466817,2,0,0,1257.14232,1257.336084,1257.337654,1257.338774,0,0.0366389999999,0.0391370000002,0.088424,228900,0,441000192,229120,0,0,0,508541440,1279.499877,2451.873654,1257.338774,1194.731334,1257.130617,0.0117029999999,0,2048
0,shadow,periodic2,1,2,published,10232664,1,1,0,1260.218462,1648.9782,1648.98414,1648.987358,290.512661,40.452746,46.817192,10.889445,461937462,859543776,0,441000192,441229312,0,441229312,949541632,0,1648.987231,2451.872943,1191.654481,1260.207359,0.011103,441229312,2048
0,shadow,periodic2,1,3,published,10234444,2,0,0,1648.998563,1649.055345,1649.056032,1649.056722,0,0.00527699999998,0.00669999999991,0.0324169999999,74760,0,0,441075200,0,0,0,949387520,0,1649.056643,1649.056722,0.0581589999999,1262.991822,386.006741,441000192,2048
0,shadow,periodic2,1,4,published,10269993,1,1,0,1649.064725,2027.255831,2027.256827,2043.019081,290.376331,36.236213,41.590059,9.930131,432832764,862679412,0,441000192,441075200,0,441075200,1390387712,0,2043.018889,2043.019081,393.954356,1266.160721,382.904004,882075392,2048
0,shadow,periodic2,1,5,published,10274223,2,0,0,2043.036678,2043.110724,2043.111497,2043.11193,0,0.00897499999996,0.0185359999998,0.036441,177660,0,0,441177856,0,0,0,949490176,0,2043.111876,2043.11193,0.0752520000001,1269.162697,773.873981,441000192,2048
0,shadow,periodic2,1,6,published,10279473,1,1,0,2043.118227,2435.657462,2435.659439,2451.814279,267.542231,28.115802,87.388201,9.430328,431958366,863475732,0,441000192,441177856,0,441177856,1390490368,0,2451.81412,2451.814279,408.696052,1272.215517,770.90271,882178048,2048
0,growth,periodic2,1,1,published,9466817,2,0,0,2564.975969,2565.269466,2565.271499,2565.272986,0,0.0460209999997,0.084691,0.111086,228900,0,441000192,229120,0,0,0,508541440,2565.28314,2565.292638,2565.272986,0.316669,2564.960908,0.0150610000001,0,2048
0,growth,periodic2,1,2,published,10232664,1,1,0,2568.093139,2897.095141,2897.0971,2897.09752,246.603886,31.611471,40.588563,10.135332,461937462,859543776,0,441000192,441229312,0,441229312,949541632,2587.275534,2897.107226,2897.106965,329.014087,2568.081475,0.0116640000001,441229312,2048
0,growth,periodic2,1,3,published,10234444,2,0,0,2897.111224,2897.253641,2897.253983,2897.254168,0,0.00367600000027,0.0241080000001,0.105608,74760,0,0,441075200,0,0,0,508387328,0,2897.260149,2897.254168,0.148925,2570.835538,326.275686,0,2048
0,growth,periodic2,1,4,published,10269993,1,1,0,2897.260901,3226.836784,3226.83828,3226.838565,253.791813,28.187221,38.040721,9.505869,432832764,862679412,0,441000192,441075200,0,441075200,949387520,0,3241.210884,3241.210662,343.949983,2574.040705,323.220196,441075200,2048
0,growth,periodic2,1,5,published,10274223,2,0,0,3241.212445,3241.299517,3241.29999,3241.300279,0,0.00888400000031,0.0251050000002,0.036114,177660,0,0,441177856,0,0,0,508489984,0,3241.305909,3241.300279,0.093464,2576.940361,664.272084,0,2048
0,growth,periodic2,1,6,published,10279473,1,1,0,3241.306845,3564.746176,3564.747227,3564.74781,248.250566,28.146222,37.558673,9.438312,431958366,863475732,0,441000192,441177856,0,441177856,949490176,0,3580.596065,3580.595846,339.28922,2580.019709,661.287136,441177856,2048
0,shadow,size_tiered,1,1,published,9466817,2,0,0,3831.758586,3831.973985,3831.975437,3831.976829,0,0.0376540000002,0.0358989999995,0.0923630000002,228900,0,441000192,229120,0,0,0,508541440,3853.898877,3867.705971,3831.976829,35.947385,3831.744703,0.0138830000001,0,2048
0,shadow,size_tiered,1,2,published,10232664,2,1,0,3834.827465,3865.764817,3865.766077,3865.767677,18.651949,5.190921,5.545979,1.502722,64560048,64788948,0,473394688,229120,0,229120,540935936,0,3865.767565,3865.767677,30.940212,3834.818594,0.008871,229120,2048
0,shadow,size_tiered,1,3,published,10234444,3,0,0,3865.775117,3865.82205,3865.823032,3865.823314,0,0.00320000000011,0.00635800000009,0.0292960000002,74760,0,0,473469696,0,0,0,540781824,0,3865.823261,3865.823314,0.0481970000001,3837.609119,28.165998,0,2048
0,shadow,size_tiered,1,4,published,10269993,3,1,0,3865.829477,3867.240733,3867.241442,3867.242759,0.789069,0.187726,0.233271000001,0.16843,3060876,3135636,0,474962688,75008,0,75008,542349824,0,3867.242706,3867.242759,1.413282,3840.83146,24.998017,75008,2048
0,shadow,size_tiered,1,5,published,10274223,4,0,0,3867.24943,3867.313498,3867.313938,3867.314302,0,0.00900200000024,0.0145849999994,0.0321420000005,177660,0,0,475140352,0,0,0,542452480,0,3867.314248,3867.314302,0.0648720000004,3843.677277,23.572153,0,2048
0,shadow,size_tiered,1,6,published,10279473,4,1,0,3867.323086,3867.666954,3867.667353,3867.668721,0.18573,0.0312509999999,0.0331760000004,0.0771830000003,618660,796320,0,475361024,177664,0,177664,542850816,0,3867.668662,3867.668721,0.345635,3846.711143,20.611943,177664,2048
0,growth,size_tiered,1,1,published,9466817,2,0,0,3963.312219,3963.514083,3963.515639,3963.517095,0,0.0360780000001,0.0406829999997,0.0901779999999,228900,0,441000192,229120,0,0,0,508541440,3963.615368,3963.616233,3963.517095,0.304014,3963.299613,0.0126059999998,0,2048
0,growth,size_tiered,1,2,published,10232664,2,1,0,3966.398874,3994.175255,3994.176875,3994.17742,13.980634,7.1107,5.154983,1.484649,64560048,64788948,0,473394688,229120,0,229120,540935936,3985.584474,3994.184219,3994.184136,27.785345,3966.387731,0.0111430000002,229120,2048
0,growth,size_tiered,1,3,published,10234444,3,0,0,3994.18598,3994.233242,3994.233929,3994.234141,0,0.00309399999969,0.00665600000002,0.0287929999995,74760,0,0,473469696,0,0,0,540781824,0,3994.239595,3994.234141,0.0536149999998,3969.178252,25.007728,0,2048
0,growth,size_tiered,1,4,published,10269993,3,1,0,3994.240615,3995.65738,3995.65841,3995.658899,0.803349,0.185438,0.226808000001,0.168624,3060876,3135636,0,474962688,75008,0,75008,542349824,0,3995.665213,3995.665136,1.424598,3972.290564,21.950051,75008,2048
0,growth,size_tiered,1,5,published,10274223,4,0,0,3995.665765,3995.729371,3995.729832,3995.73013,0,0.00847599999997,0.0141450000001,0.032475,177660,0,0,475140352,0,0,0,542452480,0,3995.73551,3995.73013,0.0697449999998,3975.242244,20.423521,0,2048
0,growth,size_tiered,1,6,published,10279473,4,1,0,3995.736316,3996.085533,3996.085903,3996.086423,0.190699,0.0311369999999,0.0327260000004,0.0775760000001,618660,796320,0,475361024,177664,0,177664,542850816,0,3996.092976,3996.092902,0.35666,3978.311543,17.424773,177664,2048
0,shadow,compact,1,1,published,9466817,1,1,0,4211.37366,4506.026877,4506.028497,4506.0291,224.772237,25.913953,34.768922,8.79923299999,397835214,795212628,0,441000192,441000192,0,441000192,949312512,4233.296484,6177.508971,6177.508197,1966.135311,4211.361063,0.0125969999999,441000192,2048
0,shadow,compact,1,2,published,10232664,1,1,0,4506.035573,4828.745167,4828.746553,4843.273698,242.003067,30.137021,40.416318,10.096866,461937462,859543776,0,441000192,441000192,0,441000192,1390312704,0,4843.273384,4843.273698,337.238125,4214.425565,291.610008,882000384,2048
0,shadow,compact,1,3,published,10234444,1,1,0,4843.29403,5168.028681,5168.029578,5181.89304,249.508969,28.027637,37.746216,9.404197,429921408,859693296,0,441000192,441000192,0,441000192,1390312704,0,5181.892735,5181.89304,338.59901,4217.213074,626.080956,882000384,2048
0,shadow,compact,1,4,published,10269993,1,1,0,5181.910266,5501.221579,5501.222363,5515.48027,243.688638,28.259675,37.796913,9.513355,432832764,862679412,0,441000192,441000192,0,441000192,1390312704,0,5515.479959,5515.48027,333.570004,4220.268636,961.64163,882000384,2048
0,shadow,compact,1,5,published,10274223,1,1,0,5515.498937,5832.309809,5832.310945,5845.917708,241.499164,28.156938,37.64319,9.460681,431695026,863034732,0,441000192,441000192,0,441000192,1390312704,0,5845.917408,5845.917708,330.418771,4223.049026,1292.449911,882000384,2048
0,shadow,compact,1,6,published,10279473,1,1,0,5845.934792,6163.286533,6163.287795,6177.451225,241.896276,28.157568,37.787878,9.460444,431958366,863475732,0,441000192,441000192,0,441000192,1390312704,0,6177.450917,6177.451225,331.516433,4226.102547,1619.832245,882000384,2048
0,growth,compact,1,1,published,9466817,1,1,0,6384.732546,6685.382167,6685.383287,6685.383709,230.940577,25.981473,34.857366,8.789893,397835214,795212628,0,441000192,441000192,0,441000192,949312512,6406.701931,6685.391932,6685.391366,300.659386,6384.717012,0.0155340000001,441000192,2048
0,growth,compact,1,2,published,10232664,1,1,0,6685.393938,7018.932631,7018.933519,7018.933853,252.543206,30.120378,40.706635,10.113146,461937462,859543776,0,441000192,441000192,0,441000192,949312512,0,7032.348404,7018.941087,346.954466,6387.792733,297.601205,441000192,2048
0,growth,compact,1,3,published,10234444,1,1,0,7032.351318,7359.998781,7359.999685,7360.000386,252.695065,28.047742,37.445601,9.3994,429921408,859693296,0,441000192,441000192,0,441000192,949312512,0,7373.347656,7360.007576,340.996338,6390.553799,641.797519,441000192,2048
0,growth,compact,1,4,published,10269993,1,1,0,7373.350312,7689.531464,7689.534067,7689.534895,240.673476,28.220716,37.723168,9.49006400001,432832764,862679412,0,441000192,441000192,0,441000192,949312512,0,7703.751678,7689.542423,330.401366,6393.611281,979.739031,441000192,2048
0,growth,compact,1,5,published,10274223,1,1,0,7703.753273,8024.630399,8024.632008,8024.632604,245.408214,28.214204,37.718567,9.475663,431695026,863034732,0,441000192,441000192,0,441000192,949312512,0,8039.897373,8024.642326,336.1441,6396.399449,1307.353824,441000192,2048
0,growth,compact,1,6,published,10279473,1,1,0,8039.900925,8365.560094,8365.56161,8365.562284,250.127979,27.986448,38.057414,9.418723,431958366,863475732,0,441000192,441000192,0,441000192,949312512,0,8380.342811,8365.570243,340.441886,6399.466324,1640.434601,441000192,2048
0,shadow,all_delta,8,1,published,9466817,2,0,0,8741.176409,8741.620564,8741.624444,8741.626376,0,0.0368039999994,0.198239000001,0.108062999998,228900,0,441000192,229120,0,0,0,508541440,8849.456797,8849.467644,8741.626376,108.291235,8741.16093,0.0154789999997,0,2048
0,shadow,all_delta,8,2,published,10232664,3,0,0,8755.584431,8775.119088,8775.120585,8775.121794,0,4.851209,13.54946,0.815562000002,32165574,0,441000192,32394752,0,0,0,540707072,0,8775.121606,8775.121794,19.537363,8755.571841,0.0125899999985,0,2048
0,shadow,all_delta,8,3,published,10234444,4,0,0,8775.190585,8775.262479,8775.263263,8775.26403,0,0.00405200000023,0.00781900000038,0.0468119999987,74760,0,441000192,32469760,0,0,0,540782080,0,8775.263874,8775.26403,0.073445,8770.028787,5.161798,0,2048
0,shadow,all_delta,8,4,published,10269993,5,0,0,8784.502192,8790.529603,8790.53099,8790.53218,0,0.222188,0.214182,0.194626999999,1493058,0,441000192,33963008,0,0,0,542275328,0,8790.532083,8790.53218,6.029988,8784.491244,0.0109479999992,0,2048
0,shadow,all_delta,8,5,published,10274223,6,0,0,8799.010595,8838.129452,8838.131578,8838.13349,0,0.0283290000007,0.0303169999988,0.0780599999998,177660,0,441000192,34140672,0,0,0,542452992,0,8838.133304,8838.13349,39.122895,8798.99965,0.010945,0,2048
0,shadow,all_delta,8,6,published,10279473,7,0,0,8838.183611,8838.363446,8838.365911,8838.368099,0,0.0344300000015,0.0369150000024,0.0824679999987,220500,0,441000192,34361344,0,0,0,542673664,0,8838.367908,8838.368099,0.184487999999,8813.423756,24.759855,0,2048
0,growth,all_delta,8,1,published,9466817,2,0,0,8946.210652,8946.487667,8946.491542,8946.493654,0,0.0368490000001,0.0466530000012,0.101793,228900,0,441000192,229120,0,0,0,508541440,8946.640819,8946.643624,8946.493654,0.432972000001,8946.196706,0.0139459999991,0,2048
0,growth,all_delta,8,2,published,10232664,3,0,0,8960.800351,8968.546165,8968.547453,8968.548677,0,3.893679,3.044909,0.778220999999,32165574,0,441229312,32165632,0,0,0,540707072,8968.593504,8968.596188,8968.548677,7.795837,8960.786953,0.0133979999991,0,2048
0,growth,all_delta,8,3,published,10234444,4,0,0,8976.738634,8976.815616,8976.81634,8976.817151,0,0.00436099999934,0.00701099999969,0.0471739999994,74760,0,473394944,75008,0,0,0,540782080,8976.959082,8976.961493,8976.817151,0.222859000001,8976.729672,0.00896199999988,0,2048
0,growth,all_delta,8,4,published,10269993,5,0,0,8994.249051,8995.146068,8995.148892,8995.152906,0,0.303913,0.298887000001,0.255497000002,1493058,0,473469952,1493248,0,0,0,542275328,8996.226361,8996.230411,8995.152906,1.98136,8994.236478,0.012573,0,2048
0,growth,all_delta,8,5,published,10274223,6,0,0,9011.967917,9012.246702,9012.249388,9012.253748,0,0.0350980000003,0.0393750000003,0.0693869999996,177660,0,474963200,177664,0,0,0,542452992,9012.589677,9012.593055,9012.253748,0.625137999999,9011.955071,0.0128459999996,0,2048
0,growth,all_delta,8,6,published,10279473,7,0,0,9029.666319,9030.129464,9030.132209,9030.136219,0,0.0334160000002,0.050306000001,0.0731680000008,220500,0,475140864,220672,0,0,0,542673664,9030.281433,9030.28468,9030.136219,0.618361000001,9029.653097,0.0132219999996,0,2048
0,shadow,periodic2,8,1,published,9466817,2,0,0,9379.44016,9380.33071,9380.333397,9380.335001,0,0.0361750000011,0.0366120000017,0.0864990000009,228900,0,441000192,229120,0,0,0,508541440,9489.154737,10565.179089,9380.335001,1185.738929,9379.426894,0.0132659999999,0,2048
0,shadow,periodic2,8,2,published,10232664,1,1,0,9393.679027,9818.462736,9818.467696,9818.474604,300.494359,32.890165,41.083378,10.158589,461937462,859543776,0,441000192,441229312,0,441229312,949541632,0,9818.474248,10565.178253,1171.499226,9393.668173,0.0108540000001,441229312,2048
0,shadow,periodic2,8,3,published,10234444,2,0,0,9818.527259,9818.703187,9818.704795,9818.705803,0,0.0119809999997,0.0690630000026,0.0574940000006,74760,0,0,441075200,0,0,0,949387520,0,9818.705623,9818.705803,0.178544,9407.971345,410.555914,441000192,2048
0,shadow,periodic2,8,4,published,10269993,1,1,0,9818.74723,10209.171011,10209.172719,10224.296765,256.81604,28.469229,38.351331,9.669325,432832764,862679412,0,441000192,441075200,0,441075200,1390387712,0,10224.296452,10224.296765,405.549535,9424.894163,393.853067,882075392,2048
0,shadow,periodic2,8,5,published,10274223,2,0,0,10224.317861,10224.481194,10224.481912,10224.482493,0,0.0109549999997,0.0281400000003,0.112044000001,177660,0,0,441177856,0,0,0,949490176,0,10224.48241,10224.482493,0.164632,9439.20415,785.113711,441000192,2048
0,shadow,periodic2,8,6,published,10279473,1,1,0,10224.489587,10550.838467,10550.840601,10564.597941,250.591121,28.187328,38.03553,9.44801599999,431958366,863475732,0,441000192,441177856,0,441177856,1390490368,0,10564.597779,10564.597941,340.108354,9453.474312,771.015275,882178048,2048
0,growth,periodic2,8,1,published,9466817,2,0,0,10668.214071,10668.472609,10668.47587,10668.477723,0,0.0368400000007,0.036145,0.109569,228900,0,441000192,229120,0,0,0,508541440,10668.638258,10668.640289,10668.477723,0.426218000001,10668.200044,0.0140270000011,0,2048
0,growth,periodic2,8,2,published,10232664,1,1,0,10682.64669,11071.903016,11071.906228,11071.906998,290.617707,40.814851,46.858785,10.886418,461937462,859543776,0,441000192,441229312,0,441229312,949541632,10776.391033,11071.919153,11071.918918,389.272463,10682.63404,0.0126499999988,441229312,2048
0,growth,periodic2,8,3,published,10234444,2,0,0,11071.921732,11071.977528,11071.977978,11071.978245,0,0.00415600000088,0.00677800000085,0.0337399999989,74760,0,0,441075200,0,0,0,508387328,0,11071.990158,11071.978245,0.0684259999998,10697.175843,374.745889,0,2048
0,growth,periodic2,8,4,published,10269993,1,1,0,11071.99127,11461.154836,11461.157479,11461.158353,298.809349,36.251596,43.845855,10.193244,432832764,862679412,0,441000192,441075200,0,441075200,949387520,0,11479.943962,11479.943629,407.952692,10711.544205,360.447065,441075200,2048
0,growth,periodic2,8,5,published,10274223,2,0,0,11479.945572,11480.153284,11480.153967,11480.154542,0,0.011222000001,0.0189020000016,0.0440160000016,177660,0,0,441177856,0,0,0,508489984,0,11480.200599,11480.154542,0.255026999999,10725.975347,753.970225,0,2048
0,growth,periodic2,8,6,published,10279473,1,1,0,11480.202182,11848.776193,11848.778257,11848.779302,290.668238,28.176962,37.643648,9.479209,431958366,863475732,0,441000192,441177856,0,441177856,949490176,0,11862.180225,11862.180026,381.978043,10740.373154,739.829028,441177856,2048
0,shadow,size_tiered,8,1,published,9466817,2,0,0,12222.199983,12222.462489,12222.465722,12222.467218,0,0.0365829999992,0.0382819999995,0.114186999999,228900,0,441000192,229120,0,0,0,508541440,12329.490141,12329.498938,12222.467218,107.298955,12222.186625,0.0133580000002,0,2048
0,shadow,size_tiered,8,2,published,10232664,2,1,0,12236.501582,12279.831795,12279.833646,12279.835761,20.791913,6.752563,14.189507,1.545106,64560048,64788948,441000192,32394496,229120,0,229120,540935936,0,12279.835671,12279.835761,43.334179,12236.489236,0.0123460000013,229120,2048
0,shadow,size_tiered,8,3,published,10234444,3,0,0,12279.844323,12279.899364,12279.90012,12279.900579,0,0.00368700000035,0.00789100000111,0.0335900000009,74760,0,441000192,32469504,0,0,0,540781824,0,12279.900521,12279.900579,0.0562559999998,12250.853054,28.991269,0,2048
0,shadow,size_tiered,8,4,published,10269993,3,1,0,12279.90686,12281.471208,12281.472163,12281.473491,0.880007,0.189391,0.253409000003,0.205156000002,3060876,3135636,441000192,33962496,75008,0,75008,542349824,0,12281.473433,12281.473491,1.566631,12265.150877,14.755983,75008,2048
0,shadow,size_tiered,8,5,published,10274223,4,0,0,12281.480334,12281.563373,12281.563858,12281.564471,0,0.00945800000045,0.0175789999994,0.0477490000012,177660,0,441000192,34140160,0,0,0,542452480,0,12281.564416,12281.564471,0.0841369999998,12279.507324,1.97301,0,2048
0,shadow,size_tiered,8,6,published,10279473,4,1,0,12293.829833,12295.707482,12295.708527,12295.710911,0.236518,0.0485580000004,0.0479589999995,0.123591,618660,796320,441000192,34360832,177664,0,177664,542850816,0,12295.710823,12295.710911,1.881078,12293.819826,0.010006999999,177664,2048
0,growth,size_tiered,8,1,published,9466817,2,0,0,12416.840934,12417.043524,12417.045004,12417.046555,0,0.0360230000006,0.0391529999997,0.0917009999976,228900,0,441000192,229120,0,0,0,508541440,12417.260891,12417.263158,12417.046555,0.422224,12416.827529,0.0134049999997,0,2048
0,growth,size_tiered,8,2,published,10232664,2,1,0,12431.260914,12449.07725,12449.07804,12449.079181,4.759614,6.091293,5.377029,1.537962,64560048,64788948,441000192,32394496,229120,229120,0,540935936,12449.172026,12449.181446,12449.180944,17.920532,12431.248922,0.0119919999997,0,2048
0,growth,size_tiered,8,3,published,10234444,3,0,0,12449.086622,12449.160007,12449.160477,12449.161201,0,0.00329500000043,0.00732099999914,0.0540540000002,74760,0,441000192,32469504,0,229120,0,541010944,0,12449.167209,12449.161201,0.0805869999986,12445.76174,3.324882,0,2048
0,growth,size_tiered,8,4,published,10269993,3,1,0,12462.540837,12466.027835,12466.028443,12466.029426,0.281491,0.318034,0.327007,0.259567000003,3060876,3135636,473394688,1568000,75008,75008,0,542349824,12466.42009,12466.5882,12466.588057,4.047363,12462.530757,0.01008,0,2048
0,growth,size_tiered,8,5,published,10274223,4,0,0,12479.912972,12480.04559,12480.046774,12480.049047,0,0.0174499999994,0.0218160000004,0.0682239999987,177660,0,474962688,177664,0,0,0,542452480,12480.127072,12480.129269,12480.049047,0.216296999999,12479.90312,0.00985199999923,0,2048
0,growth,size_tiered,8,6,published,10279473,4,1,0,12497.370887,12498.193754,12498.19521,12498.198472,0.100412,0.104898,0.0921309999994,0.203670999996,618660,796320,474962688,398336,177664,177664,0,542850816,12499.257211,12499.262671,12499.26236,1.891784,12497.357973,0.012913999999,0,2048
0,shadow,compact,8,1,published,9466817,1,1,0,12837.785738,13132.064971,13132.066985,13132.067699,224.464783,25.953413,34.977097,8.778314,397835214,795212628,0,441000192,441000192,0,441000192,949312512,12944.850466,14800.963365,14800.962332,1963.177627,12837.771512,0.0142260000011,441000192,2048
0,shadow,compact,8,2,published,10232664,1,1,0,13132.075555,13456.19552,13456.196757,13469.101195,243.099441,30.096102,40.391117,10.102414,461937462,859543776,0,441000192,441000192,0,441000192,1390312704,0,13469.100971,13469.101195,337.02564,12852.060475,280.01508,882000384,2048
0,shadow,compact,8,3,published,10234444,1,1,0,13469.116521,13793.653661,13793.654989,13807.012539,248.925219,28.023216,38.132483,9.40912,429921408,859693296,0,441000192,441000192,0,441000192,1390312704,0,13807.012246,13807.012539,337.896018,12866.352753,602.763768,882000384,2048
0,shadow,compact,8,4,published,10269993,1,1,0,13807.028262,14124.142062,14124.143202,14138.082069,240.312675,28.203675,38.154446,9.510231,432832764,862679412,0,441000192,441000192,0,441000192,1390312704,0,14138.081758,14138.082069,331.053807,12880.624083,926.404179,882000384,2048
0,shadow,compact,8,5,published,10274223,1,1,0,14138.097523,14454.680925,14454.682369,14468.693688,241.03641,28.147218,37.71928,9.45156700001,431695026,863034732,0,441000192,441000192,0,441000192,1390312704,0,14468.693492,14468.693688,330.596165,12894.886542,1243.210981,882000384,2048
0,shadow,compact,8,6,published,10279473,1,1,0,14468.709304,14786.573947,14786.574739,14800.893265,242.378895,28.170764,37.799142,9.46854899999,431958366,863475732,0,441000192,441000192,0,441000192,1390312704,0,14800.893049,14800.893265,332.183961,12909.159297,1559.550007,882000384,2048
0,growth,compact,8,1,published,9466817,1,1,0,14903.25026,15206.635266,15206.63648,15206.636963,233.921299,25.970289,34.633687,8.779454,397835214,795212628,0,441000192,441000192,0,441000192,949312512,15010.296372,15206.644732,15206.644273,303.394472,14903.235469,0.0147910000014,441000192,2048
0,growth,compact,8,2,published,10232664,1,1,0,15206.646391,15537.376119,15537.377458,15537.377816,249.47585,30.140235,40.908097,10.14905,461937462,859543776,0,441000192,441000192,0,441000192,949312512,0,15550.716811,15537.3849,344.07042,14917.542868,289.103523,441000192,2048
0,growth,compact,8,3,published,10234444,1,1,0,15550.719675,15884.82563,15884.82772,15884.828373,258.236412,28.069376,38.216533,9.510366,429921408,859693296,0,441000192,441000192,0,441000192,949312512,0,15898.253004,15884.836398,347.533329,14931.822551,618.897124,441000192,2048
0,growth,compact,8,4,published,10269993,1,1,0,15898.255915,16219.933162,16219.934817,16219.935659,244.727159,28.239534,38.801277,9.551639,432832764,862679412,0,441000192,441000192,0,441000192,949312512,0,16233.885758,16219.942685,335.629843,14946.098129,952.157786,441000192,2048
0,growth,compact,8,5,published,10274223,1,1,0,16233.888029,16555.424321,16555.426052,16555.426871,245.42619,28.173522,38.370341,9.50118099999,431695026,863034732,0,441000192,441000192,0,441000192,949312512,0,16568.784541,16555.435081,334.896512,14960.366473,1273.521556,441000192,2048
0,growth,compact,8,6,published,10279473,1,1,0,16568.787636,16889.755444,16889.757172,16889.758104,244.960515,28.232236,38.201868,9.50675899999,431958366,863475732,0,441000192,441000192,0,441000192,949312512,0,16904.611942,16889.765463,335.824306,14974.627177,1594.160459,441000192,2048
0,shadow,all_delta,64,1,published,9466817,2,0,0,18121.63154,18121.859917,18121.861985,18121.863516,0,0.0370880000009,0.0390489999991,0.101428999998,228900,0,441000192,229120,0,0,0,508541440,19036.614238,19036.642733,18121.863516,915.011193,18121.616047,0.015492999999,0,2048
0,shadow,all_delta,64,2,published,10232664,3,0,0,18243.742518,18251.912439,18251.914499,18251.916414,0,4.265707,3.089337,0.771266999996,32165574,0,441000192,32394752,0,0,0,540707072,0,18251.916264,18251.916414,8.173896,18243.727476,0.0150419999991,0,2048
0,shadow,all_delta,64,3,published,10234444,4,0,0,18365.764724,18365.887802,18365.889913,18365.891681,0,0.0114410000024,0.0137419999955,0.0636999999988,74760,0,441000192,32469760,0,0,0,540782080,0,18365.891481,18365.891681,0.126957,18365.749183,0.0155410000007,0,2048
0,shadow,all_delta,64,4,published,10269993,5,0,0,18487.80095,18488.800268,18488.802813,18488.805534,0,0.362119000001,0.286769999999,0.281687999999,1493058,0,441000192,33963008,0,0,0,542275328,0,18488.805344,18488.805534,1.004584,18487.77599,0.0249600000025,0,2048
0,shadow,all_delta,64,5,published,10274223,6,0,0,18609.755742,18610.392317,18610.394809,18610.396589,0,0.0334790000015,0.0595399999984,0.0767769999984,177660,0,441000192,34140672,0,0,0,542452992,0,18610.396403,18610.396589,0.640846999999,18609.738478,0.0172640000019,0,2048
0,shadow,all_delta,64,6,published,10279473,7,0,0,18731.747098,18731.994142,18731.996737,18731.998457,0,0.0435949999992,0.0685219999978,0.0953849999969,220500,0,441000192,34361344,0,0,0,542673664,0,18731.998264,18731.998457,0.251359000002,18731.732364,0.0147340000003,0,2048
0,growth,all_delta,64,1,published,9466817,2,0,0,19173.680548,19173.935398,19173.937343,19173.938814,0,0.0451880000001,0.0750569999982,0.0955770000037,228900,0,441000192,229120,0,0,0,508541440,19178.712751,19178.795193,19173.938814,5.114645,19173.667763,0.012784999999,0,2048
0,growth,all_delta,64,2,published,10232664,3,0,0,19296.35636,19304.662294,19304.6632,19304.66429,0,4.603526,2.837451,0.779341000001,32165574,0,441229312,32165632,0,0,0,540707072,19309.102574,19309.184144,19304.66429,12.827784,19296.343454,0.0129059999999,0,2048
0,growth,all_delta,64,3,published,10234444,4,0,0,19439.698698,19439.877057,19439.878847,19439.881841,0,0.0146280000008,0.0701700000027,0.0597250000028,74760,0,473394944,75008,0,0,0,540782080,19445.471362,19445.566401,19439.881841,5.867703,19439.686249,0.0124490000017,0,2048
0,growth,all_delta,64,4,published,10269993,5,0,0,19586.326716,19587.220228,19587.222206,19587.225666,0,0.305081999999,0.293667999998,0.257646999999,1493058,0,473469952,1493248,0,0,0,542275328,19592.139106,19592.233993,19587.225666,5.907277,19586.315451,0.011265000001,0,2048
0,growth,all_delta,64,5,published,10274223,6,0,0,19733.542108,19733.714396,19733.716074,19733.720154,0,0.0282609999995,0.0318140000018,0.0792199999996,177660,0,474963200,177664,0,0,0,542452992,19739.371655,19739.469416,19733.720154,5.927308,19733.528752,0.0133560000031,0,2048
0,growth,all_delta,64,6,published,10279473,7,0,0,19881.590527,19881.774947,19881.777954,19881.781699,0,0.0347990000009,0.0382910000008,0.0837519999986,220500,0,475140864,220672,0,0,0,542673664,19887.439909,19887.538588,19881.781699,5.948061,19881.578243,0.0122840000004,0,2048
0,shadow,periodic2,64,1,published,9466817,2,0,0,21449.794215,21450.031082,21450.03414,21450.036102,0,0.037178999999,0.0421499999975,0.104108,228900,0,441000192,229120,0,0,0,508541440,22371.290056,22585.475568,21450.036102,1135.681353,21449.780626,0.013589000002,0,2048
0,shadow,periodic2,64,2,published,10232664,1,1,0,21571.744833,21905.502372,21905.504189,21905.50718,250.117771,32.082681,40.837156,10.632965,461937462,859543776,0,441000192,441229312,441000192,229120,949541632,0,21905.50696,22585.474785,1013.729952,21571.733331,0.0115020000012,229120,2048
0,shadow,periodic2,64,3,published,10234444,2,0,0,21905.517389,21905.61413,21905.614464,21905.614952,0,0.00458299999809,0.0243309999969,0.059113000003,74760,0,0,441075200,0,441000192,0,949387520,0,21905.614887,21905.614952,0.0975629999994,21693.736755,211.780634,0,2048
0,shadow,periodic2,64,4,published,10269993,1,1,0,21905.621504,22233.091403,22233.092994,22246.93803,250.639653,28.211745,38.250073,9.97108200001,432832764,862679412,0,441000192,441075200,441000192,441075200,1390387712,0,22246.937807,22246.93803,341.316526,21815.682696,89.938808,441075200,2048
0,shadow,periodic2,64,5,published,10274223,2,0,0,22246.958035,22247.083794,22247.084388,22247.085102,0,0.0128670000013,0.036634,0.0650769999993,177660,0,0,441177856,0,441000192,0,949490176,0,22247.085043,22247.085102,0.127067000001,21940.608352,306.349683,0,2048
0,shadow,periodic2,64,6,published,10279473,1,1,0,22247.092236,22571.918627,22571.919811,22585.414136,249.164802,28.177458,37.971147,9.46568800001,431958366,863475732,0,441000192,441177856,0,441177856,1390490368,0,22585.413836,22585.414136,338.3219,22063.568751,183.523485,882178048,2048
0,growth,periodic2,64,1,published,9466817,2,0,0,22759.725897,22764.205146,22764.208314,22764.210164,0,0.0461799999975,0.0711579999952,0.0999430000011,228900,0,441000192,229120,0,0,0,508541440,22764.757028,22770.591322,22764.210164,10.865425,22759.709293,0.0166040000004,0,2048
0,growth,periodic2,64,2,published,10232664,1,1,0,22883.37146,23229.681185,23229.684122,23229.685355,254.465235,32.404357,41.655342,10.578526,461937462,859543776,0,441000192,441229312,441229312,0,949541632,23229.618542,23229.730329,23229.729962,346.358869,22883.358306,0.0131540000002,0,2048
0,growth,periodic2,64,3,published,10234444,2,0,0,23229.71309,23229.77968,23229.780341,23229.780833,0,0.00418799999898,0.0243170000031,0.0278529999996,74760,0,0,441075200,0,0,0,508387328,0,23229.78655,23229.780833,0.0734599999996,23007.162729,222.550361,0,2048
0,growth,periodic2,64,4,published,10269993,1,1,0,23229.7876,23563.026566,23563.028266,23563.029113,252.323716,28.221113,38.507337,9.95627200001,432832764,862679412,0,441000192,441075200,441075200,0,949387520,23566.301147,23586.474929,23586.474626,356.687329,23131.014239,98.773361,0,2048
0,growth,periodic2,64,5,published,10274223,2,0,0,23565.116578,23565.233712,23565.234052,23565.234753,0,0.0106100000012,0.0248050000009,0.0626469999988,177660,0,0,441177856,0,441075200,0,949565184,0,23565.312125,23565.234753,0.195546999999,23260.228761,304.887817,0,2048
0,growth,periodic2,64,6,published,10279473,1,1,0,23565.316486,23896.522663,23896.524169,23896.524794,253.73283,28.155945,39.264674,9.47810999999,431958366,863475732,0,441000192,441177856,0,441177856,949490176,23791.788638,23911.159228,23911.158806,345.842742,23405.509386,159.8071,441177856,2048
0,shadow,size_tiered,64,1,published,9466817,2,0,0,25165.600948,25165.938223,25165.941635,25165.944215,0,0.0481240000008,0.0840379999972,0.125828,228900,0,441000192,229120,0,0,0,508541440,26080.188034,26080.221814,25165.944215,914.620866,25165.584173,0.0167750000001,0,2048
0,shadow,size_tiered,64,2,published,10232664,2,1,0,25287.672009,25320.364161,25320.365506,25320.368383,18.683771,6.766389,5.615034,1.574741,64560048,64788948,441000192,32394496,229120,0,229120,540935936,0,25320.368251,25320.368383,32.696374,25287.658335,0.0136740000016,229120,2048
0,shadow,size_tiered,64,3,published,10234444,3,0,0,25409.691691,25409.867008,25409.869326,25409.871317,0,0.0126080000009,0.0701979999976,0.054785999997,74760,0,441000192,32469504,0,0,0,540781824,0,25409.871086,25409.871317,0.179626000001,25409.670452,0.0212390000015,0,2048
0,shadow,size_tiered,64,4,published,10269993,3,1,0,25531.574396,25535.443422,25535.444234,25535.446128,2.188585,0.678045000001,0.552947000004,0.387564000004,3060876,3135636,441000192,33962496,75008,0,75008,542349824,0,25535.445864,25535.446128,3.871732,25531.5608,0.0135960000007,75008,2048
0,shadow,size_tiered,64,5,published,10274223,4,0,0,25653.429372,25653.620776,25653.622564,25653.624551,0,0.0331039999983,0.0602650000037,0.0708489999961,177660,0,441000192,34140160,0,0,0,542452480,0,25653.62436,25653.624551,0.195179000002,25653.412722,0.0166499999978,0,2048
0,shadow,size_tiered,64,6,published,10279473,4,1,0,25775.417683,25776.480179,25776.481988,25776.486308,0.548112,0.117017,0.124421000008,0.215362000006,618660,796320,441000192,34360832,177664,0,177664,542850816,0,25776.486128,25776.486308,1.068625,25775.402978,0.0147050000014,177664,2048
0,growth,size_tiered,64,1,published,9466817,2,0,0,26216.618193,26216.805445,26216.807417,26216.80857,0,0.0368390000003,0.0399490000018,0.0793830000002,228900,0,441000192,229120,0,0,0,508541440,26221.655241,26221.737136,26216.80857,5.118943,26216.6029,0.0152929999967,0,2048
0,growth,size_tiered,64,2,published,10232664,2,1,0,26339.306528,26359.009119,26359.01035,26359.011696,5.753973,6.865897,5.487012,1.550343,64560048,64788948,441000192,32394496,229120,229120,0,540935936,26359.781743,26359.866956,26359.866589,20.560428,26339.293178,0.0133500000011,0,2048
0,growth,size_tiered,64,3,published,10234444,3,0,0,26480.852453,26480.972019,26480.973399,26480.975143,0,0.0102279999992,0.0141090000034,0.0624380000008,74760,0,473394688,75008,0,0,0,540781824,26486.610266,26486.705759,26480.975143,5.853306,26480.838547,0.0139060000001,0,2048
0,growth,size_tiered,64,4,published,10269993,3,1,0,26626.08093,26628.419766,26628.421551,26628.425185,0.489890000001,0.625966,0.616646999995,0.515582000004,3060876,3135636,473394688,1568000,75008,75008,0,542349824,26631.847744,26631.948301,26631.948061,5.867371,26626.067876,0.0130539999991,0,2048
0,growth,size_tiered,64,5,published,10274223,4,0,0,26772.025144,26772.199576,26772.200922,26772.202864,0,0.0274159999972,0.0315360000022,0.082534000001,177660,0,474962688,177664,0,0,0,542452480,26777.81294,26777.909716,26772.202864,5.884572,26772.009718,0.0154259999981,0,2048
0,growth,size_tiered,64,6,published,10279473,4,1,0,26918.682817,26919.284928,26919.286323,26919.28967,0.0994260000007,0.140533000002,0.0884149999983,0.209238000003,618660,796320,474962688,398336,177664,177664,0,542850816,26924.484927,26924.585416,26924.584974,5.902599,26918.669357,0.0134600000019,0,2048
0,shadow,compact,64,1,published,9466817,1,1,0,28481.279116,28777.19128,28777.192978,28777.193935,225.583979,25.963402,35.094753,9.17284,397835214,795212628,0,441000192,441000192,441000192,0,949312512,29396.95592,30448.790281,30448.789506,1967.511165,28481.263754,0.0153620000019,0,2048
0,shadow,compact,64,2,published,10232664,1,1,0,28777.201447,29105.266179,29105.267289,29118.438616,246.141408,30.122684,41.16407,10.578844,461937462,859543776,0,441000192,441000192,441000192,441000192,1390312704,0,29118.438368,29118.438616,341.237169,28603.237729,173.963718,441000192,2048
0,shadow,compact,64,3,published,10234444,1,1,0,29118.456204,29441.587411,29441.58863,29454.94108,247.632811,28.012543,38.000989,9.43601,429921408,859693296,0,441000192,441000192,0,441000192,1390312704,0,29454.940881,29454.94108,336.484876,28725.180706,393.275498,882000384,2048
0,shadow,compact,64,4,published,10269993,1,1,0,29454.956597,29772.940634,29772.943301,29787.138188,241.794142,28.198719,38.413902,9.51044600002,432832764,862679412,0,441000192,441000192,0,441000192,1390312704,0,29787.137868,29787.138188,332.181591,28847.734984,607.221613,882000384,2048
0,shadow,compact,64,5,published,10274223,1,1,0,29787.154971,30102.993304,30102.994411,30116.33409,240.08624,28.135073,38.089854,9.473524,431695026,863034732,0,441000192,441000192,0,441000192,1390312704,0,30116.333771,30116.33409,329.179119,28969.63295,817.522021,882000384,2048
0,shadow,compact,64,6,published,10279473,1,1,0,30116.350962,30434.737961,30434.739283,30448.714662,242.346962,28.155635,38.379737,9.45651400001,431958366,863475732,0,441000192,441000192,0,441000192,1390312704,0,30448.71432,30448.714662,332.3637,29091.956729,1024.394233,882000384,2048
0,growth,compact,64,1,published,9466817,1,1,0,30604.968077,30907.531573,30907.533284,30907.534068,231.967,25.975331,35.315973,9.201744,397835214,795212628,0,441000192,441000192,441000192,0,949312512,30907.973253,30908.059026,30908.058808,303.090949,30604.950427,0.0176500000016,0,2048
0,growth,compact,64,2,published,10232664,1,1,0,30907.541514,31237.707838,31237.708996,31237.709705,248.457263,30.09317,40.982711,10.574091,461937462,859543776,0,441000192,441000192,441000192,0,949312512,31239.716554,31253.618327,31239.728904,346.076813,30726.913011,180.628503,0,2048
0,growth,compact,64,3,published,10234444,1,1,0,31237.717639,31561.782365,31561.783039,31561.783909,248.055035,28.042151,38.014045,9.905216,429921408,859693296,0,441000192,441000192,441000192,0,949312512,31565.87939,31580.706736,31565.986784,342.989097,30848.862192,388.855447,0,2048
0,growth,compact,64,4,published,10269993,1,1,0,31561.791431,31879.753818,31879.754949,31879.755623,241.869493,28.204116,38.296829,9.53664199999,432832764,862679412,0,441000192,441000192,0,441000192,949312512,31601.864818,31893.805957,31879.763034,332.014526,30971.707352,590.084079,441000192,2048
0,growth,compact,64,5,published,10274223,1,1,0,31893.807738,32210.009873,32210.010922,32210.011738,240.432798,28.133486,38.104971,9.47193899999,431695026,863034732,0,441000192,441000192,0,441000192,949312512,0,32223.252329,32210.019154,329.444591,31093.872139,799.935599,441000192,2048
0,growth,compact,64,6,published,10279473,1,1,0,32223.254939,32539.776117,32539.776895,32539.777441,240.77261,28.146962,38.086941,9.45817400001,431958366,863475732,0,441000192,441000192,0,441000192,949312512,0,32553.223653,32539.784708,329.968714,31216.504255,1006.750684,441000192,2048
1,sequential,periodic2,1,0,published,9461367,1,0,0,672.360016,758.964281,758.966132,758.96717,0,33.32592,43.899841,9.321247,397377414,0,0,441000192,0,0,0,508312320,0,758.96717,758.96717,86.607154,672.360016,0,0,1280
1,sequential,periodic2,1,1,published,9466817,2,0,0,782.345376,782.44537,782.446317,782.446773,0,0.0155099999999,0.028496,0.0428439999999,228900,0,0,441229312,0,0,0,508541440,782.327097,782.454174,782.446773,0.108798,782.345376,0,0,1280
1,sequential,periodic2,1,2,published_merge_deferred,10232664,3,0,1,805.672261,812.754415,812.756016,812.75667,0,2.690438,3.562946,0.794353,32165574,0,0,473394944,0,0,0,540707072,805.655701,812.764474,812.75667,7.092213,805.672261,0,0,1280
1,sequential,periodic2,1,3,published,10234444,4,0,0,839.01339,839.070038,839.071029,839.071595,0,0.00520399999994,0.0074790000001,0.0323419999999,74760,0,0,473469952,0,0,0,540782080,838.997126,839.078924,839.071595,0.0655340000001,839.01339,0,0,1280
1,sequential,periodic2,1,4,published_merge_deferred,10269993,5,0,1,865.8512,866.422818,866.424831,866.425723,0,0.117352,0.136297,0.101652,1493058,0,0,474963200,0,0,0,542275328,865.269881,867.516171,866.425723,1.664971,865.8512,0,0,1280
1,sequential,periodic2,1,5,published,10274223,6,0,0,893.984666,894.064469,894.065862,894.06658,0,0.0121290000001,0.017972,0.0378529999999,177660,0,0,475140864,0,0,0,542452992,893.969445,894.074998,894.06658,0.0903320000001,893.984666,0,0,1280
1,sequential,periodic2,1,6,published_merge_deferred,10279473,7,0,1,920.567306,920.653855,920.655042,920.65572,0,0.014627,0.0209819999999,0.0390570000001,220500,0,0,475361536,0,0,0,542673664,920.552225,920.663107,920.65572,0.0958009999999,920.567306,0,0,1280
1,sequential,size_tiered,1,0,published,9461367,1,0,0,947.483584,1033.665534,1033.666754,1033.667465,0,33.347287,43.547066,9.247339,397377414,0,0,441000192,0,0,0,508312320,0,1033.667465,1033.667465,86.183881,947.483584,0,0,1280
1,sequential,size_tiered,1,1,published,9466817,2,0,0,1056.860083,1056.951971,1056.952748,1056.953334,0,0.0152109999999,0.0234629999998,0.0416789999997,228900,0,0,441229312,0,0,0,508541440,1056.846187,1056.960324,1056.953334,0.100241,1056.860083,0,0,1280
1,sequential,size_tiered,1,2,published,10232664,2,1,0,1080.256358,1116.766422,1116.768258,1116.76892,22.489907,5.407924,6.950736,1.597532,64560048,64788948,0,473394688,229120,0,229120,540935936,1080.243461,1116.778202,1116.777974,36.521844,1080.256358,0,229120,1280
1,sequential,size_tiered,1,3,published,10234444,3,0,0,1142.97112,1143.030597,1143.031496,1143.032178,0,0.00520599999982,0.00752999999986,0.0339980000001,74760,0,0,473469696,0,0,0,540781824,1142.954069,1143.039347,1143.032178,0.068227,1142.97112,0,0,1280
1,sequential,size_tiered,1,4,published,10269993,3,1,0,1169.175247,1170.9341,1170.935095,1170.935731,0.986594,0.240871,0.292242,0.199172,3060876,3135636,0,474962688,75008,0,75008,542349824,1169.162107,1170.944289,1170.944094,1.769042,1169.175247,0,75008,1280
1,sequential,size_tiered,1,5,published,10274223,4,0,0,1197.157852,1197.23468,1197.235394,1197.235848,0,0.0117559999999,0.01757,0.0363940000002,177660,0,0,475140352,0,0,0,542452480,1197.143869,1197.243022,1197.235848,0.0851700000001,1197.157852,0,0,1280
1,sequential,size_tiered,1,6,published,10279473,4,1,0,1223.553206,1223.992346,1223.993455,1223.99468,0.237185,0.043527,0.0407849999999,0.0894840000003,618660,796320,0,475361024,177664,0,177664,542850816,1223.539419,1224.003493,1224.003273,0.450287,1223.553206,0,177664,1280
1,sequential,compact,1,0,published,9461367,1,0,0,1252.045244,1338.069705,1338.07096,1338.071779,0,33.358142,43.367669,9.260674,397377414,0,0,441000192,0,0,0,508312320,0,1338.071779,1338.071779,86.026535,1252.045244,0,0,1280
1,sequential,compact,1,1,published_merge_deferred,9466817,2,0,1,1361.333327,1361.425409,1361.426088,1361.426433,0,0.0154110000001,0.019581,0.0431469999999,228900,0,0,441229312,0,0,0,508541440,1361.320191,1361.433589,1361.426433,0.100262,1361.333327,0,0,1280
1,sequential,compact,1,2,published_merge_deferred,10232664,3,0,1,1384.696245,1391.612606,1391.613772,1391.614517,0,2.691651,3.417425,0.780395999999,32165574,0,0,473394944,0,0,0,540707072,1384.680547,1391.622475,1391.614517,6.92623,1384.696245,0,0,1280
1,sequential,compact,1,3,published_merge_deferred,10234444,4,0,1,1417.644542,1417.701485,1417.702554,1417.703142,0,0.00489900000002,0.00571100000002,0.032852,74760,0,0,473469952,0,0,0,540782080,1417.627633,1417.710553,1417.703142,0.0660109999999,1417.644542,0,0,1280
1,sequential,compact,1,4,published_merge_deferred,10269993,5,0,1,1443.837079,1444.242509,1444.244429,1444.245039,0,0.117379,0.128993,0.0936750000001,1493058,0,0,474963200,0,0,0,542275328,1443.817201,1444.25913,1444.245039,0.422051,1443.837079,0,0,1280
1,sequential,compact,1,5,published_merge_deferred,10274223,6,0,1,1470.634967,1471.065046,1471.066368,1471.066902,0,0.0126210000001,0.0159729999998,0.0384479999998,177660,0,0,475140864,0,0,0,542452992,1470.46169,1471.15663,1471.066902,0.521663,1470.634967,0,0,1280
1,sequential,compact,1,6,published_merge_deferred,10279473,7,0,1,1497.380093,1497.472389,1497.473805,1497.474389,0,0.014531,0.0236179999999,0.041352,220500,0,0,475361536,0,0,0,542673664,1497.355984,1497.481851,1497.474389,0.101758,1497.380093,0,0,1280
1,sequential,all_delta,1,0,published,9461367,1,0,0,1524.263958,1609.992242,1609.993433,1609.994095,0,33.326661,43.128745,9.235902,397377414,0,0,441000192,0,0,0,508312320,0,1609.994095,1609.994095,85.730137,1524.263958,0,0,1280
1,sequential,all_delta,1,1,published,9466817,2,0,0,1633.161085,1633.248942,1633.249671,1633.250016,0,0.015173,0.0201289999998,0.0412740000002,228900,0,0,441229312,0,0,0,508541440,1633.14611,1633.257152,1633.250016,0.0960669999999,1633.161085,0,0,1280
1,sequential,all_delta,1,2,published,10232664,3,0,0,1656.498649,1663.437324,1663.438327,1663.439126,0,2.700258,3.42573,0.790626,32165574,0,0,473394944,0,0,0,540707072,1656.485062,1663.446433,1663.439126,6.947784,1656.498649,0,0,1280
1,sequential,all_delta,1,3,published,10234444,4,0,0,1689.597271,1689.650623,1689.651343,1689.651731,0,0.00498300000004,0.00585400000023,0.0316969999999,74760,0,0,473469952,0,0,0,540782080,1689.583698,1689.658767,1689.651731,0.0614959999998,1689.597271,0,0,1280
1,sequential,all_delta,1,4,published,10269993,5,0,0,1715.85559,1716.219224,1716.220317,1716.221072,0,0.117513,0.130689,0.098156,1493058,0,0,474963200,0,0,0,542275328,1715.84193,1716.228435,1716.221072,0.372845,1715.85559,0,0,1280
1,sequential,all_delta,1,5,published,10274223,6,0,0,1742.507435,1742.583194,1742.584364,1742.585067,0,0.0117760000001,0.0140859999999,0.0385720000002,177660,0,0,475140864,0,0,0,542452992,1742.491444,1742.59216,1742.585067,0.0847249999999,1742.507435,0,0,1280
1,sequential,all_delta,1,6,published,10279473,7,0,0,1769.023108,1769.106568,1769.107874,1769.108501,0,0.015277,0.0184200000003,0.0390359999999,220500,0,0,475361536,0,0,0,542673664,1769.006802,1769.115622,1769.108501,0.0925139999999,1769.023108,0,0,1280
1,sequential,periodic2,8,0,published,9461367,1,0,0,1795.757646,1881.292116,1881.293466,1881.294334,0,33.324739,42.911847,9.258904,397377414,0,0,441000192,0,0,0,508312320,0,1881.294334,1881.294334,85.536688,1795.757646,0,0,1280
1,sequential,periodic2,8,1,published,9466817,2,0,0,1897.587201,1897.675499,1897.676247,1897.676799,0,0.015641,0.0199619999999,0.0409879999997,228900,0,0,441229312,0,0,0,508541440,1897.567055,1897.6839,1897.676799,0.0966989999999,1897.587201,0,0,1280
1,sequential,periodic2,8,2,published_merge_deferred,10232664,3,0,1,1914.016421,1920.912779,1920.9138,1920.91427,0,2.68594,3.399467,0.786846,32165574,0,0,473394944,0,0,0,540707072,1913.997769,1920.92179,1920.91427,6.905369,1914.016421,0,0,1280
1,sequential,periodic2,8,3,published,10234444,4,0,0,1940.119687,1940.174433,1940.17524,1940.175894,0,0.00486099999989,0.00582299999996,0.0329510000001,74760,0,0,473469952,0,0,0,540782080,1940.099727,1940.182876,1940.175894,0.063189,1940.119687,0,0,1280
1,sequential,periodic2,8,4,published_merge_deferred,10269993,5,0,1,1959.497884,1959.860457,1959.862354,1959.863123,0,0.116838,0.127353,0.099563,1493058,0,0,474963200,0,0,0,542275328,1959.477583,1959.870794,1959.863123,0.37291,1959.497884,0,0,1280
1,sequential,periodic2,8,5,published,10274223,6,0,0,1979.272935,1979.345626,1979.346773,1979.347432,0,0.0123820000001,0.0130609999999,0.037223,177660,0,0,475140864,0,0,0,542452992,1979.254245,1979.354576,1979.347432,0.081641,1979.272935,0,0,1280
1,sequential,periodic2,8,6,published_merge_deferred,10279473,7,0,1,1998.771908,1998.854484,1998.855754,1998.856273,0,0.01496,0.0159610000001,0.0394520000002,220500,0,0,475361536,0,0,0,542673664,1998.75146,1998.863599,1998.856273,0.0916910000001,1998.771908,0,0,1280
1,sequential,size_tiered,8,0,published,9461367,1,0,0,2022.744019,2180.555739,2180.556778,2180.557448,0,38.08311,110.98442,8.707991,397377414,0,0,441000192,0,0,0,508312320,0,2180.557448,2180.557448,157.813429,2022.744019,0,0,1280
1,sequential,size_tiered,8,1,published,9466817,2,0,0,2196.663487,2196.76176,2196.762258,2196.762732,0,0.0141909999998,0.0304490000003,0.0432510000001,228900,0,0,441229312,0,0,0,508541440,2196.632427,2196.768674,2196.762732,0.105187,2196.663487,0,0,1280
1,sequential,size_tiered,8,2,published,10232664,2,1,0,2213.005397,2243.944149,2243.945704,2243.94631,18.626233,4.192258,6.153105,1.483194,64560048,64788948,0,473394688,229120,0,229120,540935936,2212.839962,2243.954631,2243.954327,30.949234,2213.005397,0,229120,1280
1,sequential,size_tiered,8,3,published,10234444,3,0,0,2262.910944,2262.979548,2262.980266,2262.980592,0,0.00433800000019,0.0248559999991,0.0297219999998,74760,0,0,473469696,0,0,0,540781824,2262.89317,2262.986338,2262.980592,0.075394,2262.910944,0,0,1280
1,sequential,size_tiered,8,4,published,10269993,3,1,0,2281.944098,2283.405254,2283.406183,2283.406616,0.824357,0.199736,0.235247000001,0.16559,3060876,3135636,0,474962688,75008,0,75008,542349824,2281.929041,2283.414137,2283.413863,1.470039,2281.944098,0,75008,1280
1,sequential,size_tiered,8,5,published,10274223,4,0,0,2302.481222,2302.560498,2302.561175,2302.561518,0,0.0108209999999,0.0236199999999,0.0334659999994,177660,0,0,475140352,0,0,0,542452480,2302.465161,2302.567346,2302.561518,0.0861239999999,2302.481222,0,0,1280
1,sequential,size_tiered,8,6,published,10279473,4,1,0,2321.697592,2322.05959,2322.060316,2322.060671,0.18599,0.0344499999997,0.040497,0.0818689999992,618660,796320,0,475361024,177664,0,177664,542850816,2321.682547,2322.067481,2322.06735,0.369889,2321.697592,0,177664,1280
1,sequential,compact,8,0,published,9461367,1,0,0,2341.260349,2413.91635,2413.917256,2413.917722,0,25.903834,38.095352,8.62194,397377414,0,0,441000192,0,0,0,508312320,0,2413.917722,2413.917722,72.657373,2341.260349,0,0,1280
1,sequential,compact,8,1,published_merge_deferred,9466817,2,0,1,2429.971837,2430.043171,2430.043736,2430.04426,0,0.0110810000001,0.0168570000001,0.0318849999999,228900,0,0,441229312,0,0,0,508541440,2429.955902,2430.049945,2430.04426,0.0781080000002,2429.971837,0,0,1280
1,sequential,compact,8,2,published_merge_deferred,10232664,3,0,1,2446.153664,2451.827196,2451.827872,2451.828237,0,2.087347,2.847057,0.718054,32165574,0,0,473394944,0,0,0,540707072,2446.138032,2451.834464,2451.828237,5.6808,2446.153664,0,0,1280
1,sequential,compact,8,3,published_merge_deferred,10234444,4,0,1,2470.776928,2470.823714,2470.824232,2470.824687,0,0.002747,0.00452300000052,0.029693,74760,0,0,473469952,0,0,0,540782080,2470.759977,2470.830509,2470.824687,0.0535809999997,2470.776928,0,0,1280
1,sequential,compact,8,4,published_merge_deferred,10269993,5,0,1,2489.957693,2490.246188,2490.247518,2490.248006,0,0.090064,0.104185,0.0782000000004,1493058,0,0,474963200,0,0,0,542275328,2489.94266,2490.254206,2490.248006,0.296513,2489.957693,0,0,1280
1,sequential,compact,8,5,published_merge_deferred,10274223,6,0,1,2509.450162,2509.513241,2509.514374,2509.514791,0,0.00878700000021,0.013559,0.031097,177660,0,0,475140864,0,0,0,542452992,2509.434279,2509.520841,2509.514791,0.0706789999999,2509.450162,0,0,1280
1,sequential,compact,8,6,published_merge_deferred,10279473,7,0,1,2528.727444,2528.801695,2528.802533,2528.802931,0,0.0142980000001,0.0148819999999,0.0360840000003,220500,0,0,475361536,0,0,0,542673664,2528.712204,2528.808813,2528.802931,0.081369,2528.727444,0,0,1280
1,sequential,all_delta,8,0,published,9461367,1,0,0,2548.097226,2620.646252,2620.647164,2620.647623,0,25.912117,37.981488,8.619083,397377414,0,0,441000192,0,0,0,508312320,0,2620.647623,2620.647623,72.550397,2548.097226,0,0,1280
1,sequential,all_delta,8,1,published,9466817,2,0,0,2636.677009,2636.780422,2636.781024,2636.781486,0,0.0116549999998,0.0170989999997,0.0652369999998,228900,0,0,441229312,0,0,0,508541440,2636.661713,2636.787375,2636.781486,0.110366,2636.677009,0,0,1280
1,sequential,all_delta,8,2,published,10232664,3,0,0,2652.860761,2658.531279,2658.532151,2658.532622,0,2.088973,2.840759,0.721595,32165574,0,0,473394944,0,0,0,540707072,2652.843343,2658.53916,2658.532622,5.678399,2652.860761,0,0,1280
1,sequential,all_delta,8,3,published,10234444,4,0,0,2677.488966,2677.536634,2677.537084,2677.537394,0,0.00284299999976,0.00452500000029,0.0314550000003,74760,0,0,473469952,0,0,0,540782080,2677.473166,2677.543415,2677.537394,0.0544490000002,2677.488966,0,0,1280
1,sequential,all_delta,8,4,published,10269993,5,0,0,2696.680475,2696.973929,2696.974961,2696.975429,0,0.0929449999999,0.104185,0.0811109999995,1493058,0,0,474963200,0,0,0,542275328,2696.664945,2696.981607,2696.975429,0.301132,2696.680475,0,0,1280
1,sequential,all_delta,8,5,published,10274223,6,0,0,2716.177872,2716.24022,2716.240865,2716.241259,0,0.00854000000027,0.0119499999996,0.0332229999999,177660,0,0,475140864,0,0,0,542452992,2716.162724,2716.247046,2716.241259,0.0691739999997,2716.177872,0,0,1280
1,sequential,all_delta,8,6,published,10279473,7,0,0,2735.447174,2735.514481,2735.515288,2735.515745,0,0.0105240000003,0.0133969999993,0.0353780000005,220500,0,0,475361536,0,0,0,542673664,2735.430535,2735.521333,2735.515745,0.0741590000002,2735.447174,0,0,1280
1,sequential,periodic2,64,0,published,9461367,1,0,0,2754.841974,2827.565081,2827.566102,2827.56669,0,25.913036,37.991295,8.611702,397377414,0,0,441000192,0,0,0,508312320,0,2827.56669,2827.56669,72.724716,2754.841974,0,0,1280
1,sequential,periodic2,64,1,published,9466817,2,0,0,2843.474076,2843.551449,2843.552087,2843.55253,0,0.0109810000004,0.0177550000003,0.0383560000005,228900,0,0,441229312,0,0,0,508541440,2843.434943,2843.558196,2843.55253,0.08412,2843.474076,0,0,1280
1,sequential,periodic2,64,2,published_merge_deferred,10232664,3,0,1,2858.935213,2864.702049,2864.703014,2864.703535,0,2.087864,2.933011,0.722883999999,32165574,0,0,473394944,0,0,0,540707072,2858.879359,2864.709841,2864.703535,5.774628,2858.935213,0,0,1280
1,sequential,periodic2,64,3,published,10234444,4,0,0,2883.609892,2884.228885,2884.229722,2884.229965,0,0.0030069999998,0.00546799999938,0.0299190000001,74760,0,0,473469952,0,0,0,540782080,2882.884891,2884.236463,2884.229965,0.626571,2883.609892,0,0,1280
1,sequential,periodic2,64,4,published_merge_deferred,10269993,5,0,1,2902.587246,2902.887158,2902.888202,2902.888803,0,0.090318,0.110814,0.0821980000005,1493058,0,0,474963200,0,0,0,542275328,2902.546631,2902.895087,2902.888803,0.307841,2902.587246,0,0,1280
1,sequential,periodic2,64,5,published,10274223,6,0,0,2921.881968,2922.441735,2922.442521,2922.442966,0,0.00898499999994,0.012017,0.0343929999999,177660,0,0,475140864,0,0,0,542452992,2921.283562,2923.564754,2922.442966,1.682786,2921.881968,0,0,1280
1,sequential,periodic2,64,6,published_merge_deferred,10279473,7,0,1,2942.082882,2942.153781,2942.154717,2942.155069,0,0.011172,0.013121,0.036486,220500,0,0,475361536,0,0,0,542673664,2942.04183,2942.160929,2942.155069,0.078047,2942.082882,0,0,1280
1,sequential,size_tiered,64,0,published,9461367,1,0,0,2960.729091,3033.234003,3033.234889,3033.235376,0,25.906696,37.948205,8.615599,397377414,0,0,441000192,0,0,0,508312320,0,3033.235376,3033.235376,72.506285,2960.729091,0,0,1280
1,sequential,size_tiered,64,1,published,9466817,2,0,0,3048.518883,3048.594151,3048.594784,3048.595177,0,0.0109010000001,0.017253,0.0375449999997,228900,0,0,441229312,0,0,0,508541440,3048.482626,3048.600717,3048.595177,0.0818339999996,3048.518883,0,0,1280
1,sequential,size_tiered,64,2,published,10232664,2,1,0,3063.951934,3082.523301,3082.525556,3082.525995,6.987246,4.217115,5.848483,1.472462,64560048,64788948,0,473394688,229120,0,229120,540935936,3063.915295,3082.533583,3082.533423,18.581649,3063.951934,0,229120,1280
1,sequential,size_tiered,64,3,published,10234444,3,0,0,3100.688665,3100.741743,3100.74237,3100.742659,0,0.00342100000034,0.00645300000042,0.0301330000002,74760,0,0,473469696,0,0,0,540781824,3100.650082,3100.748475,3100.742659,0.0598099999997,3100.688665,0,0,1280
1,sequential,size_tiered,64,4,published,10269993,3,1,0,3118.921312,3119.801073,3119.801958,3119.802287,0.253272,0.185408,0.242487,0.166271000001,3060876,3135636,0,474962688,75008,0,75008,542349824,3118.884189,3119.80959,3119.809317,0.888278,3118.921312,0,75008,1280
1,sequential,size_tiered,64,5,published,10274223,4,0,0,3138.087064,3138.156732,3138.157342,3138.157627,0,0.00905600000033,0.0146879999998,0.0341389999994,177660,0,0,475140352,0,0,0,542452480,3138.042329,3138.166183,3138.157627,0.079119,3138.087064,0,0,1280
1,sequential,size_tiered,64,6,published,10279473,4,1,0,3157.338221,3157.655498,3157.656793,3157.657311,0.0864580000002,0.0316559999997,0.0977080000002,0.0767609999998,618660,796320,0,475361024,177664,0,177664,542850816,3157.274792,3157.664548,3157.664382,0.326327,3157.338221,0,177664,1280
1,sequential,compact,64,0,published,9461367,1,0,0,3176.149126,3289.321325,3289.322622,3289.323229,0,25.903644,78.637861,8.592713,397377414,0,0,441000192,0,0,0,508312320,0,3289.323229,3289.323229,113.174103,3176.149126,0,0,1280
1,sequential,compact,64,1,published_merge_deferred,9466817,2,0,1,3304.637327,3304.762494,3304.763007,3304.763488,0,0.0108149999996,0.0611480000002,0.041432,228900,0,0,441229312,0,0,0,508541440,3304.599736,3304.769496,3304.763488,0.132169,3304.637327,0,0,1280
1,sequential,compact,64,2,published_merge_deferred,10232664,3,0,1,3320.122015,3333.636284,3333.63704,3333.637506,0,2.372706,10.397042,0.719931,32165574,0,0,473394944,0,0,0,540707072,3320.085301,3333.643882,3333.637506,13.521867,3320.122015,0,0,1280
1,sequential,compact,64,3,published_merge_deferred,10234444,4,0,1,3352.172812,3352.222357,3352.222893,3352.223186,0,0.00283600000012,0.00510700000041,0.0312480000002,74760,0,0,473469952,0,0,0,540782080,3352.132422,3352.228982,3352.223186,0.0561700000003,3352.172812,0,0,1280
1,sequential,compact,64,4,published_merge_deferred,10269993,5,0,1,3370.577472,3371.237667,3371.238571,3371.239274,0,0.0898910000001,0.472062,0.0774160000001,1493058,0,0,474963200,0,0,0,542275328,3370.538935,3371.245572,3371.239274,0.6681,3370.577472,0,0,1280
1,sequential,compact,64,5,published_merge_deferred,10274223,6,0,1,3389.673518,3389.741827,3389.742579,3389.742932,0,0.00860299999977,0.0126260000002,0.0334080000002,177660,0,0,475140864,0,0,0,542452992,3389.634198,3389.749126,3389.742932,0.0756080000001,3389.673518,0,0,1280
1,sequential,compact,64,6,published_merge_deferred,10279473,7,0,1,3408.276988,3408.381305,3408.38218,3408.38253,0,0.01028,0.0127469999998,0.0398169999999,220500,0,0,475361536,0,0,0,542673664,3408.237096,3408.388962,3408.38253,0.111974,3408.276988,0,0,1280
1,sequential,all_delta,64,0,published,9461367,1,0,0,3426.951871,3496.197492,3496.198415,3496.198994,0,25.916986,34.655057,8.639473,397377414,0,0,441000192,0,0,0,508312320,0,3496.198994,3496.198994,69.247123,3426.951871,0,0,1280
1,sequential,all_delta,64,1,published,9466817,2,0,0,3511.713646,3511.847836,3511.848537,3511.848848,0,0.0113449999999,0.0199550000007,0.0378700000001,228900,0,0,441229312,0,0,0,508541440,3511.429198,3511.908436,3511.848848,0.19479,3511.713646,0,0,1280
1,sequential,all_delta,64,2,published,10232664,3,0,0,3527.266888,3532.812567,3532.813547,3532.81393,0,2.087719,2.536612,0.724143,32165574,0,0,473394944,0,0,0,540707072,3527.227372,3533.929683,3532.81393,6.662795,3527.266888,0,0,1280
1,sequential,all_delta,64,3,published,10234444,4,0,0,3552.73638,3553.037444,3553.038032,3553.03834,0,0.00289399999974,0.00546299999996,0.0271160000002,74760,0,0,473469952,0,0,0,540782080,3552.124028,3553.044666,3553.03834,0.308286,3552.73638,0,0,1280
1,sequential,all_delta,64,4,published,10269993,5,0,0,3571.407703,3571.697425,3571.69843,3571.698879,0,0.0902500000002,0.0997779999998,0.083678,1493058,0,0,474963200,0,0,0,542275328,3571.366493,3571.70497,3571.698879,0.297267,3571.407703,0,0,1280
1,sequential,all_delta,64,5,published,10274223,6,0,0,3590.143983,3590.206724,3590.207402,3590.207977,0,0.00843299999997,0.0111449999999,0.0342070000006,177660,0,0,475140864,0,0,0,542452992,3590.103591,3590.214083,3590.207977,0.0700999999999,3590.143983,0,0,1280
1,sequential,all_delta,64,6,published,10279473,7,0,0,3608.726683,3608.795616,3608.796351,3608.796627,0,0.0135560000003,0.0123290000001,0.033723,220500,0,0,475361536,0,0,0,542673664,3608.685928,3608.803516,3608.796627,0.0768330000001,3608.726683,0,0,1280
1,sequential,periodic2,1,0,published,9461367,1,0,0,589.321548,659.278596,659.280305,659.281224,0,25.896732,35.277858,8.740451,397377414,0,0,441000192,0,0,0,508312320,0,659.281224,659.281224,69.959676,589.321548,0,0,2048
1,sequential,periodic2,1,1,published,9466817,2,0,0,681.906837,681.985483,681.986135,681.986566,0,0.0111649999999,0.0186100000001,0.0381870000001,228900,0,0,441229312,0,0,0,508541440,681.893538,681.992463,681.986566,0.085626,681.906837,0,0,2048
1,sequential,periodic2,1,2,published,10232664,1,1,0,704.492901,1035.486787,1035.488114,1035.489227,250.263044,30.101853,40.439915,10.129914,461937462,859543776,0,441000192,441229312,0,441229312,949541632,704.406038,1035.49805,1035.497841,331.005149,704.492901,0,441229312,2048
1,sequential,periodic2,1,3,published,10234444,2,0,0,1060.567037,1060.61571,1060.61653,1060.616911,0,0.00336300000004,0.00600200000031,0.0292730000001,74760,0,0,441075200,0,0,0,508387328,1060.549855,1060.622637,1060.616911,0.0555999999999,1060.567037,0,0,2048
1,sequential,periodic2,1,4,published,10269993,1,1,0,1085.836321,1411.991349,1411.992781,1411.993485,249.98851,28.208058,38.393014,9.505974,432832764,862679412,0,441000192,441075200,0,441075200,949387520,1085.825097,1426.078814,1426.078613,340.242493,1085.836321,0,441075200,2048
1,sequential,periodic2,1,5,published,10274223,2,0,0,1451.542038,1452.673935,1452.674889,1452.675413,0,0.00871600000005,0.0187300000002,0.0347100000001,177660,0,0,441177856,0,0,0,508489984,1451.320174,1453.292047,1452.675413,1.750009,1451.542038,0,0,2048
1,sequential,periodic2,1,6,published,10279473,1,1,0,1478.621314,1802.809879,1802.811621,1802.812449,248.659619,28.157837,37.843777,9.474893,431958366,863475732,0,441000192,441177856,0,441177856,949490176,1478.605569,1816.797923,1816.797636,338.176609,1478.621314,0,441177856,2048
1,sequential,size_tiered,1,0,published,9461367,1,0,0,1857.79704,1927.509992,1927.510848,1927.511512,0,26.153888,34.837666,8.690847,397377414,0,0,441000192,0,0,0,508312320,0,1927.511512,1927.511512,69.714472,1857.79704,0,0,2048
1,sequential,size_tiered,1,1,published,9466817,2,0,0,1949.965272,1950.040131,1950.040658,1950.040956,0,0.011103,0.017192,0.0368679999999,228900,0,0,441229312,0,0,0,508541440,1949.954077,1950.046945,1950.040956,0.0816730000001,1949.965272,0,0,2048
1,sequential,size_tiered,1,2,published,10232664,2,1,0,1972.690912,2002.045395,2002.046915,2002.047628,18.272081,4.194356,5.349668,1.482623,64560048,64788948,0,473394688,229120,0,229120,540935936,1972.679693,2002.054972,2002.054668,29.36406,1972.690912,0,229120,2048
1,sequential,size_tiered,1,3,published,10234444,3,0,0,2030.913894,2030.993239,2030.994107,2030.994719,0,0.00466500000016,0.0258859999999,0.037934,74760,0,0,473469696,0,0,0,540781824,2030.883596,2031.0009,2030.994719,0.087006,2030.913894,0,0,2048
1,sequential,size_tiered,1,4,published,10269993,3,1,0,2056.340801,2057.79108,2057.791947,2057.792589,0.811314,0.200461,0.234187999999,0.17002,3060876,3135636,0,474962688,75008,0,75008,542349824,2056.328877,2057.801502,2057.799142,1.460701,2056.340801,0,75008,2048
1,sequential,size_tiered,1,5,published,10274223,4,0,0,2083.15451,2083.232178,2083.232976,2083.233452,0,0.01019,0.0248920000004,0.0320290000004,177660,0,0,475140352,0,0,0,542452480,2083.139052,2083.239195,2083.233452,0.0846850000003,2083.15451,0,0,2048
1,sequential,size_tiered,1,6,published,10279473,4,1,0,2108.744112,2109.096985,2109.097851,2109.098383,0.175401,0.034823,0.0448799999999,0.0775100000001,618660,796320,0,475361024,177664,0,177664,542850816,2108.730796,2109.105363,2109.105022,0.361251,2108.744112,0,177664,2048
1,sequential,compact,1,0,published,9461367,1,0,0,2135.489392,2270.634606,2270.635562,2270.636256,0,29.767027,96.743963,8.597809,397377414,0,0,441000192,0,0,0,508312320,0,2270.636256,2270.636256,135.146864,2135.489392,0,0,2048
1,sequential,compact,1,1,published,9466817,1,1,0,2293.080283,2587.257876,2587.259095,2587.259662,224.970772,25.927358,34.477788,8.744752,397835214,795212628,0,441000192,441000192,0,441000192,949312512,2293.063498,2587.26751,2587.267329,294.187227,2293.080283,0,441000192,2048
1,sequential,compact,1,2,published,10232664,1,1,0,2609.722865,2940.240176,2940.241541,2940.242303,249.412195,30.116833,40.808333,10.125545,461937462,859543776,0,441000192,441000192,0,441000192,949312512,2609.711816,2952.741859,2940.249822,343.018994,2609.722865,0,441000192,2048
1,sequential,compact,1,3,published,10234444,1,1,0,2977.974324,3300.912536,3300.915487,3300.916431,248.073276,28.022863,37.345394,9.435956,429921408,859693296,0,441000192,441000192,0,441000192,949312512,2977.954122,3314.201451,3300.924066,336.227127,2977.974324,0,441000192,2048
1,sequential,compact,1,4,published,10269993,1,1,0,3339.477979,3657.490282,3657.491798,3657.492726,241.730161,28.224743,38.465033,9.539102,432832764,862679412,0,441000192,441000192,0,441000192,949312512,3339.459612,3670.893048,3657.500004,331.415069,3339.477979,0,441000192,2048
1,sequential,compact,1,5,published,10274223,1,1,0,3696.308056,4009.703622,4009.704848,4009.705818,238.319816,28.132527,37.394545,9.500184,431695026,863034732,0,441000192,441000192,0,441000192,949312512,3696.288531,4023.18057,4009.713531,326.872514,3696.308056,0,441000192,2048
1,sequential,compact,1,6,published,10279473,1,1,0,4048.857204,4365.731931,4365.733389,4365.734713,241.103675,28.151419,38.067645,9.50041799999,431958366,863475732,0,441000192,441000192,0,441000192,949312512,4048.838101,4379.15336,4365.742502,330.296156,4048.857204,0,441000192,2048
1,sequential,all_delta,1,0,published,9461367,1,0,0,4421.736144,4562.158953,4562.159993,4562.160738,0,25.947203,105.848181,8.591623,397377414,0,0,441000192,0,0,0,508312320,0,4562.160738,4562.160738,140.424594,4421.736144,0,0,2048
1,sequential,all_delta,1,1,published,9466817,2,0,0,4584.646818,4584.772437,4584.773047,4584.773502,0,0.0111609999994,0.0681100000011,0.0366329999988,228900,0,0,441229312,0,0,0,508541440,4584.635934,4584.779231,4584.773502,0.132413,4584.646818,0,0,2048
1,sequential,all_delta,1,2,published,10232664,3,0,0,4607.286892,4621.593636,4621.594667,4621.595188,0,2.398839,11.16118,0.725880000001,32165574,0,0,473394944,0,0,0,540707072,4607.27536,4621.601414,4621.595188,14.314522,4607.286892,0,0,2048
1,sequential,all_delta,1,3,published,10234444,4,0,0,4646.894141,4646.941173,4646.941803,4646.942259,0,0.0029429999995,0.0061280000009,0.0293450000008,74760,0,0,473469952,0,0,0,540782080,4646.882628,4646.948364,4646.942259,0.0542230000001,4646.894141,0,0,2048
1,sequential,all_delta,1,4,published,10269993,5,0,0,4672.346654,4672.660054,4672.661552,4672.662091,0,0.0905009999997,0.123544,0.085278999999,1493058,0,0,474963200,0,0,0,542275328,4672.336102,4672.667835,4672.662091,0.321181,4672.346654,0,0,2048
1,sequential,all_delta,1,5,published,10274223,6,0,0,4698.166404,4698.232779,4698.233887,4698.234345,0,0.00825900000018,0.0138460000007,0.0350269999999,177660,0,0,475140864,0,0,0,542452992,4698.153106,4698.240129,4698.234345,0.0737250000002,4698.166404,0,0,2048
1,sequential,all_delta,1,6,published,10279473,7,0,0,4723.72739,4723.799047,4723.799896,4723.8003,0,0.010061,0.0171769999997,0.0355680000002,220500,0,0,475361536,0,0,0,542673664,4723.714129,4723.807816,4723.8003,0.0804259999995,4723.72739,0,0,2048
1,sequential,periodic2,8,0,published,9461367,1,0,0,4749.74332,4863.650961,4863.651849,4863.652346,0,25.910362,79.36036,8.60782,397377414,0,0,441000192,0,0,0,508312320,0,4863.652346,4863.652346,113.909026,4749.74332,0,0,2048
1,sequential,periodic2,8,1,published,9466817,2,0,0,4879.837427,4879.911304,4879.911889,4879.912416,0,0.0114510000003,0.0185670000001,0.034114,228900,0,0,441229312,0,0,0,508541440,4879.819149,4879.918184,4879.912416,0.0807569999997,4879.837427,0,0,2048
1,sequential,periodic2,8,2,published,10232664,1,1,0,4895.986937,5223.173552,5223.174958,5223.175474,246.568605,30.102519,40.342373,10.106687,461937462,859543776,0,441000192,441229312,0,441229312,949541632,4895.969125,5223.184996,5223.184691,327.198059,4895.986937,0,441229312,2048
1,sequential,periodic2,8,3,published,10234444,2,0,0,5242.011842,5242.061055,5242.061515,5242.061761,0,0.00364999999965,0.00596199999927,0.030021999999,74760,0,0,441075200,0,0,0,508387328,5241.996088,5242.067701,5242.061761,0.0558590000001,5242.011842,0,0,2048
1,sequential,periodic2,8,4,published,10269993,1,1,0,5260.926869,5585.38031,5585.381516,5585.381972,248.717694,28.197197,37.986043,9.500174,432832764,862679412,0,441000192,441075200,0,441075200,949387520,5260.91138,5598.656106,5598.655973,337.729237,5260.926869,0,441075200,2048
1,sequential,periodic2,8,5,published,10274223,2,0,0,5617.871733,5618.966484,5618.967013,5618.96726,0,0.009094,0.0162769999997,0.0345120000002,177660,0,0,441177856,0,0,0,508489984,5617.515996,5620.443908,5618.96726,2.572175,5617.871733,0,0,2048
1,sequential,periodic2,8,6,published,10279473,1,1,0,5639.367178,5964.111582,5964.114168,5964.114731,249.399217,28.155146,37.646397,9.485949,431958366,863475732,0,441000192,441177856,0,441177856,949490176,5639.348872,5977.496863,5977.496617,338.129685,5639.367178,0,441177856,2048
1,sequential,size_tiered,8,0,published,9461367,1,0,0,6013.357699,6117.738071,6117.739426,6117.740191,0,25.938101,69.759018,8.646721,397377414,0,0,441000192,0,0,0,508312320,0,6117.740191,6117.740191,104.382492,6013.357699,0,0,2048
1,sequential,size_tiered,8,1,published,9466817,2,0,0,6133.847304,6133.973714,6133.974236,6133.974514,0,0.0112420000005,0.0668999999998,0.0380299999997,228900,0,0,441229312,0,0,0,508541440,6133.831257,6133.980129,6133.974514,0.132825,6133.847304,0,0,2048
1,sequential,size_tiered,8,2,published,10232664,2,1,0,6150.102444,6188.368077,6188.369922,6188.370458,18.472632,4.498873,13.768027,1.472961,64560048,64788948,0,473394688,229120,0,229120,540935936,6150.082678,6188.377827,6188.37768,38.275383,6150.102444,0,229120,2048
1,sequential,size_tiered,8,3,published,10234444,3,0,0,6207.329305,6207.378184,6207.378834,6207.37911,0,0.00300199999947,0.00618799999938,0.0292099999988,74760,0,0,473469696,0,0,0,540781824,6207.310437,6207.385402,6207.37911,0.0560969999997,6207.329305,0,0,2048
1,sequential,size_tiered,8,4,published,10269993,3,1,0,6226.349948,6229.573895,6229.574948,6229.575372,0.791549,0.185377,0.625496,0.168667,3060876,3135636,0,474962688,75008,0,75008,542349824,6226.295038,6230.180805,6230.180566,3.830857,6226.349948,0,75008,2048
1,sequential,size_tiered,8,5,published,10274223,4,0,0,6249.581915,6249.935413,6249.936295,6249.936713,0,0.00839499999984,0.0320670000001,0.0283020000006,177660,0,0,475140352,0,0,0,542452480,6249.202301,6249.943019,6249.936713,0.361104000001,6249.581915,0,0,2048
1,sequential,size_tiered,8,6,published,10279473,4,1,0,6269.077973,6269.465865,6269.466602,6269.467203,0.180122,0.0317059999998,0.0571770000015,0.0783259999998,618660,796320,0,475361024,177664,0,177664,542850816,6269.060994,6270.481079,6270.480905,1.403106,6269.077973,0,177664,2048
1,sequential,compact,8,0,published,9461367,1,0,0,6289.674277,6359.129287,6359.130032,6359.130479,0,25.896086,34.836318,8.69465,397377414,0,0,441000192,0,0,0,508312320,0,6359.130479,6359.130479,69.456202,6289.674277,0,0,2048
1,sequential,compact,8,1,published,9466817,1,1,0,6375.202276,6666.250462,6666.251527,6666.25206,221.614879,25.924457,34.725355,8.739343,397835214,795212628,0,441000192,441000192,0,441000192,949312512,6375.18721,6666.259563,6666.259363,291.057287,6375.202276,0,441000192,2048
1,sequential,compact,8,2,published,10232664,1,1,0,6682.392869,7004.360693,7004.361615,7004.362066,241.460695,30.082945,40.280298,10.092808,461937462,859543776,0,441000192,441000192,0,441000192,949312512,6682.377105,7017.072643,7004.368929,334.679774,6682.392869,0,441000192,2048
1,sequential,compact,8,3,published,10234444,1,1,0,7035.90963,7358.383394,7358.384111,7358.384773,247.263218,28.024752,37.710887,9.428635,429921408,859693296,0,441000192,441000192,0,441000192,949312512,7035.886953,7371.643653,7358.392298,335.734023,7035.90963,0,441000192,2048
1,sequential,compact,8,4,published,10269993,1,1,0,7390.465705,7709.659624,7709.660673,7709.661213,243.649784,28.190111,37.793575,9.507322,432832764,862679412,0,441000192,441000192,0,441000192,949312512,7390.442874,7722.969317,7709.668324,332.503612,7390.465705,0,441000192,2048
1,sequential,compact,8,5,published,10274223,1,1,0,7741.970367,8055.897486,8055.898408,8055.898924,238.749113,28.139804,37.505696,9.486843,431695026,863034732,0,441000192,441000192,0,441000192,949312512,7741.808066,8069.223554,8055.906599,327.253187,7741.970367,0,441000192,2048
1,sequential,compact,8,6,published,10279473,1,1,0,8088.256399,8404.725717,8404.726719,8404.727424,240.966481,28.141946,37.816596,9.494107,431958366,863475732,0,441000192,441000192,0,441000192,949312512,8088.22962,8418.188173,8404.735078,329.931774,8088.256399,0,441000192,2048
1,sequential,all_delta,8,0,published,9461367,1,0,0,8454.559611,8596.510999,8596.511971,8596.512492,0,29.729607,103.586976,8.598648,397377414,0,0,441000192,0,0,0,508312320,0,8596.512492,8596.512492,141.952881,8454.559611,0,0,2048
1,sequential,all_delta,8,1,published,9466817,2,0,0,8612.622483,8612.699742,8612.700383,8612.700597,0,0.0110850000001,0.0183739999993,0.0374830000001,228900,0,0,441229312,0,0,0,508541440,8612.605532,8612.706376,8612.700597,0.0838930000009,8612.622483,0,0,2048
1,sequential,all_delta,8,2,published,10232664,3,0,0,8628.831894,8634.495065,8634.495988,8634.496348,0,2.089168,2.813784,0.74151,32165574,0,0,473394944,0,0,0,540707072,8628.816601,8634.501949,8634.496348,5.670055,8628.831894,0,0,2048
1,sequential,all_delta,8,3,published,10234444,4,0,0,8653.468884,8653.517807,8653.51842,8653.518679,0,0.00329800000145,0.00630099999944,0.0308550000009,74760,0,0,473469952,0,0,0,540782080,8653.451847,8653.524243,8653.518679,0.055359,8653.468884,0,0,2048
1,sequential,all_delta,8,4,published,10269993,5,0,0,8672.646117,8672.954085,8672.954878,8672.955238,0,0.0902469999983,0.119678999999,0.0852799999993,1493058,0,0,474963200,0,0,0,542275328,8672.631344,8672.961333,8672.955238,0.315215999999,8672.646117,0,0,2048
1,sequential,all_delta,8,5,published,10274223,6,0,0,8692.13697,8692.200973,8692.201902,8692.202541,0,0.00822400000106,0.0140969999993,0.0333309999987,177660,0,0,475140864,0,0,0,542452992,8692.120729,8692.208346,8692.202541,0.0713759999999,8692.13697,0,0,2048
1,sequential,all_delta,8,6,published,10279473,7,0,0,8711.398976,8711.468256,8711.469329,8711.469792,0,0.0103370000015,0.017049,0.0335879999984,220500,0,0,475361536,0,0,0,542673664,8711.381399,8711.475417,8711.469792,0.0764409999992,8711.398976,0,0,2048
1,sequential,periodic2,64,0,published,9461367,1,0,0,8730.744221,8800.24925,8800.250198,8800.25059,0,25.917413,34.866559,8.68738000001,397377414,0,0,441000192,0,0,0,508312320,0,8800.25059,8800.25059,69.506369,8730.744221,0,0,2048
1,sequential,periodic2,64,1,published,9466817,2,0,0,8815.544321,8815.619452,8815.619889,8815.620286,0,0.0109079999984,0.0178479999977,0.0372289999996,228900,0,0,441229312,0,0,0,508541440,8815.507506,8815.626024,8815.620286,0.0817029999998,8815.544321,0,0,2048
1,sequential,periodic2,64,2,published,10232664,1,1,0,8830.994538,9157.623923,9157.625565,9157.62614,246.163587,30.100199,40.174063,10.127096,461937462,859543776,0,441000192,441229312,0,441229312,949541632,8830.958394,9157.635817,9157.635629,326.641279,8830.994538,0,441229312,2048
1,sequential,periodic2,64,3,published,10234444,2,0,0,9175.733425,9175.782945,9175.783375,9175.783616,0,0.00395900000149,0.00561700000071,0.0300800000023,74760,0,0,441075200,0,0,0,508387328,9175.693321,9175.78966,9175.783616,0.056235,9175.733425,0,0,2048
1,sequential,periodic2,64,4,published,10269993,1,1,0,9193.862384,9520.808644,9520.811492,9520.811959,251.136912,28.194292,38.010726,9.537506,432832764,862679412,0,441000192,441075200,0,441075200,949387520,9193.822989,9534.215785,9534.215613,340.353401,9193.862384,0,441075200,2048
1,sequential,periodic2,64,5,published,10274223,2,0,0,9552.388772,9552.497189,9552.497646,9552.497955,0,0.00891600000068,0.0531339999998,0.0353960000029,177660,0,0,441177856,0,0,0,508489984,9552.338415,9552.503512,9552.497955,0.114739999999,9552.388772,0,0,2048
1,sequential,periodic2,64,6,published,10279473,1,1,0,9570.727157,9892.345549,9892.346211,9892.346809,246.504678,28.156321,37.454105,9.460041,431958366,863475732,0,441000192,441177856,0,441177856,949490176,9570.685232,9906.07371,9906.073468,335.346553,9570.727157,0,441177856,2048
1,sequential,size_tiered,64,0,published,9461367,1,0,0,9941.315062,10045.524486,10045.525076,10045.52565,0,25.936096,69.6169,8.624492,397377414,0,0,441000192,0,0,0,508312320,0,10045.52565,10045.52565,104.210588,9941.315062,0,0,2048
1,sequential,size_tiered,64,1,published,9466817,2,0,0,10060.900286,10061.026142,10061.026625,10061.026957,0,0.0111180000004,0.0669360000011,0.0372669999997,228900,0,0,441229312,0,0,0,508541440,10060.86213,10061.032465,10061.026957,0.132179,10060.900286,0,0,2048
1,sequential,size_tiered,64,2,published,10232664,2,1,0,10076.398593,10114.084546,10114.085667,10114.086251,17.928411,4.495498,13.739362,1.474894,64560048,64788948,0,473394688,229120,0,229120,540935936,10076.362316,10114.094218,10114.094014,37.695625,10076.398593,0,229120,2048
1,sequential,size_tiered,64,3,published,10234444,3,0,0,10132.285145,10132.33571,10132.33635,10132.336644,0,0.00302199999896,0.00607300000047,0.0304639999995,74760,0,0,473469696,0,0,0,540781824,10132.244942,10132.342253,10132.336644,0.0571080000009,10132.285145,0,0,2048
1,sequential,size_tiered,64,4,published,10269993,3,1,0,10150.538555,10152.069447,10152.070185,10152.070669,0.795867000001,0.186012999999,0.343473999996,0.168948,3060876,3135636,0,474962688,75008,0,75008,542349824,10150.499225,10152.105421,10152.105141,1.566866,10150.538555,0,75008,2048
1,sequential,size_tiered,64,5,published,10274223,4,0,0,10170.40169,10170.466474,10170.467105,10170.467375,0,0.0085569999992,0.0144689999997,0.0329469999997,177660,0,0,475140352,0,0,0,542452480,10170.36289,10170.472924,10170.467375,0.0712339999991,10170.40169,0,0,2048
1,sequential,size_tiered,64,6,published,10279473,4,1,0,10188.823896,10189.162635,10189.163341,10189.16366,0.177668999999,0.0314510000007,0.0331070000011,0.0786930000013,618660,796320,0,475361024,177664,0,177664,542850816,10188.782712,10189.170221,10189.170082,0.346325,10188.823896,0,177664,2048
1,sequential,compact,64,0,published,9461367,1,0,0,10207.605693,10277.176054,10277.176947,10277.177362,0,25.979092,34.875583,8.683451,397377414,0,0,441000192,0,0,0,508312320,0,10277.177362,10277.177362,69.571669,10207.605693,0,0,2048
1,sequential,compact,64,1,published,9466817,1,1,0,10292.637772,10584.553746,10584.554712,10584.555164,222.117377,25.918626,34.610499,8.734654,397835214,795212628,0,441000192,441000192,0,441000192,949312512,10292.432777,10584.562172,10584.561989,291.9244,10292.637772,0,441000192,2048
1,sequential,compact,64,2,published,10232664,1,1,0,10599.93811,10928.612221,10928.613071,10928.61367,247.921556,30.096301,40.490352,10.111244,461937462,859543776,0,441000192,441000192,0,441000192,949312512,10599.901233,10941.395443,10928.62042,341.457333,10599.93811,0,441000192,2048
1,sequential,compact,64,3,published,10234444,1,1,0,10959.501143,11282.495277,11282.496269,11282.496761,247.837462,28.011525,37.665268,9.427579,429921408,859693296,0,441000192,441000192,0,441000192,949312512,10959.455461,11295.794473,11282.504551,336.29333,10959.501143,0,441000192,2048
1,sequential,compact,64,4,published,10269993,1,1,0,11313.960773,11635.507032,11635.507924,11635.508314,246.072667,28.193571,37.711744,9.514642,432832764,862679412,0,441000192,441000192,0,441000192,949312512,11313.914935,11649.136017,11635.730763,335.175244,11313.960773,0,441000192,2048
1,sequential,compact,64,5,published,10274223,1,1,0,11667.272834,11982.967794,11982.968434,11982.969098,240.474661,28.124836,37.570398,9.48036600001,431695026,863034732,0,441000192,441000192,0,441000192,949312512,11667.227417,11996.401109,11982.976599,329.128275,11667.272834,0,441000192,2048
1,sequential,compact,64,6,published,10279473,1,1,0,12014.643749,12330.560145,12330.561298,12330.56194,240.514773,28.140655,37.744959,9.466404,431958366,863475732,0,441000192,441000192,0,441000192,949312512,12014.595653,12344.06225,12330.570175,329.418501,12014.643749,0,441000192,2048
1,sequential,all_delta,64,0,published,9461367,1,0,0,12377.312451,12446.962116,12446.963225,12446.963902,0,25.919994,35.007755,8.690423,397377414,0,0,441000192,0,0,0,508312320,0,12446.963902,12446.963902,69.651451,12377.312451,0,0,2048
1,sequential,all_delta,64,1,published,9466817,2,0,0,12462.323139,12462.399896,12462.400376,12462.400615,0,0.0111019999986,0.0178660000001,0.0386449999987,228900,0,0,441229312,0,0,0,508541440,12462.286882,12462.406436,12462.400615,0.0832969999992,12462.323139,0,0,2048
1,sequential,all_delta,64,2,published,10232664,3,0,0,12477.837501,12483.463066,12483.463921,12483.464366,0,2.089804,2.783299,0.734752,32165574,0,0,473394944,0,0,0,540707072,12477.802358,12483.469883,12483.464366,5.632382,12477.837501,0,0,2048
1,sequential,all_delta,64,3,published,10234444,4,0,0,12501.69761,12501.744501,12501.745119,12501.74534,0,0.003557,0.00596700000096,0.0289830000002,74760,0,0,473469952,0,0,0,540782080,12501.659189,12501.750909,12501.74534,0.0532990000011,12501.69761,0,0,2048
1,sequential,all_delta,64,4,published,10269993,5,0,0,12520.130148,12520.440473,12520.441195,12520.441486,0,0.0935789999985,0.119142,0.0843720000012,1493058,0,0,474963200,0,0,0,542275328,12520.089193,12520.44744,12520.441486,0.317292,12520.130148,0,0,2048
1,sequential,all_delta,64,5,published,10274223,6,0,0,12538.88135,12538.945138,12538.945807,12538.946264,0,0.0083250000007,0.0137269999996,0.0333099999989,177660,0,0,475140864,0,0,0,542452992,12538.842692,12538.951989,12538.946264,0.0706389999996,12538.88135,0,0,2048
1,sequential,all_delta,64,6,published,10279473,7,0,0,12557.484662,12557.554909,12557.555745,12557.556158,0,0.0102740000002,0.016596999998,0.0353059999998,220500,0,0,475361536,0,0,0,542673664,12557.444485,12557.561684,12557.556158,0.0770219999995,12557.484662,0,0,2048
1,shadow,periodic2,1,1,published,9466817,2,0,0,825.813875,825.972452,825.974407,825.975157,0,0.0114169999999,0.0199610000001,0.0807090000001,228900,0,441000192,229120,0,0,0,508541440,848.092538,2011.349566,825.975157,1185.535691,825.804331,0.00954400000001,0,2048
1,shadow,periodic2,1,2,published,10232664,1,1,0,828.91259,1167.494261,1167.496793,1167.499321,253.290717,30.189223,44.956111,10.076381,461937462,859543776,0,441000192,441229312,0,441229312,949541632,0,1167.499204,2011.348662,1182.436072,828.905056,0.00753400000008,441229312,2048
1,shadow,periodic2,1,3,published,10234444,2,0,0,1167.508082,1167.558603,1167.55921,1167.559609,0,0.00404499999991,0.00660599999992,0.0308010000001,74760,0,0,441075200,0,0,0,949387520,0,1167.559523,1167.559609,0.0515269999999,831.696274,335.811808,441000192,2048
1,shadow,periodic2,1,4,published,10269993,1,1,0,1167.565986,1525.976481,1525.978153,1545.76598,264.195828,36.29082,47.700266,10.150116,432832764,862679412,0,441000192,441075200,0,441075200,1390387712,0,1545.765748,1545.76598,378.199994,834.950219,332.615767,882075392,2048
1,shadow,periodic2,1,5,published,10274223,2,0,0,1545.790557,1545.880241,1545.881556,1545.882135,0,0.010949,0.021092,0.0417990000001,177660,0,0,441177856,0,0,0,949490176,0,1545.882035,1545.882135,0.091578,837.762591,708.027966,441000192,2048
1,shadow,periodic2,1,6,published,10279473,1,1,0,1545.897559,1997.160761,1997.162955,2011.267267,303.635841,28.176301,110.006974,9.370429,431958366,863475732,0,441000192,441177856,0,441177856,1390490368,0,2011.267066,2011.267267,465.369708,840.846978,705.050581,882178048,2048
1,growth,periodic2,1,1,published,9466817,2,0,0,2126.414879,2126.781795,2126.786719,2126.788888,0,0.0469159999998,0.0751750000004,0.136904,228900,0,441000192,229120,0,0,0,508541440,2126.815256,2126.8161,2126.788888,0.401221,2126.402297,0.0125819999998,0,2048
1,growth,periodic2,1,2,published,10232664,1,1,0,2129.554343,2504.273166,2504.275416,2504.27617,287.781761,31.771485,44.583893,10.148145,461937462,859543776,0,441000192,441229312,0,441229312,949541632,2148.996701,2504.286066,2504.285924,374.731723,2129.542447,0.011896,441229312,2048
1,growth,periodic2,1,3,published,10234444,2,0,0,2504.291106,2504.361824,2504.362428,2504.362828,0,0.00409100000024,0.0251429999998,0.031567,74760,0,0,441075200,0,0,0,508387328,0,2504.368409,2504.362828,0.077303,2132.350538,371.940568,0,2048
1,growth,periodic2,1,4,published,10269993,1,1,0,2504.369231,2845.417044,2845.418554,2845.419696,260.265922,28.349742,42.284126,9.481108,432832764,862679412,0,441000192,441075200,0,441075200,949387520,0,2858.748573,2858.748145,354.379342,2135.61544,368.753791,441075200,2048
1,growth,periodic2,1,5,published,10274223,2,0,0,2858.749905,2859.384411,2859.385678,2859.386194,0,0.00869999999986,0.02306,0.0413240000003,177660,0,0,441177856,0,0,0,508489984,0,2859.394407,2859.386194,0.644502,2138.567338,720.182567,0,2048
1,growth,periodic2,1,6,published,10279473,1,1,0,2859.39577,3218.778327,3218.779584,3218.780275,256.556675,30.544627,62.829256,9.397289,431958366,863475732,0,441000192,441177856,0,441177856,949490176,0,3232.072029,3232.07188,372.676259,2141.67065,717.72512,441177856,2048
1,shadow,size_tiered,1,1,published,9466817,2,0,0,3472.527414,3472.814262,3472.81771,3472.819678,0,0.0372990000001,0.0471400000001,0.12903,228900,0,441000192,229120,0,0,0,508541440,3494.752894,3518.664304,3472.819678,46.13689,3472.512806,0.014608,0,2048
1,shadow,size_tiered,1,2,published,10232664,2,1,0,3475.598599,3508.275848,3508.277377,3508.279273,18.662843,6.480015,5.43829,1.465481,64560048,64788948,0,473394688,229120,0,229120,540935936,0,3508.279205,3508.279273,32.680674,3475.587022,0.0115769999998,229120,2048
1,shadow,size_tiered,1,3,published,10234444,3,0,0,3509.381076,3510.002094,3510.002976,3510.003372,0,0.00404700000036,0.0067939999999,0.027165,74760,0,0,473469696,0,0,0,540781824,0,3510.003308,3510.003372,0.622296,3478.386309,30.994767,0,2048
1,shadow,size_tiered,1,4,published,10269993,3,1,0,3511.116277,3513.46114,3513.461819,3513.463307,0.831236,0.185606,0.261758,0.171759,3060876,3135636,0,474962688,75008,0,75008,542349824,0,3513.463244,3513.463307,2.34703,3481.52012,29.596157,75008,2048
1,shadow,size_tiered,1,5,published,10274223,4,0,0,3514.556804,3515.173041,3515.17372,3515.174407,0,0.00893499999984,0.0154900000002,0.0318150000003,177660,0,0,475140352,0,0,0,542452480,0,3515.174354,3515.174407,0.617603,3484.479152,30.077652,0,2048
1,shadow,size_tiered,1,6,published,10279473,4,1,0,3516.280293,3518.038589,3518.039282,3518.04069,0.196027,0.0313630000001,0.0343039999998,0.0787280000004,618660,796320,0,475361024,177664,0,177664,542850816,0,3518.040636,3518.04069,1.760397,3487.555908,28.724385,177664,2048
1,growth,size_tiered,1,1,published,9466817,2,0,0,3616.722832,3616.927242,3616.929973,3616.932173,0,0.036791,0.0392940000002,0.090134,228900,0,441000192,229120,0,0,0,508541440,3617.024718,3617.025555,3616.932173,0.302723,3616.703803,0.019029,0,2048
1,growth,size_tiered,1,2,published,10232664,2,1,0,3619.789336,3646.524259,3646.52534,3646.525988,13.858216,5.790488,5.546446,1.490774,64560048,64788948,0,473394688,229120,0,229120,540935936,3638.975574,3646.533247,3646.533165,26.743911,3619.778188,0.011148,229120,2048
1,growth,size_tiered,1,3,published,10234444,3,0,0,3646.534469,3646.582758,3646.583206,3646.583446,0,0.00315299999966,0.00610600000073,0.0305750000002,74760,0,0,473469696,0,0,0,540781824,0,3646.589108,3646.583446,0.054639,3622.542875,23.991594,0,2048
1,growth,size_tiered,1,4,published,10269993,3,1,0,3646.590186,3648.054714,3648.055437,3648.056063,0.826806,0.18483,0.250294999999,0.170052,3060876,3135636,0,474962688,75008,0,75008,542349824,0,3648.063078,3648.062991,1.472892,3625.754402,20.835784,75008,2048
1,growth,size_tiered,1,5,published,10274223,4,0,0,3648.063716,3648.127237,3648.127701,3648.127872,0,0.00829500000009,0.0146379999996,0.0326169999998,177660,0,0,475140352,0,0,0,542452480,0,3648.133603,3648.127872,0.0698870000001,3628.626009,19.437707,0,2048
1,growth,size_tiered,1,6,published,10279473,4,1,0,3648.136734,3648.486855,3648.487357,3648.487759,0.190605,0.0310050000003,0.0336580000003,0.077718,618660,796320,0,475361024,177664,0,177664,542850816,0,3648.494285,3648.49421,0.357551,3631.68351,16.453224,177664,2048
1,shadow,compact,1,1,published,9466817,1,1,0,3866.358124,4168.011691,4168.013382,4168.013735,228.144052,26.129314,38.130678,8.844562,397835214,795212628,0,441000192,441000192,0,441000192,949312512,3888.414907,5950.131387,5950.129693,2083.773263,3866.345681,0.0124430000001,441000192,2048
1,shadow,compact,1,2,published,10232664,1,1,0,4168.022594,4512.743494,4512.744981,4525.34266,258.768534,30.110804,44.74863,10.09662,461937462,859543776,0,441000192,441000192,0,441000192,1390312704,0,4525.342416,4525.34266,357.320066,3869.429637,298.592957,882000384,2048
1,shadow,compact,1,3,published,10234444,1,1,0,4525.358277,4861.119759,4861.120932,4877.240841,257.112225,28.058078,41.156976,9.377621,429921408,859693296,0,441000192,441000192,0,441000192,1390312704,0,4877.240532,4877.240841,351.882564,3872.22258,653.135697,882000384,2048
1,shadow,compact,1,4,published,10269993,1,1,0,4877.266171,5244.451341,5244.452527,5257.847155,287.371906,28.188968,42.054343,9.496856,432832764,862679412,0,441000192,441000192,0,441000192,1390312704,0,5257.846948,5257.847155,380.580984,3875.323588,1001.942583,882000384,2048
1,shadow,compact,1,5,published,10274223,1,1,0,5257.862748,5592.808834,5592.809746,5606.339092,256.099736,28.152207,41.209414,9.431746,431695026,863034732,0,441000192,441000192,0,441000192,1390312704,0,5606.338869,5606.339092,348.476344,3878.101223,1379.761525,882000384,2048
1,shadow,compact,1,6,published,10279473,1,1,0,5606.36033,5936.458032,5936.458871,5950.054537,250.792665,28.161515,41.653516,9.435394,431958366,863475732,0,441000192,441000192,0,441000192,1390312704,0,5950.054333,5950.054537,343.694207,3881.156316,1725.204014,882000384,2048
1,growth,compact,1,1,published,9466817,1,1,0,6102.444203,6406.013879,6406.015092,6406.015467,230.956644,26.04421,37.698477,8.791485,397835214,795212628,0,441000192,441000192,0,441000192,949312512,6124.393601,6406.023526,6406.022937,303.579323,6102.428164,0.0160390000001,441000192,2048
1,growth,compact,1,2,published,10232664,1,1,0,6406.024926,6746.335455,6746.336709,6746.337481,255.42675,30.125972,44.602541,10.095235,461937462,859543776,0,441000192,441000192,0,441000192,949312512,0,6758.771833,6746.345121,352.746907,6105.49989,300.525036,441000192,2048
1,growth,compact,1,3,published,10234444,1,1,0,6758.773887,7091.375128,7091.376163,7091.377418,254.354283,28.074036,40.705414,9.406713,429921408,859693296,0,441000192,441000192,0,441000192,949312512,0,7104.741465,7091.385453,345.967578,6108.292128,650.481759,441000192,2048
1,growth,compact,1,4,published,10269993,1,1,0,7104.743834,7444.306826,7444.307959,7444.308333,259.943171,28.184667,41.88205,9.49447999999,432832764,862679412,0,441000192,441000192,0,441000192,949312512,0,7458.243319,7444.31551,353.499485,6111.333995,993.409839,441000192,2048
1,growth,compact,1,5,published,10274223,1,1,0,7458.245203,7791.555891,7791.557273,7791.55778,254.844293,28.148017,40.824153,9.4355,431695026,863034732,0,441000192,441000192,0,441000192,949312512,0,7805.007123,7791.565263,346.76192,6114.179007,1344.066196,441000192,2048
1,growth,compact,1,6,published,10279473,1,1,0,7805.009996,8133.403988,8133.406211,8133.407315,248.803215,28.299097,41.750222,9.468782,431958366,863475732,0,441000192,441000192,0,441000192,949312512,0,8147.825687,8133.415386,342.815691,6117.211091,1687.798905,441000192,2048
1,shadow,all_delta,1,1,published,9466817,2,0,0,8488.911205,8489.332468,8489.336308,8489.338791,0,0.0372989999996,0.190483999999,0.113712,228900,0,441000192,229120,0,0,0,508541440,8511.110591,8511.116199,8489.338791,22.204994,8488.896665,0.0145400000001,0,2048
1,shadow,all_delta,1,2,published,10232664,3,0,0,8492.012599,8507.580745,8507.582061,8507.583135,0,3.708544,11.090686,0.744864,32165574,0,441000192,32394752,0,0,0,540707072,0,8507.58299,8507.583135,15.570536,8492.002806,0.00979299999926,0,2048
1,shadow,all_delta,1,3,published,10234444,4,0,0,8507.590628,8507.670947,8507.671455,8507.672011,0,0.00388299999941,0.00677400000131,0.0596860000023,74760,0,441000192,32469760,0,0,0,540782080,0,8507.671955,8507.672011,0.0813830000006,8494.782679,12.807949,0,2048
1,shadow,all_delta,1,4,published,10269993,5,0,0,8507.678559,8508.420038,8508.420965,8508.421879,0,0.0938630000001,0.533766,0.0987179999993,1493058,0,441000192,33963008,0,0,0,542275328,0,8508.42181,8508.421879,0.74332,8497.8239,9.854659,0,2048
1,shadow,all_delta,1,5,published,10274223,6,0,0,8508.42868,8508.535752,8508.536595,8508.537121,0,0.00920000000042,0.0553650000002,0.032650000001,177660,0,441000192,34140672,0,0,0,542452992,0,8508.537063,8508.537121,0.108440999998,8500.647637,7.781043,0,2048
1,shadow,all_delta,1,6,published,10279473,7,0,0,8508.544494,8508.682892,8508.683794,8508.684338,0,0.0103460000009,0.0658789999998,0.0535959999979,220500,0,441000192,34361344,0,0,0,542673664,0,8508.684285,8508.684338,0.139843999999,8503.712948,4.831546,0,2048
1,growth,all_delta,1,1,published,9466817,2,0,0,8604.868268,8605.794802,8605.79678,8605.798453,0,0.0362609999993,0.0372820000011,0.0866110000024,228900,0,441000192,229120,0,0,0,508541440,8605.927862,8605.929593,8605.798453,1.061325,8604.855253,0.0130150000005,0,2048
1,growth,all_delta,1,2,published,10232664,3,0,0,8607.920531,8615.337137,8615.338192,8615.339075,0,3.819202,2.748781,0.747722999999,32165574,0,441229312,32165632,0,0,0,540707072,8615.402989,8615.403468,8615.339075,7.482937,8607.909091,0.0114400000002,0,2048
1,growth,all_delta,1,3,published,10234444,4,0,0,8615.34729,8615.409175,8615.410012,8615.410672,0,0.00325800000064,0.00632899999982,0.0420210000011,74760,0,473394944,75008,0,0,0,540782080,8615.448214,8615.448859,8615.410672,0.101569,8610.707239,4.640051,0,2048
1,growth,all_delta,1,4,published,10269993,5,0,0,8615.435008,8615.76746,8615.768342,8615.769286,0,0.0907920000009,0.136208000002,0.086358999999,1493058,0,473469952,1493248,0,0,0,542275328,8615.784221,8615.784941,8615.769286,0.349933,8613.962497,1.472511,0,2048
1,growth,all_delta,1,5,published,10274223,6,0,0,8617.174201,8617.272439,8617.273231,8617.274482,0,0.00917899999877,0.0152579999994,0.058516000001,177660,0,474963200,177664,0,0,0,542452992,8617.358704,8617.359628,8617.274482,0.185427,8617.166583,0.00761799999964,0,2048
1,growth,all_delta,1,6,published,10279473,7,0,0,8620.769903,8620.864759,8620.865659,8620.866726,0,0.010816,0.0182320000004,0.0518890000003,220500,0,475140864,220672,0,0,0,542673664,8620.94587,8620.94662,8620.866726,0.176717,8620.762586,0.0073169999996,0,2048
1,shadow,periodic2,8,1,published,9466817,2,0,0,8941.405268,8941.698215,8941.702051,8941.704856,0,0.0374499999998,0.0429399999994,0.114462,228900,0,441000192,229120,0,0,0,508541440,9048.427804,9987.471132,8941.704856,1046.065864,8941.389389,0.0158790000005,0,2048
1,shadow,periodic2,8,2,published,10232664,1,1,0,8955.854718,9288.849133,9288.850835,9288.852947,245.39212,33.143139,44.273079,10.097492,461937462,859543776,0,441000192,441229312,0,441229312,949541632,0,9288.85282,9987.469468,1031.61475,8955.839571,0.0151470000001,441229312,2048
1,shadow,periodic2,8,3,published,10234444,2,0,0,9288.86196,9288.91259,9288.913184,9288.913528,0,0.00375399999939,0.00608699999975,0.0310250000002,74760,0,0,441075200,0,0,0,949387520,0,9288.913469,9288.913528,0.051567999999,8970.260125,318.601835,441000192,2048
1,shadow,periodic2,8,4,published,10269993,1,1,0,9288.919862,9622.369734,9622.370985,9636.632903,252.641673,28.237254,42.656091,9.46174700001,432832764,862679412,0,441000192,441075200,0,441075200,1390387712,0,9636.632686,9636.632903,347.713041,8984.593866,304.325996,882075392,2048
1,shadow,periodic2,8,5,published,10274223,2,0,0,9636.653648,9636.75275,9636.753499,9636.754037,0,0.0101739999991,0.0353230000001,0.0417450000004,177660,0,0,441177856,0,0,0,949490176,0,9636.753977,9636.754037,0.100389000001,8998.787662,637.865986,441000192,2048
1,shadow,periodic2,8,6,published,10279473,1,1,0,9636.761136,9973.849723,9973.851126,9987.332916,257.840744,28.188476,41.557624,9.437704,431958366,863475732,0,441000192,441177856,0,441177856,1390490368,0,9987.332729,9987.332916,350.57178,9012.977764,623.783372,882178048,2048
1,growth,periodic2,8,1,published,9466817,2,0,0,10089.7956,10090.01556,10090.01775,10090.019219,0,0.0374069999998,0.0353279999999,0.0949519999995,228900,0,441000192,229120,0,0,0,508541440,10090.217877,10090.220139,10090.019219,0.424539,10089.782884,0.0127159999993,0,2048
1,growth,periodic2,8,2,published,10232664,1,1,0,10104.24171,10431.798225,10431.800639,10431.801344,240.878335,33.025541,43.498985,10.090284,461937462,859543776,0,441000192,441229312,0,441229312,949541632,10197.512319,10431.811249,10431.81109,327.569539,10104.231207,0.0105029999995,441229312,2048
1,growth,periodic2,8,3,published,10234444,2,0,0,10431.813079,10431.939048,10431.939484,10431.939678,0,0.00309600000037,0.00649499999963,0.106698,74760,0,0,441075200,0,0,0,508387328,0,10431.945499,10431.939678,0.13242,10118.715299,313.09778,0,2048
1,growth,periodic2,8,4,published,10269993,1,1,0,10431.946275,10794.399818,10794.402487,10794.403366,265.940301,38.187687,47.949626,10.28537,432832764,862679412,0,441000192,441075200,0,441075200,949387520,0,10813.802674,10813.802255,381.856399,10133.132427,298.813848,441075200,2048
1,growth,periodic2,8,5,published,10274223,2,0,0,10813.804565,10813.909919,10813.911132,10813.912324,0,0.0108810000002,0.020139000002,0.0479899999991,177660,0,0,441177856,0,0,0,508489984,0,10813.920311,10813.912324,0.115745999999,10147.474149,666.330416,0,2048
1,growth,periodic2,8,6,published,10279473,1,1,0,10813.922179,11211.220371,11211.223463,11211.224557,304.022223,36.245548,46.754912,10.188554,431958366,863475732,0,441000192,441177856,0,441177856,949490176,0,11228.177377,11228.17717,414.255198,10161.780771,652.141408,441177856,2048
1,shadow,size_tiered,8,1,published,9466817,2,0,0,11595.779861,11596.033758,11596.035932,11596.037208,0,0.0462930000012,0.0689679999978,0.0894449999996,228900,0,441000192,229120,0,0,0,508541440,11702.423679,11702.432353,11596.037208,106.652492,11595.766838,0.0130230000013,0,2048
1,shadow,size_tiered,8,2,published,10232664,2,1,0,11610.067877,11632.508972,11632.510035,11632.511765,8.370737,7.141154,5.356749,1.527105,64560048,64788948,441000192,32394496,229120,0,229120,540935936,0,11632.511677,11632.511765,22.443888,11610.057349,0.0105279999989,229120,2048
1,shadow,size_tiered,8,3,published,10234444,3,0,0,11632.521626,11632.617296,11632.617797,11632.618171,0,0.00506499999938,0.0253620000003,0.0565200000001,74760,0,441000192,32469504,0,0,0,540781824,0,11632.618116,11632.618171,0.0965450000003,11624.371385,8.150241,0,2048
1,shadow,size_tiered,8,4,published,10269993,3,1,0,11638.618012,11639.586983,11639.587947,11639.589636,0.273163,0.203089999999,0.253064000002,0.197258999999,3060876,3135636,441000192,33962496,75008,0,75008,542349824,0,11639.589518,11639.589636,0.971624,11638.609142,0.00887000000148,75008,2048
1,shadow,size_tiered,8,5,published,10274223,4,0,0,11652.819112,11652.942947,11652.943796,11652.944622,0,0.0142240000005,0.0332699999999,0.0588690000022,177660,0,441000192,34140160,0,0,0,542452480,0,11652.94448,11652.944622,0.125510000002,11652.80809,0.0110219999988,0,2048
1,shadow,size_tiered,8,6,published,10279473,4,1,0,11666.961843,11667.549605,11667.55117,11667.555411,0.104477999999,0.108154000001,0.112474999998,0.204062999999,618660,796320,441000192,34360832,177664,0,177664,542850816,0,11667.555213,11667.555411,0.593568,11666.950312,0.0115309999983,177664,2048
1,growth,size_tiered,8,1,published,9466817,2,0,0,11787.23612,11787.440496,11787.44218,11787.443368,0,0.0367540000007,0.0383940000011,0.0939750000016,228900,0,441000192,229120,0,0,0,508541440,11787.64398,11787.646417,11787.443368,0.410297,11787.223763,0.0123569999996,0,2048
1,growth,size_tiered,8,2,published,10232664,2,1,0,11801.607943,11820.560886,11820.561838,11820.563099,4.015777,7.289158,5.018569,1.513937,64560048,64788948,441000192,32394496,229120,229120,0,540935936,11821.221329,11821.227319,11821.226907,19.619376,11801.595969,0.0119740000009,0,2048
1,growth,size_tiered,8,3,published,10234444,3,0,0,11821.119791,11822.221187,11822.221909,11822.22222,0,0.00311399999919,0.00427499999751,0.0566999999992,74760,0,0,473469696,0,0,0,540781824,11822.213619,11822.785892,11822.22222,1.666101,11816.006286,5.113505,0,2048
1,growth,size_tiered,8,4,published,10269993,3,1,0,11832.25871,11836.366248,11836.367057,11836.368139,0.251665,0.311994000002,0.327471000001,0.288893000003,3060876,3135636,473394688,1568000,75008,75008,0,542349824,11836.526434,11836.994248,11836.993894,4.735538,11832.248749,0.00996099999975,0,2048
1,growth,size_tiered,8,5,published,10274223,4,0,0,11849.516275,11849.622314,11849.622958,11849.623749,0,0.0140179999999,0.0180779999992,0.0569490000016,177660,0,474962688,177664,0,0,0,542452480,11849.731016,11849.73336,11849.623749,0.217085,11849.506413,0.00986200000079,0,2048
1,growth,size_tiered,8,6,published,10279473,4,1,0,11866.923655,11867.4824,11867.483723,11867.486623,0.0983049999995,0.105419000001,0.0885560000024,0.208262000002,618660,796320,474962688,398336,177664,177664,0,542850816,11867.523945,11867.528621,11867.528242,0.604965999999,11866.911638,0.0120170000009,0,2048
1,shadow,compact,8,1,published,9466817,1,1,0,12194.961262,12496.346754,12496.348921,12496.349815,227.739858,25.997485,38.349012,8.75848500001,397835214,795212628,0,441000192,441000192,0,441000192,949312512,12301.390904,14186.187131,14186.185836,1991.225869,12194.949994,0.0112680000002,441000192,2048
1,shadow,compact,8,2,published,10232664,1,1,0,12496.37575,12832.277608,12832.279787,12845.786871,251.0804,30.145151,44.510077,10.097378,461937462,859543776,0,441000192,441000192,0,441000192,1390312704,0,12845.786619,12845.786871,349.411121,12209.175793,287.199957,882000384,2048
1,shadow,compact,8,3,published,10234444,1,1,0,12845.804946,13172.396979,13172.399007,13186.424067,247.569626,28.1096,40.950417,9.391659,429921408,859693296,0,441000192,441000192,0,441000192,1390312704,0,13186.423815,13186.424067,340.619121,12223.386537,622.418409,882000384,2048
1,shadow,compact,8,4,published,10269993,1,1,0,13186.482082,13512.397031,13512.40621,13526.186847,249.088034,28.188552,38.58976,9.539677,432832764,862679412,0,441000192,441000192,0,441000192,1390312704,0,13526.186569,13526.186847,339.704765,12237.574967,948.907115,882000384,2048
1,shadow,compact,8,5,published,10274223,1,1,0,13526.209452,13841.521568,13841.52284,13855.395996,239.574851,28.143748,38.074754,9.457202,431695026,863034732,0,441000192,441000192,0,441000192,1390312704,0,13855.395729,13855.395996,329.186544,12251.749297,1274.460155,882000384,2048
1,shadow,compact,8,6,published,10279473,1,1,0,13855.422157,14172.421523,14172.422931,14186.090005,240.800928,28.154892,38.490523,9.498348,431958366,863475732,0,441000192,441000192,0,441000192,1390312704,0,14186.089782,14186.090005,330.667848,12265.942189,1589.479968,882000384,2048
1,growth,compact,8,1,published,9466817,1,1,0,14329.80834,14630.864841,14630.867007,14630.868081,227.422893,26.015635,38.646074,8.82014,397835214,795212628,0,441000192,441000192,0,441000192,949312512,14436.42391,14630.877736,14630.87726,301.069396,14329.793836,0.0145039999989,441000192,2048
1,growth,compact,8,2,published,10232664,1,1,0,14630.879418,14974.688528,14974.69017,14974.691188,250.218972,30.429142,52.964582,10.126244,461937462,859543776,0,441000192,441000192,0,441000192,949312512,0,14987.437903,14974.699125,356.558485,14344.078866,286.800552,441000192,2048
1,growth,compact,8,3,published,10234444,1,1,0,14987.441618,15312.830195,15312.831124,15312.831832,246.767619,28.072389,41.111269,9.374684,429921408,859693296,0,441000192,441000192,0,441000192,949312512,0,15326.758218,15312.839784,339.3166,14358.364881,629.076737,441000192,2048
1,growth,compact,8,4,published,10269993,1,1,0,15326.761328,15655.192171,15655.193952,15655.194576,248.744458,28.18072,41.959891,9.48397899999,432832764,862679412,0,441000192,441000192,0,441000192,949312512,0,15669.784657,15655.202664,343.023329,14372.605319,954.156009,441000192,2048
1,growth,compact,8,5,published,10274223,1,1,0,15669.786932,16013.540508,16013.544344,16013.545648,247.670268,28.166567,54.845147,12.953975,431695026,863034732,0,441000192,441000192,0,441000192,949312512,0,16034.172744,16013.557904,364.385812,14386.827479,1282.959453,441000192,2048
1,growth,compact,8,6,published,10279473,1,1,0,16034.178682,16455.478213,16455.479794,16455.480714,321.970459,34.734147,50.114867,14.141916,431958366,863475732,0,441000192,441000192,0,441000192,949312512,0,16471.992698,16455.495248,437.814016,14401.012157,1633.166525,441000192,2048
1,shadow,all_delta,8,1,published,9466817,2,0,0,16777.662373,16777.967767,16777.97163,16777.973855,0,0.0370750000002,0.0371300000006,0.117333999995,228900,0,441000192,229120,0,0,0,508541440,16884.450768,16884.459464,16777.973855,106.797091,16777.646591,0.0157819999986,0,2048
1,shadow,all_delta,8,2,published,10232664,3,0,0,16791.939251,16799.860318,16799.861824,16799.863258,0,4.309471,2.824709,0.759943999998,32165574,0,441000192,32394752,0,0,0,540707072,0,16799.863104,16799.863258,7.924007,16791.926475,0.0127759999996,0,2048
1,shadow,all_delta,8,3,published,10234444,4,0,0,16806.351653,16806.418483,16806.419177,16806.419804,0,0.00337299999956,0.00671000000511,0.0457749999987,74760,0,441000192,32469760,0,0,0,540782080,0,16806.419724,16806.419804,0.0681509999995,16806.342972,0.00868100000298,0,2048
1,shadow,all_delta,8,4,published,10269993,5,0,0,16820.580188,16821.386568,16821.389235,16821.391815,0,0.277934000002,0.25647,0.237209000003,1493058,0,441000192,33963008,0,0,0,542275328,0,16821.391655,16821.391815,0.811626999999,16820.568436,0.0117519999985,0,2048
1,shadow,all_delta,8,5,published,10274223,6,0,0,16834.766323,16834.930256,16834.932351,16834.934291,0,0.0283909999998,0.0293980000024,0.078802,177660,0,441000192,34140672,0,0,0,542452992,0,16834.934107,16834.934291,0.167968000002,16834.753864,0.0124590000014,0,2048
1,shadow,all_delta,8,6,published,10279473,7,0,0,16848.969377,16849.144298,16849.14663,16849.149262,0,0.033575999998,0.0385330000026,0.0739179999982,220500,0,441000192,34361344,0,0,0,542673664,0,16849.149082,16849.149262,0.179884999998,16848.958691,0.0106860000014,0,2048
1,growth,all_delta,8,1,published,9466817,2,0,0,16969.329239,16969.518543,16969.520046,16969.521617,0,0.0372710000011,0.0367670000051,0.083636000003,228900,0,441000192,229120,0,0,0,508541440,16969.520894,16969.539158,16969.521617,0.209919000001,16969.317493,0.0117460000001,0,2048
1,growth,all_delta,8,2,published,10232664,3,0,0,16983.904582,16992.104497,16992.105332,16992.10605,0,4.479479,2.93467800001,0.763507,32165574,0,441229312,32165632,0,0,0,540707072,16992.726128,16992.729428,16992.10605,8.824846,16983.893709,0.0108729999993,0,2048
1,growth,all_delta,8,3,published,10234444,4,0,0,16999.522664,16999.591463,16999.591987,16999.592816,0,0.00334800000201,0.00711100000262,0.0477779999965,74760,0,473394944,75008,0,0,0,540782080,16999.737205,16999.739481,16999.592816,0.216817,16999.513502,0.00916199999847,0,2048
1,growth,all_delta,8,4,published,10269993,5,0,0,17016.864623,17017.774394,17017.776324,17017.779764,0,0.305473999997,0.297027000004,0.270610000003,1493058,0,473469952,1493248,0,0,0,542275328,17018.845573,17018.84939,17017.779764,1.984767,17016.852785,0.0118380000022,0,2048
1,growth,all_delta,8,5,published,10274223,6,0,0,17034.370335,17034.537307,17034.538967,17034.542715,0,0.0276789999989,0.0303039999999,0.079348999996,177660,0,474963200,177664,0,0,0,542452992,17034.586985,17034.588791,17034.542715,0.218455999999,17034.3584,0.0119349999986,0,2048
1,growth,all_delta,8,6,published,10279473,7,0,0,17051.837707,17052.020452,17052.022351,17052.025747,0,0.0344170000026,0.0363610000022,0.0847539999995,220500,0,475140864,220672,0,0,0,542673664,17052.061008,17052.06323,17052.025747,0.225523000001,17051.82677,0.0109369999991,0,2048
1,shadow,periodic2,64,1,published,9466817,2,0,0,18296.793975,18297.016811,18297.019182,18297.020731,0,0.0362569999998,0.0392279999978,0.100682000004,228900,0,441000192,229120,0,0,0,508541440,19215.548477,19636.39122,18297.020731,1339.597245,18296.779527,0.0144480000017,0,2048
1,shadow,periodic2,64,2,published,10232664,1,1,0,18421.977619,18882.338,18882.339796,18882.341965,365.567099,32.214075,51.908109,10.592784,461937462,859543776,0,441000192,441229312,441000192,229120,949541632,0,18882.341864,19636.389813,1214.412194,18421.950452,0.0271670000002,229120,2048
1,shadow,periodic2,64,3,published,10234444,2,0,0,18882.352069,18882.443851,18882.444215,18882.444658,0,0.00544699999955,0.0250939999969,0.0516759999991,74760,0,0,441075200,0,441000192,0,949387520,0,18882.444605,18882.444658,0.0925889999999,18543.957031,338.395038,0,2048
1,shadow,periodic2,64,4,published,10269993,1,1,0,18882.450814,19252.844759,19252.845802,19266.18546,288.854343,28.450275,43.41208,9.61109899999,432832764,862679412,0,441000192,441075200,0,441075200,1390387712,0,19266.185285,19266.18546,383.734646,18665.870405,216.580409,882075392,2048
1,shadow,periodic2,64,5,published,10274223,2,0,0,19266.207366,19266.295572,19266.296034,19266.29651,0,0.0108199999995,0.0279589999991,0.0354060000027,177660,0,0,441177856,0,0,0,949490176,0,19266.296452,19266.29651,0.0891440000014,18787.798047,478.409319,441000192,2048
1,shadow,periodic2,64,6,published,10279473,1,1,0,19266.307821,19621.294351,19621.295744,19635.925235,264.17252,28.204669,52.590251,9.434542,431958366,863475732,0,441000192,441177856,0,441177856,1390490368,0,19635.925056,19635.925235,369.617414,18910.529686,355.778135,882178048,2048
1,growth,periodic2,64,1,published,9466817,2,0,0,19794.240748,19794.461431,19794.463403,19794.465093,0,0.0373589999981,0.0461130000003,0.0927870000014,228900,0,441000192,229120,0,0,0,508541440,19799.275476,19799.355622,19794.465093,5.114874,19794.22468,0.0160680000008,0,2048
1,growth,periodic2,64,2,published,10232664,1,1,0,19917.005176,20341.630465,20341.631454,20341.632283,335.468462,32.887975,45.650021,10.550355,461937462,859543776,0,441000192,441229312,441229312,0,949541632,20344.55624,20344.641989,20344.641761,427.636813,19916.991447,0.0137289999984,0,2048
1,growth,periodic2,64,3,published,10234444,2,0,0,20341.643692,20341.726509,20341.726847,20341.727254,0,0.00390400000106,0.0057510000006,0.0601959999985,74760,0,0,441075200,0,441229312,0,949616640,0,20341.736579,20341.727254,0.0928869999989,20039.756411,301.887281,0,2048
1,growth,periodic2,64,4,published,10269993,1,1,0,20341.737431,20776.588073,20776.589016,20776.590148,334.634607,28.697401,58.91729,10.029003,432832764,862679412,0,441000192,441075200,441075200,0,949387520,20778.309328,20794.408601,20794.408405,452.67117,20162.458901,179.27853,0,2048
1,growth,periodic2,64,5,published,10274223,2,0,0,20776.597427,20776.701256,20776.701696,20776.702267,0,0.00941800000146,0.0330640000029,0.052125000002,177660,0,0,441177856,0,441075200,0,949565184,0,20776.708121,20776.702267,0.110693999999,20285.150373,491.447054,0,2048
1,growth,periodic2,64,6,published,10279473,1,1,0,20776.713254,21235.131523,21235.133081,21235.133828,361.113723,28.73045,58.982976,9.522215,431958366,863475732,0,441000192,441177856,0,441177856,949490176,20797.645683,21251.808979,21251.808736,475.095725,20419.984144,356.72911,441177856,2048
1,shadow,size_tiered,64,1,published,9466817,2,0,0,22481.02423,22481.270252,22481.27319,22481.27523,0,0.037352000003,0.0447239999994,0.102444000004,228900,0,441000192,229120,0,0,0,508541440,23396.427812,23396.457616,22481.27523,915.433386,22481.007978,0.0162519999976,0,2048
1,shadow,size_tiered,64,2,published,10232664,2,1,0,22603.040806,22629.001207,22629.002247,22629.004639,10.442335,7.117457,6.739165,1.60921999999,64560048,64788948,441000192,32394496,229120,0,229120,540935936,0,22629.004552,22629.004639,25.963833,22603.025583,0.0152230000022,229120,2048
1,shadow,size_tiered,64,3,published,10234444,3,0,0,22725.154309,22725.281433,22725.283622,22725.285742,0,0.0089310000003,0.0246599999991,0.0628649999999,74760,0,441000192,32469504,0,0,0,540781824,0,22725.285482,22725.285742,0.131432999999,22725.139509,0.0148000000008,0,2048
1,shadow,size_tiered,64,4,published,10269993,3,1,0,22847.149186,22849.445212,22849.446437,22849.448331,0.617553,0.627485000001,0.595016000003,0.392225,3060876,3135636,441000192,33962496,75008,0,75008,542349824,0,22849.44827,22849.448331,2.299145,22847.135853,0.013332999999,75008,2048
1,shadow,size_tiered,64,5,published,10274223,4,0,0,22969.12462,22969.318063,22969.320112,22969.322048,0,0.0275599999986,0.0557660000013,0.0820080000049,177660,0,441000192,34140160,0,0,0,542452480,0,22969.321868,22969.322048,0.197428000003,22969.112088,0.012531999997,0,2048
1,shadow,size_tiered,64,6,published,10279473,4,1,0,23091.121948,23092.769013,23092.770675,23092.775955,0.127209999999,0.110326000002,0.0898409999936,0.212161999996,618660,796320,441000192,34360832,177664,0,177664,542850816,0,23092.775773,23092.775955,1.654007,23091.108644,0.0133040000001,177664,2048
1,growth,size_tiered,64,1,published,9466817,2,0,0,23576.178207,23576.398716,23576.40094,23576.402418,0,0.0363550000002,0.0400549999977,0.0935269999973,228900,0,441000192,229120,0,0,0,508541440,23581.212358,23581.293548,23576.402418,5.115341,23576.163915,0.0142919999998,0,2048
1,growth,size_tiered,64,2,published,10232664,2,1,0,23698.901423,23716.705414,23716.706728,23716.707779,4.589563,6.119168,5.243537,1.538818,64560048,64788948,441000192,32394496,229120,229120,0,540935936,23719.361518,23719.445899,23719.445454,20.544476,23698.889097,0.012326,0,2048
1,growth,size_tiered,64,3,published,10234444,3,0,0,23840.407885,23844.58353,23844.585164,23844.587183,0,0.00963799999954,0.0129279999965,0.0647730000019,74760,0,473394688,75008,0,0,0,540781824,23846.164874,23846.260799,23844.587183,5.852914,23840.394632,0.013253000001,0,2048
1,growth,size_tiered,64,4,published,10269993,3,1,0,23985.669786,23987.512097,23987.513107,23987.514574,0.443845000002,0.465405999999,0.461734000008,0.409061999999,3060876,3135636,473394688,1568000,75008,75008,0,542349824,23991.442046,23991.540206,23991.53995,5.87042,23985.657185,0.0126009999985,0,2048
1,growth,size_tiered,64,5,published,10274223,4,0,0,24131.651229,24131.824514,24131.825985,24131.82847,0,0.0276049999993,0.040095999997,0.0752660000035,177660,0,474962688,177664,0,0,0,542452480,24137.442874,24137.540795,24131.82847,5.889566,24131.638258,0.0129710000001,0,2048
1,growth,size_tiered,64,6,published,10279473,4,1,0,24278.32794,24278.90521,24278.906595,24278.909762,0.102374000002,0.105083000006,0.0958420000024,0.215883000001,618660,796320,474962688,398336,177664,177664,0,542850816,24284.136495,24284.23776,24284.237421,5.90982,24278.314628,0.0133119999991,0,2048
1,shadow,compact,64,1,published,9466817,1,1,0,25877.404902,26209.590414,26209.592734,26209.593776,257.335047,25.946764,39.633027,9.158513,397835214,795212628,0,441000192,441000192,441000192,0,949312512,26793.407422,28122.174789,28122.173524,2244.769887,25877.391393,0.0135089999967,0,2048
1,shadow,compact,64,2,published,10232664,1,1,0,26209.60274,26580.913477,26580.914642,26595.12379,284.306334,30.086263,46.259873,10.594629,461937462,859543776,0,441000192,441000192,441000192,441000192,1390312704,0,26595.123546,26595.12379,385.52105,25999.374065,210.228675,441000192,2048
1,shadow,compact,64,3,published,10234444,1,1,0,26595.14264,26952.667029,26952.668208,26966.918276,275.44379,28.081321,44.533269,9.40633200001,429921408,859693296,0,441000192,441000192,0,441000192,1390312704,0,26966.917937,26966.918276,371.775636,26121.310063,473.832577,882000384,2048
1,shadow,compact,64,4,published,10269993,1,1,0,26966.936443,27355.361019,27355.361811,27369.281778,299.93226,28.367463,50.603214,9.462445,432832764,862679412,0,441000192,441000192,0,441000192,1390312704,0,27369.281552,27369.281778,402.345335,26243.959271,722.977172,882000384,2048
1,shadow,compact,64,5,published,10274223,1,1,0,27369.300064,27735.610532,27735.611393,27749.160115,284.078397,28.231306,44.471845,9.481309,431695026,863034732,0,441000192,441000192,0,441000192,1390312704,0,27749.159887,27749.160115,379.860051,26365.920835,1003.379229,882000384,2048
1,shadow,compact,64,6,published,10279473,1,1,0,27749.175639,28102.594898,28102.596755,28122.086189,258.602288,38.363122,44.987335,10.16098,431958366,863475732,0,441000192,441000192,0,441000192,1390312704,0,28122.08586,28122.086189,372.91055,26487.827263,1261.348376,882000384,2048
1,growth,compact,64,1,published,9466817,1,1,0,28281.068721,28745.664302,28745.666503,28745.668114,358.444933,33.535316,62.520136,9.92182699998,397835214,795212628,0,441000192,441000192,441000192,0,949312512,28747.103532,28747.116687,28747.116451,466.047966,28281.052323,0.0163979999998,0,2048
1,growth,compact,64,2,published,10232664,1,1,0,28745.678942,29209.774431,29209.776093,29209.777076,345.180644,39.104733,68.353277,11.371057,461937462,859543776,0,441000192,441000192,0,441000192,949312512,29198.766688,29227.200852,29209.787493,481.52191,28403.192824,342.486118,441000192,2048
1,growth,compact,64,3,published,10234444,1,1,0,29227.204733,29695.012341,29695.013992,29695.015378,370.9197,28.4951,58.85844,9.44530600001,429921408,859693296,0,441000192,441000192,0,441000192,949312512,0,29713.773477,29695.025497,486.568744,28525.249147,701.955586,441000192,2048
1,growth,compact,64,4,published,10269993,1,1,0,29713.779008,30162.654357,30162.657018,30162.65826,351.204551,28.676241,59.318022,9.59295299999,432832764,862679412,0,441000192,441000192,0,441000192,949312512,0,30178.396233,30162.667269,464.617225,28647.304922,1066.474086,441000192,2048
1,growth,compact,64,5,published,10274223,1,1,0,30178.398558,30637.113586,30637.115108,30637.11649,359.426949,29.251845,60.420504,9.54890799999,431695026,863034732,0,441000192,441000192,0,441000192,949312512,0,30653.498926,30637.125283,475.100368,28770.152511,1408.246047,441000192,2048
1,growth,compact,64,6,published,10279473,1,1,0,30653.502089,31103.096655,31103.098357,31103.099237,351.382807,28.721682,59.927708,9.48018799998,431958366,863475732,0,441000192,441000192,0,441000192,949312512,0,31118.099285,31103.106932,464.597196,28892.344574,1761.157515,441000192,2048
1,shadow,all_delta,64,1,published,9466817,2,0,0,32362.389704,32362.749121,32362.753106,32362.755237,0,0.0366030000005,0.0398180000047,0.125422000005,228900,0,441000192,229120,0,0,0,508541440,33277.607288,33277.633681,32362.755237,915.243977,32362.373832,0.0158719999999,0,2048
1,shadow,all_delta,64,2,published,10232664,3,0,0,32484.803986,32494.168636,32494.170144,32494.171484,0,5.086864,3.405541,0.840651000002,32165574,0,441000192,32394752,0,0,0,540707072,0,32494.171292,32494.171484,9.367498,32484.791047,0.0129390000002,0,2048
1,shadow,all_delta,64,3,published,10234444,4,0,0,32606.987453,32607.114267,32607.116354,32607.118247,0,0.0101680000007,0.0129770000021,0.0713680000008,74760,0,441000192,32469760,0,0,0,540782080,0,32607.118035,32607.118247,0.130793999997,32606.973866,0.0135870000013,0,2048
1,shadow,all_delta,64,4,published,10269993,5,0,0,32728.953991,32729.860593,32729.863543,32729.86633,0,0.304673999999,0.301295000001,0.262635999999,1493058,0,441000192,33963008,0,0,0,542275328,0,32729.866108,32729.86633,0.912339000002,32728.940762,0.0132290000001,0,2048
1,shadow,all_delta,64,5,published,10274223,6,0,0,32850.879674,32851.054707,32851.057968,32851.06162,0,0.0288520000031,0.0306250000067,0.0761219999986,177660,0,441000192,34140672,0,0,0,542452992,0,32851.061375,32851.06162,0.181945999997,32850.865393,0.0142810000034,0,2048
1,shadow,all_delta,64,6,published,10279473,7,0,0,32972.807764,32973.23058,32973.233876,32973.236186,0,0.0345349999989,0.0373430000036,0.0783929999889,220500,0,441000192,34361344,0,0,0,542673664,0,32973.235924,32973.236186,0.428422000005,32972.794294,0.0134699999981,0,2048
1,growth,all_delta,64,1,published,9466817,2,0,0,33416.215184,33416.43374,33416.436248,33416.437996,0,0.0364659999977,0.0372100000022,0.10108,228900,0,441000192,229120,0,0,0,508541440,33421.251124,33421.33476,33416.437996,5.119576,33416.201563,0.0136209999982,0,2048
1,growth,all_delta,64,2,published,10232664,3,0,0,33538.929284,33547.304762,33547.306975,33547.308664,0,4.209197,3.286981,0.831745999996,32165574,0,441229312,32165632,0,0,0,540707072,33551.722065,33551.804253,33547.308664,12.874969,33538.915845,0.0134389999948,0,2048
1,growth,all_delta,64,3,published,10234444,4,0,0,33682.363787,33682.49528,33682.497168,33682.500296,0,0.0106760000053,0.0128730000069,0.0735339999956,74760,0,473394944,75008,0,0,0,540782080,33688.135901,33688.232665,33682.500296,5.868878,33682.349291,0.0144960000034,0,2048
1,growth,all_delta,64,4,published,10269993,5,0,0,33828.959277,33829.871672,33829.874077,33829.877968,0,0.304875000002,0.299744999997,0.262565000005,1493058,0,473469952,1493248,0,0,0,542275328,33834.7713,33834.867747,33829.877968,5.90846999999,33828.94677,0.0125069999995,0,2048
1,growth,all_delta,64,5,published,10274223,6,0,0,33976.165506,33976.338847,33976.340711,33976.344513,0,0.0279760000049,0.0282339999831,0.0815199999997,177660,0,474963200,177664,0,0,0,542452992,33981.990731,33982.087892,33976.344513,5.92238600001,33976.15317,0.0123359999998,0,2048
1,growth,all_delta,64,6,published,10279473,7,0,0,34124.198558,34124.381502,34124.383824,34124.388809,0,0.0344600000026,0.0346900000004,0.0843699999969,220500,0,475140864,220672,0,0,0,542673664,34130.048654,34130.147828,34124.388809,5.94927,34124.186955,0.011602999999,0,2048
2,sequential,size_tiered,1,0,published,9461367,1,0,0,798.001021,884.28272,884.284848,884.285848,0,33.290648,43.2008,9.308073,397377414,0,0,441000192,0,0,0,508312320,0,884.285848,884.285848,86.284827,798.001021,0,0,1280
2,sequential,size_tiered,1,1,published,9466817,2,0,0,907.737707,907.832929,907.833813,907.834357,0,0.0155130000001,0.022888,0.043327,228900,0,0,441229312,0,0,0,508541440,907.718952,907.842051,907.834357,0.104344,907.737707,0,0,1280
2,sequential,size_tiered,1,2,published,10232664,2,1,0,931.258617,970.729054,970.730878,970.732021,24.768831,5.397628,7.580742,1.656842,64560048,64788948,0,473394688,229120,0,229120,540935936,931.243357,970.742415,970.742045,39.483798,931.258617,0,229120,1280
2,sequential,size_tiered,1,3,published,10234444,3,0,0,997.097754,997.151403,997.152437,997.152966,0,0.00552500000003,0.007341,0.028368,74760,0,0,473469696,0,0,0,540781824,997.080287,997.160114,997.152966,0.06236,997.097754,0,0,1280
2,sequential,size_tiered,1,4,published,10269993,3,1,0,1023.482254,1025.294341,1025.295845,1025.296874,1.035704,0.240343,0.283885,0.205775,3060876,3135636,0,474962688,75008,0,75008,542349824,1023.464883,1025.306084,1025.305717,1.82383,1023.482254,0,75008,1280
2,sequential,size_tiered,1,5,published,10274223,4,0,0,1051.786179,1051.866514,1051.86766,1051.868225,0,0.012289,0.0185879999999,0.0380600000001,177660,0,0,475140352,0,0,0,542452480,1051.769719,1051.875411,1051.868225,0.089232,1051.786179,0,0,1280
2,sequential,size_tiered,1,6,published,10279473,4,1,0,1078.411758,1078.857893,1078.858762,1078.859419,0.252963,0.042475,0.0415740000003,0.0839710000005,618660,796320,0,475361024,177664,0,177664,542850816,1078.398596,1078.867736,1078.867535,0.455978,1078.411758,0,177664,1280
2,sequential,compact,1,0,published,9461367,1,0,0,1106.967048,1192.65443,1192.655739,1192.656353,0,33.364719,42.99133,9.285726,397377414,0,0,441000192,0,0,0,508312320,0,1192.656353,1192.656353,85.689305,1106.967048,0,0,1280
2,sequential,compact,1,1,published_merge_deferred,9466817,2,0,1,1215.905786,1215.996495,1215.997228,1215.997778,0,0.0154749999999,0.0194979999999,0.041614,228900,0,0,441229312,0,0,0,508541440,1215.891832,1216.004951,1215.997778,0.0991649999999,1215.905786,0,0,1280
2,sequential,compact,1,2,published_merge_deferred,10232664,3,0,1,1239.316734,1246.194816,1246.196478,1246.197292,0,2.68495,3.376431,0.791843,32165574,0,0,473394944,0,0,0,540707072,1239.300328,1246.206801,1246.197292,6.890067,1239.316734,0,0,1280
2,sequential,compact,1,3,published_merge_deferred,10234444,4,0,1,1272.54886,1272.604763,1272.605925,1272.606398,0,0.00505399999997,0.00609699999995,0.0326950000001,74760,0,0,473469952,0,0,0,540782080,1272.535246,1272.61382,1272.606398,0.0649599999999,1272.54886,0,0,1280
2,sequential,compact,1,4,published_merge_deferred,10269993,5,0,1,1298.873486,1299.240278,1299.242109,1299.242606,0,0.117284,0.130319,0.0998390000002,1493058,0,0,474963200,0,0,0,542275328,1298.860096,1299.250381,1299.242606,0.376895,1298.873486,0,0,1280
2,sequential,compact,1,5,published_merge_deferred,10274223,6,0,1,1325.562187,1325.639271,1325.640652,1325.641125,0,0.0121900000001,0.0155880000002,0.0372649999997,177660,0,0,475140864,0,0,0,542452992,1325.548597,1325.648297,1325.641125,0.08611,1325.562187,0,0,1280
2,sequential,compact,1,6,published_merge_deferred,10279473,7,0,1,1352.130982,1352.216397,1352.217477,1352.217936,0,0.0143699999999,0.0195269999999,0.0394600000002,220500,0,0,475361536,0,0,0,542673664,1352.11717,1352.225942,1352.217936,0.0949600000001,1352.130982,0,0,1280
2,sequential,all_delta,1,0,published,9461367,1,0,0,1379.128159,1464.579086,1464.580135,1464.580758,0,33.328436,42.808893,9.271669,397377414,0,0,441000192,0,0,0,508312320,0,1464.580758,1464.580758,85.452599,1379.128159,0,0,1280
2,sequential,all_delta,1,1,published,9466817,2,0,0,1488.244252,1489.454153,1489.454912,1489.455443,0,0.0153969999999,0.0202349999997,0.042745,228900,0,0,441229312,0,0,0,508541440,1487.632921,1490.130099,1489.455443,1.885847,1488.244252,0,0,1280
2,sequential,all_delta,1,2,published,10232664,3,0,0,1513.496311,1520.328242,1520.329382,1520.330203,0,2.691073,3.33344,0.784428000001,32165574,0,0,473394944,0,0,0,540707072,1513.481761,1520.337418,1520.330203,6.841107,1513.496311,0,0,1280
2,sequential,all_delta,1,3,published,10234444,4,0,0,1546.591179,1546.646286,1546.647165,1546.647521,0,0.00506399999995,0.00633799999969,0.0328140000001,74760,0,0,473469952,0,0,0,540782080,1546.576271,1546.654703,1546.647521,0.0635239999999,1546.591179,0,0,1280
2,sequential,all_delta,1,4,published,10269993,5,0,0,1572.852548,1573.217731,1573.21883,1573.219469,0,0.117345,0.129887,0.0997560000001,1493058,0,0,474963200,0,0,0,542275328,1572.836629,1573.227626,1573.219469,0.375078,1572.852548,0,0,1280
2,sequential,all_delta,1,5,published,10274223,6,0,0,1599.458427,1599.533071,1599.53427,1599.534939,0,0.011735,0.0147549999999,0.0374469999999,177660,0,0,475140864,0,0,0,542452992,1599.44421,1599.542361,1599.534939,0.083934,1599.458427,0,0,1280
2,sequential,all_delta,1,6,published,10279473,7,0,0,1625.982914,1626.065531,1626.066922,1626.0675,0,0.014563,0.01828,0.0397339999997,220500,0,0,475361536,0,0,0,542673664,1625.969842,1626.074564,1626.0675,0.0916500000001,1625.982914,0,0,1280
2,sequential,periodic2,1,0,published,9461367,1,0,0,1652.824237,1738.49944,1738.50063,1738.501401,0,33.346792,42.647393,9.263838,397377414,0,0,441000192,0,0,0,508312320,0,1738.501401,1738.501401,85.677164,1652.824237,0,0,1280
2,sequential,periodic2,1,1,published,9466817,2,0,0,1799.117699,1799.297212,1799.299054,1799.300067,0,0.0364520000001,0.040483,0.0728150000002,228900,0,0,441229312,0,0,0,508541440,1761.705824,1799.317612,1799.300067,0.199913,1799.117699,0,0,1280
2,sequential,periodic2,1,2,published_merge_deferred,10232664,3,0,1,1823.072177,1829.913024,1829.914268,1829.914948,0,2.684475,3.343409,0.78699,32165574,0,0,473394944,0,0,0,540707072,1823.058638,1829.923829,1829.914948,6.851652,1823.072177,0,0,1280
2,sequential,periodic2,1,3,published,10234444,4,0,0,1856.200995,1856.256518,1856.257385,1856.257927,0,0.00479399999995,0.00628499999993,0.0331839999999,74760,0,0,473469952,0,0,0,540782080,1856.185919,1856.265367,1856.257927,0.064372,1856.200995,0,0,1280
2,sequential,periodic2,1,4,published_merge_deferred,10269993,5,0,1,1882.523857,1882.894986,1882.896724,1882.897552,0,0.117492,0.131826,0.0991169999998,1493058,0,0,474963200,0,0,0,542275328,1882.506657,1882.90551,1882.897552,0.381653,1882.523857,0,0,1280
2,sequential,periodic2,1,5,published,10274223,6,0,0,1909.201646,1909.276296,1909.277626,1909.278268,0,0.0119,0.013616,0.0385660000002,177660,0,0,475140864,0,0,0,542452992,1909.183854,1909.28564,1909.278268,0.0839940000001,1909.201646,0,0,1280
2,sequential,periodic2,1,6,published_merge_deferred,10279473,7,0,1,1935.779445,1935.862614,1935.863934,1935.864565,0,0.014631,0.0168490000001,0.0395919999999,220500,0,0,475361536,0,0,0,542673664,1935.765834,1935.871988,1935.864565,0.0925430000002,1935.779445,0,0,1280
2,sequential,size_tiered,8,0,published,9461367,1,0,0,1962.787132,2055.414357,2055.41569,2055.416438,0,33.395122,45.349797,13.789721,397377414,0,0,441000192,0,0,0,508312320,0,2055.416438,2055.416438,92.629306,1962.787132,0,0,1280
2,sequential,size_tiered,8,1,published,9466817,2,0,0,2071.934003,2072.079231,2072.080213,2072.080658,0,0.0249199999998,0.0572329999995,0.0463439999999,228900,0,0,441229312,0,0,0,508541440,2071.907818,2072.087701,2072.080658,0.153698,2071.934003,0,0,1280
2,sequential,size_tiered,8,2,published,10232664,2,1,0,2088.467634,2123.948437,2123.94994,2123.950481,21.871055,5.428505,6.558379,1.568762,64560048,64788948,0,473394688,229120,0,229120,540935936,2088.447466,2123.960084,2123.9597,35.49245,2088.467634,0,229120,1280
2,sequential,size_tiered,8,3,published,10234444,3,0,0,2143.201428,2143.283359,2143.28442,2143.284784,0,0.006304,0.0293649999999,0.032862,74760,0,0,473469696,0,0,0,540781824,2143.161419,2143.291841,2143.284784,0.0904130000004,2143.201428,0,0,1280
2,sequential,size_tiered,8,4,published,10269993,3,1,0,2163.496993,2165.450717,2165.452202,2165.452609,1.020023,0.258134,0.272927,0.199692,3060876,3135636,0,474962688,75008,0,75008,542349824,2162.421804,2165.463174,2165.462813,1.966181,2163.496993,0,75008,1280
2,sequential,size_tiered,8,5,published,10274223,4,0,0,2185.417525,2186.02855,2186.029586,2186.029951,0,0.0151679999999,0.0253470000002,0.0367849999993,177660,0,0,475140352,0,0,0,542452480,2184.691635,2187.128924,2186.029951,1.711399,2185.417525,0,0,1280
2,sequential,size_tiered,8,6,published,10279473,4,1,0,2206.480005,2206.935313,2206.93624,2206.936838,0.245806,0.0467669999998,0.0489029999994,0.0906819999996,618660,796320,0,475361024,177664,0,177664,542850816,2206.45879,2206.945425,2206.945216,0.46542,2206.480005,0,177664,1280
2,sequential,compact,8,0,published,9461367,1,0,0,2226.846011,2395.170788,2395.172017,2395.172765,0,37.574711,121.55093,9.154162,397377414,0,0,441000192,0,0,0,508312320,0,2395.172765,2395.172765,168.326754,2226.846011,0,0,1280
2,sequential,compact,8,1,published_merge_deferred,9466817,2,0,1,2411.475196,2411.564343,2411.56509,2411.565461,0,0.015218,0.0182710000004,0.0421690000003,228900,0,0,441229312,0,0,0,508541440,2411.455087,2411.572408,2411.565461,0.0972120000001,2411.475196,0,0,1280
2,sequential,compact,8,2,published_merge_deferred,10232664,3,0,1,2427.901967,2434.653735,2434.65474,2434.655154,0,2.698761,3.239931,0.789101999999,32165574,0,0,473394944,0,0,0,540707072,2427.882896,2434.662479,2434.655154,6.760512,2427.901967,0,0,1280
2,sequential,compact,8,3,published_merge_deferred,10234444,4,0,1,2453.841452,2453.897276,2453.897936,2453.898449,0,0.0054540000001,0.00552100000004,0.0327090000001,74760,0,0,473469952,0,0,0,540782080,2453.820596,2453.905777,2453.898449,0.0643249999998,2453.841452,0,0,1280
2,sequential,compact,8,4,published_merge_deferred,10269993,5,0,1,2473.288388,2473.657733,2473.660314,2473.661393,0,0.117435,0.125598,0.0987069999996,1493058,0,0,474963200,0,0,0,542275328,2473.255337,2473.669265,2473.661393,0.380877,2473.288388,0,0,1280
2,sequential,compact,8,5,published_merge_deferred,10274223,6,0,1,2493.092271,2493.167941,2493.169386,2493.170037,0,0.012005,0.0133740000001,0.037695,177660,0,0,475140864,0,0,0,542452992,2493.070464,2493.177235,2493.170037,0.0849640000001,2493.092271,0,0,1280
2,sequential,compact,8,6,published_merge_deferred,10279473,7,0,1,2512.604415,2512.688563,2512.68993,2512.690483,0,0.0148370000002,0.016036,0.041213,220500,0,0,475361536,0,0,0,542673664,2512.583751,2512.698134,2512.690483,0.0937190000004,2512.604415,0,0,1280
2,sequential,all_delta,8,0,published,9461367,1,0,0,2532.22965,2617.448843,2617.450129,2617.450682,0,33.335125,42.596455,9.251025,397377414,0,0,441000192,0,0,0,508312320,0,2617.450682,2617.450682,85.221032,2532.22965,0,0,1280
2,sequential,all_delta,8,1,published,9466817,2,0,0,2633.679848,2633.763842,2633.764564,2633.764905,0,0.0153749999999,0.0182130000003,0.0388300000004,228900,0,0,441229312,0,0,0,508541440,2633.660367,2633.772229,2633.764905,0.0923809999999,2633.679848,0,0,1280
2,sequential,all_delta,8,2,published,10232664,3,0,0,2650.088272,2656.982045,2656.983273,2656.983811,0,2.879823,3.205223,0.784642,32165574,0,0,473394944,0,0,0,540707072,2650.068667,2656.990875,2656.983811,6.902603,2650.088272,0,0,1280
2,sequential,all_delta,8,3,published,10234444,4,0,0,2676.164419,2676.221717,2676.222431,2676.222735,0,0.00476499999968,0.00552500000003,0.0367730000003,74760,0,0,473469952,0,0,0,540782080,2676.144779,2676.229661,2676.222735,0.0652419999997,2676.164419,0,0,1280
2,sequential,all_delta,8,4,published,10269993,5,0,0,2695.615659,2695.97843,2695.979704,2695.980502,0,0.119576,0.124683,0.0986739999998,1493058,0,0,474963200,0,0,0,542275328,2695.594672,2695.98802,2695.980502,0.372361,2695.615659,0,0,1280
2,sequential,all_delta,8,5,published,10274223,6,0,0,2715.39099,2715.464241,2715.465192,2715.465724,0,0.0120649999999,0.0133429999992,0.0372319999997,177660,0,0,475140864,0,0,0,542452992,2715.370991,2715.472734,2715.465724,0.0817440000001,2715.39099,0,0,1280
2,sequential,all_delta,8,6,published,10279473,7,0,0,2734.970899,2735.052121,2735.053172,2735.053683,0,0.0147870000001,0.0160730000002,0.0403100000008,220500,0,0,475361536,0,0,0,542673664,2734.950973,2735.060905,2735.053683,0.0900059999999,2734.970899,0,0,1280
2,sequential,periodic2,8,0,published,9461367,1,0,0,2754.610213,2840.818024,2840.819248,2840.819844,0,33.312905,42.62733,9.239753,397377414,0,0,441000192,0,0,0,508312320,0,2840.819844,2840.819844,86.209631,2754.610213,0,0,1280
2,sequential,periodic2,8,1,published,9466817,2,0,0,2857.716735,2857.808068,2857.808735,2857.809024,0,0.0192769999999,0.0182989999998,0.0410030000003,228900,0,0,441229312,0,0,0,508541440,2857.012451,2857.816797,2857.809024,0.100062,2857.716735,0,0,1280
2,sequential,periodic2,8,2,published_merge_deferred,10232664,3,0,1,2874.230296,2881.757327,2881.758688,2881.759089,0,2.686205,3.207435,0.780400000001,32165574,0,0,473394944,0,0,0,540707072,2874.091816,2882.348178,2881.759089,8.117882,2874.230296,0,0,1280
2,sequential,periodic2,8,3,published,10234444,4,0,0,2901.521295,2901.57173,2901.572554,2901.57285,0,0.00477200000023,0.00554499999998,0.0296560000002,74760,0,0,473469952,0,0,0,540782080,2901.501363,2901.580113,2901.57285,0.058818,2901.521295,0,0,1280
2,sequential,periodic2,8,4,published_merge_deferred,10269993,5,0,1,2921.107645,2921.73981,2921.742021,2921.742598,0,0.117312,0.123995,0.100401,1493058,0,0,474963200,0,0,0,542275328,2920.886435,2921.750628,2921.742598,0.642983,2921.107645,0,0,1280
2,sequential,periodic2,8,5,published,10274223,6,0,0,2941.77541,2941.848938,2941.850038,2941.850558,0,0.0118979999997,0.0130479999998,0.0373210000002,177660,0,0,475140864,0,0,0,542452992,2941.116305,2941.860671,2941.850558,0.0852609999997,2941.77541,0,0,1280
2,sequential,periodic2,8,6,published_merge_deferred,10279473,7,0,1,2961.475005,2961.604085,2961.605562,2961.606065,0,0.0144230000001,0.0161440000002,0.0405850000002,220500,0,0,475361536,0,0,0,542673664,2961.259361,2961.6498,2961.606065,0.174795,2961.475005,0,0,1280
2,sequential,size_tiered,64,0,published,9461367,1,0,0,2981.155984,3066.297839,3066.299336,3066.300037,0,33.314755,42.541068,9.246299,397377414,0,0,441000192,0,0,0,508312320,0,3066.300037,3066.300037,85.144053,2981.155984,0,0,1280
2,sequential,size_tiered,64,1,published,9466817,2,0,0,3081.710773,3081.80252,3081.80323,3081.803788,0,0.0192120000002,0.0181650000004,0.0424170000006,228900,0,0,441229312,0,0,0,508541440,3081.664396,3081.810878,3081.803788,0.100105,3081.710773,0,0,1280
2,sequential,size_tiered,64,2,published,10232664,2,1,0,3097.285921,3116.498882,3116.499989,3116.500495,5.780311,5.445777,6.370978,1.566498,64560048,64788948,0,473394688,229120,0,229120,540935936,3097.239957,3116.509968,3116.50969,19.224047,3097.285921,0,229120,1280
2,sequential,size_tiered,64,3,published,10234444,3,0,0,3134.789473,3134.845022,3134.845891,3134.846194,0,0.00545599999987,0.00605799999994,0.032393,74760,0,0,473469696,0,0,0,540781824,3134.740232,3134.853325,3134.846194,0.0638520000002,3134.789473,0,0,1280
2,sequential,size_tiered,64,4,published,10269993,3,1,0,3153.169132,3154.161914,3154.162891,3154.163299,0.248471,0.240577,0.265874,0.201269,3060876,3135636,0,474962688,75008,0,75008,542349824,3153.119937,3154.171908,3154.171749,1.002776,3153.169132,0,75008,1280
2,sequential,size_tiered,64,5,published,10274223,4,0,0,3172.580676,3172.656168,3172.656821,3172.657147,0,0.011966,0.0138229999998,0.0386549999998,177660,0,0,475140352,0,0,0,542452480,3172.531043,3172.664259,3172.657147,0.0835830000001,3172.580676,0,0,1280
2,sequential,size_tiered,64,6,published,10279473,4,1,0,3192.483754,3192.844641,3192.845606,3192.846086,0.106588,0.0434990000003,0.0978920000007,0.0883910000007,618660,796320,0,475361024,177664,0,177664,542850816,3192.414054,3192.854591,3192.854461,0.370837,3192.483754,0,177664,1280
2,sequential,compact,64,0,published,9461367,1,0,0,3211.458574,3348.805583,3348.806732,3348.807379,0,33.326104,94.80346,9.179003,397377414,0,0,441000192,0,0,0,508312320,0,3348.807379,3348.807379,137.348805,3211.458574,0,0,1280
2,sequential,compact,64,1,published_merge_deferred,9466817,2,0,1,3364.233007,3364.383307,3364.383932,3364.384307,0,0.0151530000003,0.0794950000004,0.040994,228900,0,0,441229312,0,0,0,508541440,3364.164684,3364.391892,3364.384307,0.158885,3364.233007,0,0,1280
2,sequential,compact,64,2,published_merge_deferred,10232664,3,0,1,3379.872698,3396.977194,3396.978432,3396.979127,0,3.093097,13.211094,0.775207,32165574,0,0,473394944,0,0,0,540707072,3379.827589,3396.986559,3396.979127,17.113861,3379.872698,0,0,1280
2,sequential,compact,64,3,published_merge_deferred,10234444,4,0,1,3415.332558,3415.388802,3415.389589,3415.389894,0,0.00471400000015,0.00538999999935,0.0330740000004,74760,0,0,473469952,0,0,0,540782080,3415.282232,3415.39721,3415.389894,0.064652,3415.332558,0,0,1280
2,sequential,compact,64,4,published_merge_deferred,10269993,5,0,1,3433.881064,3434.71614,3434.717318,3434.718101,0,0.117382,0.599583,0.0976780000001,1493058,0,0,474963200,0,0,0,542275328,3433.831819,3434.729806,3434.718101,0.848742,3433.881064,0,0,1280
2,sequential,compact,64,5,published_merge_deferred,10274223,6,0,1,3453.297724,3453.373589,3453.37456,3453.37495,0,0.0117359999999,0.0129660000002,0.0386549999998,177660,0,0,475140864,0,0,0,542452992,3453.247454,3453.382449,3453.37495,0.0847250000002,3453.297724,0,0,1280
2,sequential,compact,64,6,published_merge_deferred,10279473,7,0,1,3472.041257,3472.125455,3472.126508,3472.126915,0,0.0145649999999,0.0165059999999,0.0402130000002,220500,0,0,475361536,0,0,0,542673664,3471.991741,3472.134208,3472.126915,0.0929510000001,3472.041257,0,0,1280
2,sequential,all_delta,64,0,published,9461367,1,0,0,3490.88019,3576.742827,3576.74414,3576.744906,0,33.317303,42.524597,9.667848,397377414,0,0,441000192,0,0,0,508312320,0,3576.744906,3576.744906,85.864716,3490.88019,0,0,1280
2,sequential,all_delta,64,1,published,9466817,2,0,0,3592.770959,3592.854321,3592.855003,3592.855463,0,0.0150740000004,0.0174229999993,0.0394000000006,228900,0,0,441229312,0,0,0,508541440,3592.724826,3592.862433,3592.855463,0.0914739999998,3592.770959,0,0,1280
2,sequential,all_delta,64,2,published,10232664,3,0,0,3608.354551,3615.084418,3615.085416,3615.085834,0,2.68803,3.229851,0.789498,32165574,0,0,473394944,0,0,0,540707072,3608.307396,3615.093083,3615.085834,6.738532,3608.354551,0,0,1280
2,sequential,all_delta,64,3,published,10234444,4,0,0,3634.278733,3634.335476,3634.336182,3634.336415,0,0.00524500000029,0.00550500000008,0.0340889999998,74760,0,0,473469952,0,0,0,540782080,3633.389476,3634.343654,3634.336415,0.0649209999997,3634.278733,0,0,1280
2,sequential,all_delta,64,4,published,10269993,5,0,0,3652.836032,3653.189486,3653.190807,3653.191145,0,0.117302,0.124039,0.0960479999999,1493058,0,0,474963200,0,0,0,542275328,3652.784711,3653.198375,3653.191145,0.362343,3652.836032,0,0,1280
2,sequential,all_delta,64,5,published,10274223,6,0,0,3672.227542,3672.860029,3672.860935,3672.861401,0,0.0121679999997,0.0130600000002,0.0384920000001,177660,0,0,475140864,0,0,0,542452992,3671.705097,3673.972449,3672.861401,1.744907,3672.227542,0,0,1280
2,sequential,all_delta,64,6,published,10279473,7,0,0,3692.66522,3692.746596,3692.747621,3692.747949,0,0.0151000000001,0.016392,0.0392310000002,220500,0,0,475361536,0,0,0,542673664,3692.614961,3692.755134,3692.747949,0.0899140000001,3692.66522,0,0,1280
2,sequential,periodic2,64,0,published,9461367,1,0,0,3711.521486,3796.541719,3796.542685,3796.543255,0,33.344779,42.403807,9.239484,397377414,0,0,441000192,0,0,0,508312320,0,3796.543255,3796.543255,85.021769,3711.521486,0,0,1280
2,sequential,periodic2,64,1,published,9466817,2,0,0,3811.94499,3812.031808,3812.032418,3812.032711,0,0.0150389999999,0.0177119999998,0.0426940000002,228900,0,0,441229312,0,0,0,508541440,3811.89941,3812.039798,3812.032711,0.0948079999998,3811.94499,0,0,1280
2,sequential,periodic2,64,2,published_merge_deferred,10232664,3,0,1,3827.50792,3834.197245,3834.198112,3834.198554,0,2.682108,3.19533,0.787393,32165574,0,0,473394944,0,0,0,540707072,3827.462598,3834.205956,3834.198554,6.698036,3827.50792,0,0,1280
2,sequential,periodic2,64,3,published,10234444,4,0,0,3852.554905,3852.608915,3852.609488,3852.609752,0,0.00529200000028,0.00551700000051,0.0322660000002,74760,0,0,473469952,0,0,0,540782080,3852.506485,3852.616849,3852.609752,0.061944,3852.554905,0,0,1280
2,sequential,periodic2,64,4,published_merge_deferred,10269993,5,0,1,3871.096388,3871.455744,3871.456704,3871.457326,0,0.116832,0.124168,0.0995390000003,1493058,0,0,474963200,0,0,0,542275328,3871.048655,3871.464552,3871.457326,0.368164,3871.096388,0,0,1280
2,sequential,periodic2,64,5,published,10274223,6,0,0,3890.039305,3890.116368,3890.117082,3890.11753,0,0.0121770000001,0.0128890000001,0.0412059999999,177660,0,0,475140864,0,0,0,542452992,3889.989526,3890.12476,3890.11753,0.0854550000004,3890.039305,0,0,1280
2,sequential,periodic2,64,6,published_merge_deferred,10279473,7,0,1,3908.76243,3908.844829,3908.845734,3908.846056,0,0.0142719999999,0.0156600000005,0.0404619999999,220500,0,0,475361536,0,0,0,542673664,3908.709925,3908.85308,3908.846056,0.0906499999996,3908.76243,0,0,1280
2,sequential,size_tiered,1,0,published,9461367,1,0,0,906.470494,1040.460842,1040.463004,1040.464202,0,34.04696,79.689143,20.193218,397377414,0,0,441000192,0,0,0,508312320,0,1040.464202,1040.464202,133.993708,906.470494,0,0,2048
2,sequential,size_tiered,1,1,published,9466817,2,0,0,1066.020636,1066.164085,1066.164964,1066.165551,0,0.01586,0.0671429999998,0.0461200000002,228900,0,0,441229312,0,0,0,508541440,1066.001053,1066.173582,1066.165551,0.152946,1066.020636,0,0,2048
2,sequential,size_tiered,1,2,published,10232664,2,1,0,1091.762665,1141.82455,1141.82636,1141.827246,32.562595,5.428153,8.650448,3.337757,64560048,64788948,0,473394688,229120,0,229120,540935936,1091.747418,1141.83749,1141.837171,50.074825,1091.762665,0,229120,2048
2,sequential,size_tiered,1,3,published,10234444,3,0,0,1170.337562,1170.405354,1170.406263,1170.406815,0,0.00558899999987,0.0113509999996,0.0383730000001,74760,0,0,473469696,0,0,0,540781824,1170.320561,1170.415633,1170.406815,0.0780710000001,1170.337562,0,0,2048
2,sequential,size_tiered,1,4,published,10269993,3,1,0,1198.983529,1201.283857,1201.285461,1201.286566,1.347609,0.245891,0.42152,0.229191,3060876,3135636,0,474962688,75008,0,75008,542349824,1198.966418,1201.296718,1201.296406,2.313189,1198.983529,0,75008,2048
2,sequential,size_tiered,1,5,published,10274223,4,0,0,1229.955999,1230.05572,1230.056749,1230.057206,0,0.0150570000001,0.028926,0.0426450000002,177660,0,0,475140352,0,0,0,542452480,1229.938596,1230.064619,1230.057206,0.10862,1229.955999,0,0,2048
2,sequential,size_tiered,1,6,published,10279473,4,1,0,1258.764515,1259.326554,1259.328895,1259.3295,0.327148,0.0426030000001,0.058317,0.108606,618660,796320,0,475361024,177664,0,177664,542850816,1258.749728,1259.338199,1259.338075,0.573684,1258.764515,0,177664,2048
2,sequential,compact,1,0,published,9461367,1,0,0,1289.731415,1415.75358,1415.754984,1415.75555,0,33.974451,71.897283,20.104016,397377414,0,0,441000192,0,0,0,508312320,0,1415.75555,1415.75555,126.024135,1289.731415,0,0,2048
2,sequential,compact,1,1,published,9466817,1,1,0,1441.041032,1986.652543,1986.654067,1986.654538,414.859425,33.966828,77.143255,19.57607,397835214,795212628,0,441000192,441000192,0,441000192,949312512,1441.021743,1986.665489,1986.665272,545.624457,1441.041032,0,441000192,2048
2,sequential,compact,1,2,published,10232664,1,1,0,2015.942062,2663.843705,2663.844781,2663.845385,527.742386,38.712166,65.239737,16.134551,461937462,859543776,0,441000192,441000192,0,441000192,949312512,2015.901006,2679.919517,2663.855245,663.977455,2015.942062,0,441000192,2048
2,sequential,compact,1,3,published,10234444,1,1,0,2707.365313,3193.79437,3193.795552,3193.796577,342.97595,36.011412,92.819075,14.548163,429921408,859693296,0,441000192,441000192,0,441000192,949312512,2707.335155,3211.352424,3193.807123,503.987111,2707.365313,0,441000192,2048
2,sequential,compact,1,4,published,10269993,1,1,0,3238.908252,3680.039979,3680.041266,3680.042178,331.322659,36.308415,58.746202,14.686043,432832764,862679412,0,441000192,441000192,0,441000192,949312512,3238.884411,3697.416914,3680.052028,458.508662,3238.908252,0,441000192,2048
2,sequential,compact,1,5,published,10274223,1,1,0,3724.986107,4117.211077,4117.212421,4117.213464,300.423783,28.247742,49.101016,14.378355,431695026,863034732,0,441000192,441000192,0,441000192,949312512,3724.956718,4132.814512,4117.222632,407.828405,3724.986107,0,441000192,2048
2,sequential,compact,1,6,published,10279473,1,1,0,4159.661693,4569.701251,4569.702501,4569.703405,305.46831,28.212065,60.906493,15.394218,431958366,863475732,0,441000192,441000192,0,441000192,949312512,4159.63596,4586.012729,4569.711694,426.351036,4159.661693,0,441000192,2048
2,sequential,all_delta,1,0,published,9461367,1,0,0,4631.347863,4841.603135,4841.604497,4841.605126,0,30.54213,165.699771,13.975851,397377414,0,0,441000192,0,0,0,508312320,0,4841.605126,4841.605126,210.257263,4631.347863,0,0,2048
2,sequential,all_delta,1,1,published,9466817,2,0,0,4865.216632,4865.324556,4865.325098,4865.32536,0,0.0148199999994,0.0401069999998,0.0413489999992,228900,0,0,441229312,0,0,0,508541440,4865.198095,4865.332261,4865.32536,0.115629,4865.216632,0,0,2048
2,sequential,all_delta,1,2,published,10232664,3,0,0,4888.921901,4902.303191,4902.304381,4902.305035,0,2.461562,9.724823,1.171549,32165574,0,0,473394944,0,0,0,540707072,4888.905848,4902.311692,4902.305035,13.389791,4888.921901,0,0,2048
2,sequential,all_delta,1,3,published,10234444,4,0,0,4928.78621,4928.848172,4928.848785,4928.849251,0,0.00359300000036,0.00873599999977,0.0344450000011,74760,0,0,473469952,0,0,0,540782080,4928.76838,4928.858524,4928.849251,0.072314,4928.78621,0,0,2048
2,sequential,all_delta,1,4,published,10269993,5,0,0,4955.496748,4955.905403,4955.907145,4955.908173,0,0.0903609999996,0.200846000001,0.0994199999996,1493058,0,0,474963200,0,0,0,542275328,4955.482426,4955.914548,4955.908173,0.4178,4955.496748,0,0,2048
2,sequential,all_delta,1,5,published,10274223,6,0,0,4982.640088,4982.715741,4982.716674,4982.71717,0,0.00822400000015,0.0208760000014,0.037264999999,177660,0,0,475140864,0,0,0,542452992,4982.624465,4982.723669,4982.71717,0.0835809999999,4982.640088,0,0,2048
2,sequential,all_delta,1,6,published,10279473,7,0,0,5009.616038,5009.703169,5009.704066,5009.704452,0,0.0103509999999,0.0274529999997,0.0399470000011,220500,0,0,475361536,0,0,0,542673664,5009.600681,5009.710845,5009.704452,0.0948069999995,5009.616038,0,0,2048
2,sequential,periodic2,1,0,published,9461367,1,0,0,5036.845021,5129.824477,5129.825398,5129.825955,0,25.923253,52.919765,14.10062,397377414,0,0,441000192,0,0,0,508312320,0,5129.825955,5129.825955,92.980934,5036.845021,0,0,2048
2,sequential,periodic2,1,1,published,9466817,2,0,0,5153.48328,5153.572141,5153.572648,5153.572931,0,0.0116070000004,0.0267639999993,0.0403399999996,228900,0,0,441229312,0,0,0,508541440,5153.471027,5153.579103,5153.572931,0.0958229999997,5153.48328,0,0,2048
2,sequential,periodic2,1,2,published,10232664,1,1,0,5177.21883,5605.412889,5605.426232,5605.427439,327.709111,38.141338,50.745243,11.462284,461937462,859543776,0,441000192,441229312,0,441229312,949541632,5177.207865,5605.444932,5605.444739,428.226102,5177.21883,0,441229312,2048
2,sequential,periodic2,1,3,published,10234444,2,0,0,5631.926229,5632.532515,5632.533727,5632.534217,0,0.00519799999984,0.0107699999999,0.0326160000013,74760,0,0,441075200,0,0,0,508387328,5631.328438,5633.633185,5632.534217,1.706956,5631.926229,0,0,2048
2,sequential,periodic2,1,4,published,10269993,1,1,0,5659.734158,6109.705992,6109.708389,6109.709435,353.003809,36.355476,50.246681,10.281685,432832764,862679412,0,441000192,441075200,0,441075200,949387520,5659.697286,6127.785511,6127.785076,468.051353,5659.734158,0,441075200,2048
2,sequential,periodic2,1,5,published,10274223,2,0,0,6154.110536,6154.255708,6154.257095,6154.257925,0,0.0119970000005,0.0801420000007,0.038716,177660,0,0,441177856,0,0,0,508489984,6154.084243,6154.264958,6154.257925,0.154422,6154.110536,0,0,2048
2,sequential,periodic2,1,6,published,10279473,1,1,0,6180.489149,6584.629317,6584.631275,6584.632794,326.379776,29.182116,38.686899,9.516802,431958366,863475732,0,441000192,441177856,0,441177856,949490176,6180.471553,6598.443994,6598.443771,417.954845,6180.489149,0,441177856,2048
2,sequential,size_tiered,8,0,published,9461367,1,0,0,6642.687778,6714.891212,6714.892502,6714.893399,0,25.923402,36.829246,8.690205,397377414,0,0,441000192,0,0,0,508312320,0,6714.893399,6714.893399,72.205621,6642.687778,0,0,2048
2,sequential,size_tiered,8,1,published,9466817,2,0,0,6744.612325,6744.729727,6744.730805,6744.731415,0,0.0186010000007,0.0245079999995,0.0545730000003,228900,0,0,441229312,0,0,0,508541440,6731.415304,6744.740752,6744.731415,0.128427,6744.612325,0,0,2048
2,sequential,size_tiered,8,2,published,10232664,2,1,0,6761.145236,6790.853866,6790.85545,6790.855996,18.136816,4.206889,5.664031,1.476467,64560048,64788948,0,473394688,229120,0,229120,540935936,6760.947403,6790.867705,6790.867505,29.722469,6761.145236,0,229120,2048
2,sequential,size_tiered,8,3,published,10234444,3,0,0,6809.807399,6809.863252,6809.863995,6809.864329,0,0.00352500000008,0.00718500000039,0.0335780000005,74760,0,0,473469696,0,0,0,540781824,6809.786008,6809.870535,6809.864329,0.0631359999998,6809.807399,0,0,2048
2,sequential,size_tiered,8,4,published,10269993,3,1,0,6828.840286,6830.61049,6830.61151,6830.612003,1.049411,0.189433000001,0.314867000001,0.175074,3060876,3135636,0,474962688,75008,0,75008,542349824,6828.820275,6830.622984,6830.622642,1.782698,6828.840286,0,75008,2048
2,sequential,size_tiered,8,5,published,10274223,4,0,0,6849.73921,6849.821209,6849.822461,6849.822978,0,0.00889000000006,0.0213709999998,0.0403049999995,177660,0,0,475140352,0,0,0,542452480,6849.721798,6849.828581,6849.822978,0.089371,6849.73921,0,0,2048
2,sequential,size_tiered,8,6,published,10279473,4,1,0,6869.080863,6869.418325,6869.419187,6869.419787,0.166072,0.0317720000003,0.0365359999987,0.0823649999993,618660,796320,0,475361024,177664,0,177664,542850816,6869.063061,6869.42692,6869.42671,0.346057,6869.080863,0,177664,2048
2,sequential,compact,8,0,published,9461367,1,0,0,6888.730294,6965.653801,6965.654784,6965.655372,0,26.071067,41.81202,8.681172,397377414,0,0,441000192,0,0,0,508312320,0,6965.655372,6965.655372,76.925078,6888.730294,0,0,2048
2,sequential,compact,8,1,published,9466817,1,1,0,6981.719928,7407.555724,7407.55729,7407.558117,335.320729,26.134942,55.545977,8.759322,397835214,795212628,0,441000192,441000192,0,441000192,949312512,6981.701834,7407.567323,7407.566786,425.847395,6981.719928,0,441000192,2048
2,sequential,compact,8,2,published,10232664,1,1,0,7423.743749,7802.241054,7802.242541,7802.243208,278.39969,30.166121,59.707213,10.149569,461937462,859543776,0,441000192,441000192,0,441000192,949312512,7423.724219,7816.749742,7802.252168,393.005993,7423.743749,0,441000192,2048
2,sequential,compact,8,3,published,10234444,1,1,0,7835.662888,8291.036555,8291.037661,8291.038308,362.768275,28.372378,54.701262,9.477966,429921408,859693296,0,441000192,441000192,0,441000192,949312512,7835.635023,8308.627784,8291.046768,472.964896,7835.662888,0,441000192,2048
2,sequential,compact,8,4,published,10269993,1,1,0,8327.496108,8765.545584,8765.547163,8765.54787,344.713938,28.551691,55.11015,9.58898700001,432832764,862679412,0,441000192,441000192,0,441000192,949312512,8327.467565,8780.132745,8765.556339,452.636637,8327.496108,0,441000192,2048
2,sequential,compact,8,5,published,10274223,1,1,0,8799.126628,9232.617393,9232.618825,9232.619869,339.951352,28.478349,55.433611,9.55660599999,431695026,863034732,0,441000192,441000192,0,441000192,949312512,8799.091786,9247.495965,9232.63019,448.369337,8799.126628,0,441000192,2048
2,sequential,compact,8,6,published,10279473,1,1,0,9266.514868,9713.30367,9713.305128,9713.306128,352.503233,28.79608,55.79102,9.59846100001,431958366,863475732,0,441000192,441000192,0,441000192,949312512,9266.486478,9728.945405,9713.315037,462.430537,9266.514868,0,441000192,2048
2,sequential,all_delta,8,0,published,9461367,1,0,0,9767.248423,9953.429337,9953.43052,9953.431345,0,31.450878,145.869613,8.815481,397377414,0,0,441000192,0,0,0,508312320,0,9953.431345,9953.431345,186.182922,9767.248423,0,0,2048
2,sequential,all_delta,8,1,published,9466817,2,0,0,9969.672166,9969.794207,9969.794881,9969.795299,0,0.0170359999993,0.0527500000007,0.0405090000004,228900,0,0,441229312,0,0,0,508541440,9969.652558,9969.801565,9969.795299,0.129398999999,9969.672166,0,0,2048
2,sequential,all_delta,8,2,published,10232664,3,0,0,9985.959022,9992.991482,9992.992751,9992.99315,0,2.127079,4.13276,0.743401,32165574,0,0,473394944,0,0,0,540707072,9985.94275,9992.999075,9992.99315,7.040053,9985.959022,0,0,2048
2,sequential,all_delta,8,3,published,10234444,4,0,0,10012.01736,10012.08217,10012.08291,10012.083221,0,0.00327099999959,0.0106149999992,0.0417020000023,74760,0,0,473469952,0,0,0,540782080,10012.0004,10012.088687,10012.083221,0.0713269999997,10012.01736,0,0,2048
2,sequential,all_delta,8,4,published,10269993,5,0,0,10031.258856,10031.672895,10031.674461,10031.675186,0,0.105498000001,0.209045,0.0833780000012,1493058,0,0,474963200,0,0,0,542275328,10031.241296,10031.68104,10031.675186,0.422183999999,10031.258856,0,0,2048
2,sequential,all_delta,8,5,published,10274223,6,0,0,10050.957499,10051.037394,10051.038548,10051.039016,0,0.00862600000073,0.0274630000004,0.0338659999998,177660,0,0,475140864,0,0,0,542452992,10050.940326,10051.044626,10051.039016,0.0871270000007,10050.957499,0,0,2048
2,sequential,all_delta,8,6,published,10279473,7,0,0,10070.329021,10070.408244,10070.409281,10070.409725,0,0.0143709999993,0.0193569999992,0.0365329999986,220500,0,0,475361536,0,0,0,542673664,10070.311009,10070.415419,10070.409725,0.0863980000013,10070.329021,0,0,2048
2,sequential,periodic2,8,0,published,9461367,1,0,0,10089.792708,10173.530964,10173.531973,10173.53256,0,26.365375,48.610555,8.72255499999,397377414,0,0,441000192,0,0,0,508312320,0,10173.53256,10173.53256,83.739852,10089.792708,0,0,2048
2,sequential,periodic2,8,1,published,9466817,2,0,0,10189.583933,10189.670143,10189.670782,10189.671234,0,0.0109560000001,0.0213890000014,0.0448109999998,228900,0,0,441229312,0,0,0,508541440,10189.567927,10189.676638,10189.671234,0.0927050000009,10189.583933,0,0,2048
2,sequential,periodic2,8,2,published,10232664,1,1,0,10205.80886,10647.190235,10647.192121,10647.192809,349.478489,30.674474,50.993392,10.152708,461937462,859543776,0,441000192,441229312,0,441229312,949541632,10205.794143,10647.203259,10647.203097,441.394399,10205.80886,0,441229312,2048
2,sequential,periodic2,8,3,published,10234444,2,0,0,10666.051177,10666.100356,10666.100936,10666.101252,0,0.00311400000101,0.00606700000026,0.0275949999996,74760,0,0,441075200,0,0,0,508387328,10666.030488,10666.107478,10666.101252,0.0563010000005,10666.051177,0,0,2048
2,sequential,periodic2,8,4,published,10269993,1,1,0,10684.961636,11012.097948,11012.09941,11012.100141,250.58389,28.241911,38.708821,9.531111,432832764,862679412,0,441000192,441075200,0,441075200,949387520,10684.943053,11025.822186,11025.821935,340.86055,10684.961636,0,441075200,2048
2,sequential,periodic2,8,5,published,10274223,2,0,0,11044.719786,11044.790869,11044.79157,11044.791935,0,0.00882000000092,0.0163679999987,0.0351160000009,177660,0,0,441177856,0,0,0,508489984,11044.69048,11044.798217,11044.791935,0.0784309999999,11044.719786,0,0,2048
2,sequential,periodic2,8,6,published,10279473,1,1,0,11063.69319,11390.733534,11390.735212,11390.736099,250.51851,28.299567,38.681049,9.472489,431958366,863475732,0,441000192,441177856,0,441177856,949490176,11063.67535,11404.211236,11404.211085,340.518046,11063.69319,0,441177856,2048
2,sequential,size_tiered,64,0,published,9461367,1,0,0,11440.675944,11511.07697,11511.07788,11511.078456,0,25.97111,35.714055,8.675974,397377414,0,0,441000192,0,0,0,508312320,0,11511.078456,11511.078456,70.402512,11440.675944,0,0,2048
2,sequential,size_tiered,64,1,published,9466817,2,0,0,11526.385404,11526.466557,11526.46713,11526.467491,0,0.0110350000014,0.0182359999999,0.0414399999991,228900,0,0,441229312,0,0,0,508541440,11526.347035,11526.473304,11526.467491,0.0878999999986,11526.385404,0,0,2048
2,sequential,size_tiered,64,2,published,10232664,2,1,0,11541.929969,11583.023718,11583.026623,11583.027305,29.74266,4.204831,5.573711,1.500982,64560048,64788948,0,473394688,229120,0,229120,540935936,11541.789343,11583.035605,11583.035429,41.105636,11541.929969,0,229120,2048
2,sequential,size_tiered,64,3,published,10234444,3,0,0,11601.233819,11601.285719,11601.286572,11601.286925,0,0.00316199999907,0.00679899999886,0.0304780000006,74760,0,0,473469696,0,0,0,540781824,11601.192047,11601.292878,11601.286925,0.0590590000011,11601.233819,0,0,2048
2,sequential,size_tiered,64,4,published,10269993,3,1,0,11619.526589,11622.005109,11622.006155,11622.006559,0.79004,0.185423999999,0.636706999996,0.167135,3060876,3135636,0,474962688,75008,0,75008,542349824,11619.428342,11622.50148,11622.501322,2.974891,11619.526589,0,75008,2048
2,sequential,size_tiered,64,5,published,10274223,4,0,0,11640.803173,11640.910362,11640.911049,11640.911407,0,0.00885899999957,0.0535670000008,0.0345589999997,177660,0,0,475140352,0,0,0,542452480,11640.761321,11640.917149,11640.911407,0.113976000001,11640.803173,0,0,2048
2,sequential,size_tiered,64,6,published,10279473,4,1,0,11659.296579,11659.687458,11659.6883,11659.688665,0.177522,0.0312689999992,0.0818109999964,0.0801669999983,618660,796320,0,475361024,177664,0,177664,542850816,11659.235201,11659.695295,11659.695159,0.398716,11659.296579,0,177664,2048
2,sequential,compact,64,0,published,9461367,1,0,0,11678.145934,11783.080316,11783.0814,11783.081801,0,25.8846,70.389077,8.624832,397377414,0,0,441000192,0,0,0,508312320,0,11783.081801,11783.081801,104.935867,11678.145934,0,0,2048
2,sequential,compact,64,1,published,9466817,1,1,0,11798.372356,12094.964902,12094.966106,12094.966682,226.282503,25.929049,35.574243,8.74901299998,397835214,795212628,0,441000192,441000192,0,441000192,949312512,11798.333814,12094.975857,12094.975683,296.603501,11798.372356,0,441000192,2048
2,sequential,compact,64,2,published,10232664,1,1,0,12110.309903,12450.775051,12450.776604,12450.777364,258.494788,30.133609,41.603955,10.147755,461937462,859543776,0,441000192,441000192,0,441000192,949312512,12110.267087,12464.957876,12450.785787,354.647973,12110.309903,0,441000192,2048
2,sequential,compact,64,3,published,10234444,1,1,0,12483.059602,12830.786357,12830.787793,12830.788503,270.087785,28.067425,39.975484,9.452512,429921408,859693296,0,441000192,441000192,0,441000192,949312512,12482.972869,12845.254532,12830.797281,362.19493,12483.059602,0,441000192,2048
2,sequential,compact,64,4,published,10269993,1,1,0,12863.345438,13210.945701,13210.947054,13210.947775,268.891671,28.220738,40.908466,9.519876,432832764,862679412,0,441000192,441000192,0,441000192,949312512,12863.291029,13225.886669,13210.955988,362.541231,12863.345438,0,441000192,2048
2,sequential,compact,64,5,published,10274223,1,1,0,13244.698265,13591.887027,13591.888565,13591.889155,268.61559,28.129987,40.881176,9.492086,431695026,863034732,0,441000192,441000192,0,441000192,949312512,13243.921092,13606.425515,13591.897884,361.72725,13244.698265,0,441000192,2048
2,sequential,compact,64,6,published,10279473,1,1,0,13624.680914,13999.118686,13999.12061,13999.121502,289.793126,28.210048,46.246242,9.50621899999,431958366,863475732,0,441000192,441000192,0,441000192,949312512,13624.625997,14015.397776,13999.687174,390.716862,13624.680914,0,441000192,2048
2,sequential,all_delta,64,0,published,9461367,1,0,0,14052.136126,14129.893477,14129.894589,14129.895309,0,26.01647,42.984145,8.717439,397377414,0,0,441000192,0,0,0,508312320,0,14129.895309,14129.895309,77.759183,14052.136126,0,0,2048
2,sequential,all_delta,64,1,published,9466817,2,0,0,14145.215799,14145.297125,14145.297601,14145.297952,0,0.0113720000008,0.0212250000004,0.0383720000027,228900,0,0,441229312,0,0,0,508541440,14145.177067,14145.303833,14145.297952,0.0880340000003,14145.215799,0,0,2048
2,sequential,all_delta,64,2,published,10232664,3,0,0,14160.667011,14166.953927,14166.954858,14166.95528,0,2.089493,3.438323,0.738626,32165574,0,0,473394944,0,0,0,540707072,14160.629947,14166.960969,14166.95528,6.293958,14160.667011,0,0,2048
2,sequential,all_delta,64,3,published,10234444,4,0,0,14185.183133,14185.236166,14185.236807,14185.237083,0,0.00521900000058,0.00908600000002,0.0298849999999,74760,0,0,473469952,0,0,0,540782080,14185.143251,14185.242518,14185.237083,0.0593849999987,14185.183133,0,0,2048
2,sequential,all_delta,64,4,published,10269993,5,0,0,14203.618843,14203.965104,14203.966391,14203.966707,0,0.0903579999995,0.157488999999,0.0824840000005,1493058,0,0,474963200,0,0,0,542275328,14203.57966,14203.972458,14203.966707,0.353615,14203.618843,0,0,2048
2,sequential,all_delta,64,5,published,10274223,6,0,0,14222.428224,14222.503679,14222.504431,14222.504872,0,0.0108929999988,0.0186229999999,0.0352299999995,177660,0,0,475140864,0,0,0,542452992,14222.386419,14222.510822,14222.504872,0.0825980000009,14222.428224,0,0,2048
2,sequential,all_delta,64,6,published,10279473,7,0,0,14241.039391,14241.115641,14241.116567,14241.116928,0,0.0106190000006,0.0205089999981,0.0366380000014,220500,0,0,475361536,0,0,0,542673664,14240.999263,14241.12259,14241.116928,0.0831990000006,14241.039391,0,0,2048
2,sequential,periodic2,64,0,published,9461367,1,0,0,14259.706247,14337.134256,14337.135326,14337.135929,0,25.939063,42.76953,8.682398,397377414,0,0,441000192,0,0,0,508312320,0,14337.135929,14337.135929,77.429682,14259.706247,0,0,2048
2,sequential,periodic2,64,1,published,9466817,2,0,0,14352.445923,14352.527469,14352.528061,14352.528514,0,0.010921000001,0.0219710000001,0.0389400000004,228900,0,0,441229312,0,0,0,508541440,14352.405212,14352.534089,14352.528514,0.0881660000014,14352.445923,0,0,2048
2,sequential,periodic2,64,2,published,10232664,1,1,0,14367.904849,14733.681618,14733.683129,14733.68372,281.206149,30.259174,43.21797,10.09415,461937462,859543776,0,441000192,441229312,0,441229312,949541632,14367.864396,14733.730064,14733.729856,365.825215,14367.904849,0,441229312,2048
2,sequential,periodic2,64,3,published,10234444,2,0,0,14752.309597,14752.372563,14752.372963,14752.373204,0,0.00320499999907,0.00620100000197,0.0301450000006,74760,0,0,441075200,0,0,0,508387328,14751.728752,14752.385146,14752.373204,0.075549000001,14752.309597,0,0,2048
2,sequential,periodic2,64,4,published,10269993,1,1,0,14771.305658,15111.899774,15111.901102,15111.901697,255.703716,29.018886,46.245536,9.55693800001,432832764,862679412,0,441000192,441075200,0,441075200,949387520,14770.408027,15125.834369,15125.834123,354.528711,14771.305658,0,441075200,2048
2,sequential,periodic2,64,5,published,10274223,2,0,0,15143.971369,15144.038633,15144.039154,15144.039526,0,0.00883599999906,0.0170660000003,0.0305310000022,177660,0,0,441177856,0,0,0,508489984,15143.91931,15144.045226,15144.039526,0.0738569999994,15143.971369,0,0,2048
2,sequential,periodic2,64,6,published,10279473,1,1,0,15162.258584,15625.934673,15625.936226,15625.93713,365.1558,28.512069,60.391128,9.536253,431958366,863475732,0,441000192,441177856,0,441177856,949490176,15162.215237,15639.951649,15639.951481,477.693065,15162.258584,0,441177856,2048
2,shadow,size_tiered,1,1,published,9466817,2,0,0,875.37074,875.698953,875.703138,875.705417,0,0.0368989999999,0.040075,0.132225,228900,0,441000192,229120,0,0,0,508541440,896.913595,920.808687,875.705417,45.437947,875.358868,0.0118719999999,0,2048
2,shadow,size_tiered,1,2,published,10232664,2,1,0,878.390583,918.277199,918.280152,918.283388,23.782325,7.474259,6.956641,1.595606,64560048,64788948,0,473394688,229120,0,229120,540935936,0,918.28323,918.283388,39.892805,878.379639,0.010944,229120,2048
2,shadow,size_tiered,1,3,published,10234444,3,0,0,918.294046,918.353103,918.353922,918.354377,0,0.00544000000002,0.00745900000004,0.0348349999999,74760,0,0,473469696,0,0,0,540781824,0,918.354292,918.354377,0.060331,881.048016,37.24603,0,2048
2,shadow,size_tiered,1,4,published,10269993,3,1,0,918.362084,920.191733,920.192701,920.194406,1.057792,0.24176,0.285995,0.202491,3060876,3135636,0,474962688,75008,0,75008,542349824,0,920.194241,920.194406,1.832322,884.013797,34.348287,75008,2048
2,shadow,size_tiered,1,5,published,10274223,4,0,0,920.202743,920.279345,920.280012,920.280426,0,0.012142,0.017924,0.0360830000001,177660,0,0,475140352,0,0,0,542452480,0,920.280353,920.280426,0.077683,886.853843,33.3489,0,2048
2,shadow,size_tiered,1,6,published,10279473,4,1,0,920.288393,920.745347,920.745918,920.747451,0.254594,0.043299,0.040889,0.0883009999999,618660,796320,0,475361024,177664,0,177664,542850816,0,920.747382,920.747451,0.459058,889.927169,30.361224,177664,2048
2,growth,size_tiered,1,1,published,9466817,2,0,0,1003.357477,1003.573437,1003.576061,1003.578537,0,0.0379830000001,0.0425920000001,0.090287,228900,0,441000192,229120,0,0,0,508541440,1003.663019,1003.663963,1003.578537,0.306486,1003.345013,0.012464,0,2048
2,growth,size_tiered,1,2,published,10232664,2,1,0,1006.360416,1044.113491,1044.11466,1044.115805,21.288889,7.89491,6.891384,1.619445,64560048,64788948,0,473394688,229120,0,229120,540935936,1024.91216,1044.124907,1044.12457,37.764491,1006.349573,0.010843,229120,2048
2,growth,size_tiered,1,3,published,10234444,3,0,0,1044.126695,1044.183425,1044.184032,1044.18434,0,0.00506300000006,0.00764500000014,0.033627,74760,0,0,473469696,0,0,0,540781824,0,1044.191331,1044.18434,0.0646360000001,1009.031155,35.09554,0,2048
2,growth,size_tiered,1,4,published,10269993,3,1,0,1044.19219,1046.003905,1046.004708,1046.005173,1.040257,0.241052,0.284245,0.203049,3060876,3135636,0,474962688,75008,0,75008,542349824,0,1046.013814,1046.01371,1.821624,1011.989856,32.202334,75008,2048
2,growth,size_tiered,1,5,published,10274223,4,0,0,1046.014768,1046.090593,1046.091139,1046.091447,0,0.011843,0.0171499999999,0.0364710000001,177660,0,0,475140352,0,0,0,542452480,0,1046.102351,1046.091447,0.087583,1014.835859,31.178909,0,2048
2,growth,size_tiered,1,6,published,10279473,4,1,0,1046.103538,1046.557885,1046.55845,1046.558959,0.251461,0.0440160000001,0.0400860000007,0.0903079999998,618660,796320,0,475361024,177664,0,177664,542850816,0,1046.567158,1046.567066,0.46362,1017.884832,28.218706,177664,2048
2,shadow,compact,1,1,published,9466817,1,1,0,1237.07719,1600.292168,1600.294495,1600.295216,275.355191,33.433885,44.943289,9.400608,397835214,795212628,0,441000192,441000192,0,441000192,949312512,1258.278,3641.858296,3641.857224,2404.781106,1237.0651,0.0120899999999,441000192,2048
2,shadow,compact,1,2,published,10232664,1,1,0,1600.30426,2018.603129,2018.605359,2035.032303,316.601466,38.70446,52.104671,10.815947,461937462,859543776,0,441000192,441000192,0,441000192,1390312704,0,2035.032028,2035.032303,434.728043,1240.049289,360.254971,882000384,2048
2,shadow,compact,1,3,published,10234444,1,1,0,2035.051778,2502.91338,2502.915721,2516.34599,386.561145,28.008428,43.781256,9.438993,429921408,859693296,0,441000192,441000192,0,441000192,1390312704,0,2516.34567,2516.34599,481.294212,1242.713289,792.338489,882000384,2048
2,shadow,compact,1,4,published,10269993,1,1,0,2516.362963,2853.590522,2853.591531,2866.967272,254.961649,28.263008,44.469943,9.471805,432832764,862679412,0,441000192,441000192,0,441000192,1390312704,0,2866.96702,2866.967272,350.604309,1245.678212,1270.684751,882000384,2048
2,shadow,compact,1,5,published,10274223,1,1,0,2866.988105,3201.880669,3201.881757,3215.390902,253.501733,28.151976,43.765811,9.418504,431695026,863034732,0,441000192,441000192,0,441000192,1390312704,0,3215.390672,3215.390902,348.402797,1248.346316,1618.641789,882000384,2048
2,shadow,compact,1,6,published,10279473,1,1,0,3215.408326,3627.308364,3627.310011,3641.783293,329.887493,28.247079,44.288637,9.421571,431958366,863475732,0,441000192,441000192,0,441000192,1390312704,0,3641.783052,3641.783293,426.374967,1251.296903,1964.111423,882000384,2048
2,growth,compact,1,1,published,9466817,1,1,0,3739.358815,4096.135147,4096.136994,4096.138259,268.867446,33.618906,44.698507,9.424903,397835214,795212628,0,441000192,441000192,0,441000192,949312512,3760.600106,4096.149503,4096.148756,356.790688,3739.345257,0.0135580000001,441000192,2048
2,growth,compact,1,2,published,10232664,1,1,0,4096.151487,4501.181048,4501.182678,4501.184075,303.023967,38.736308,52.365795,10.831264,461937462,859543776,0,441000192,441000192,0,441000192,949312512,0,4517.846151,4501.193606,421.694664,3742.360023,353.791464,441000192,2048
2,growth,compact,1,3,published,10234444,1,1,0,4517.849644,5005.24995,5005.252062,5005.253265,393.045381,36.139278,48.038888,10.101048,429921408,859693296,0,441000192,441000192,0,441000192,949312512,0,5023.589838,5005.263267,505.740194,3745.039586,772.810058,441000192,2048
2,growth,compact,1,4,published,10269993,1,1,0,5023.593282,5410.580332,5410.581857,5410.582918,296.507032,36.325392,44.557317,9.519919,432832764,862679412,0,441000192,441000192,0,441000192,949312512,0,5424.575272,5410.590321,400.98199,3748.037232,1275.55605,441000192,2048
2,growth,compact,1,5,published,10274223,1,1,0,5424.577111,5759.653497,5759.655046,5759.656336,253.675137,28.147536,43.684673,9.492903,431695026,863034732,0,441000192,441000192,0,441000192,949312512,0,5773.015717,5759.664521,348.438606,3750.667532,1673.909579,441000192,2048
2,growth,compact,1,6,published,10279473,1,1,0,5773.018549,6142.642774,6142.644336,6142.645345,287.471983,28.163701,44.467979,9.435784,431958366,863475732,0,441000192,441000192,0,441000192,949312512,0,6156.950886,6142.653558,383.932337,3753.61281,2019.405739,441000192,2048
2,shadow,all_delta,1,1,published,9466817,2,0,0,6413.73261,6414.041811,6414.045726,6414.047713,0,0.0380800000003,0.0483269999995,0.135566999998,228900,0,441000192,229120,0,0,0,508541440,6435.177765,6435.182034,6414.047713,21.449424,6413.718257,0.0143529999996,0,2048
2,shadow,all_delta,1,2,published,10232664,3,0,0,6416.731007,6425.233877,6425.235211,6425.236546,0,4.37073,3.356232,0.748234999999,32165574,0,441000192,32394752,0,0,0,540707072,0,6425.236332,6425.236546,8.505539,6416.718629,0.0123780000004,0,2048
2,shadow,all_delta,1,3,published,10234444,4,0,0,6425.24501,6425.310402,6425.311002,6425.311532,0,0.004774,0.00659799999903,0.0438120000008,74760,0,441000192,32469760,0,0,0,540782080,0,6425.311458,6425.311532,0.0665220000001,6419.37762,5.86739,0,2048
2,shadow,all_delta,1,4,published,10269993,5,0,0,6425.318592,6425.665954,6425.666942,6425.667562,0,0.0918160000001,0.138653,0.102349000001,1493058,0,441000192,33963008,0,0,0,542275328,0,6425.667509,6425.667562,0.34897,6422.436528,2.882064,0,2048
2,shadow,all_delta,1,5,published,10274223,6,0,0,6425.674443,6425.754731,6425.755591,6425.75621,0,0.00920599999972,0.015821,0.0456319999994,177660,0,0,475140864,0,0,0,542452992,0,6425.756148,6425.75621,0.0817669999997,6425.254995,0.419448,0,2048
2,shadow,all_delta,1,6,published,10279473,7,0,0,6428.238712,6428.341307,6428.342095,6428.342746,0,0.0105149999999,0.019338000001,0.0625299999992,220500,0,441000192,34361344,0,0,0,542673664,0,6428.342687,6428.342746,0.104034,6428.23053,0.00818200000049,0,2048
2,growth,all_delta,1,1,published,9466817,2,0,0,6514.846095,6515.155021,6515.159111,6515.161433,0,0.0366960000001,0.0444459999999,0.12582,228900,0,441000192,229120,0,0,0,508541440,6515.171609,6515.184707,6515.161433,0.338612,6514.833555,0.0125399999997,0,2048
2,growth,all_delta,1,2,published,10232664,3,0,0,6518.0247,6526.770371,6526.771738,6526.77266,0,4.717409,3.254085,0.748416999999,32165574,0,441229312,32165632,0,0,0,540707072,6526.889654,6526.890606,6526.77266,8.865906,6518.013344,0.011356,0,2048
2,growth,all_delta,1,3,published,10234444,4,0,0,6526.78044,6526.854144,6526.854717,6526.855165,0,0.00294499999927,0.00668200000109,0.0546290000002,74760,0,441229312,32240640,0,0,0,540782080,0,6526.860883,6526.855165,0.0804429999998,6520.697988,6.082452,0,2048
2,growth,all_delta,1,4,published,10269993,5,0,0,6526.861894,6527.222607,6527.223621,6527.224613,0,0.0950820000007,0.155482000001,0.0960019999993,1493058,0,473469952,1493248,0,0,0,542275328,6527.261226,6527.262654,6527.224613,0.40076,6523.723263,3.138631,0,2048
2,growth,all_delta,1,5,published,10274223,6,0,0,6527.231037,6527.33781,6527.33868,6527.339773,0,0.00844699999925,0.0361650000004,0.0522759999985,177660,0,474963200,177664,0,0,0,542452992,6527.467244,6527.468339,6527.339773,0.237302,6526.558705,0.672331999999,0,2048
2,growth,all_delta,1,6,published,10279473,7,0,0,6530.068529,6530.210251,6530.211439,6530.21309,0,0.012103,0.0511940000006,0.0614150000001,220500,0,475140864,220672,0,0,0,542673664,6530.235006,6530.235516,6530.21309,0.166987,6530.060647,0.00788199999988,0,2048
2,shadow,periodic2,1,1,published,9466817,2,0,0,6727.431295,6727.684247,6727.687194,6727.688972,0,0.0384280000007,0.0354240000006,0.119578999999,228900,0,441000192,229120,0,0,0,508541440,6748.736862,7775.477822,6727.688972,1048.046527,6727.418578,0.0127170000005,0,2048
2,shadow,periodic2,1,2,published,10232664,1,1,0,6730.36798,7067.316227,7067.318727,7067.320899,246.624457,32.677394,47.483985,10.090295,461937462,859543776,0,441000192,441229312,0,441229312,949541632,0,7067.320792,7775.476662,1045.108682,6730.357536,0.0104439999996,441229312,2048
2,shadow,periodic2,1,3,published,10234444,2,0,0,7067.329363,7067.379519,7067.38008,7067.380416,0,0.00321200000053,0.00664099999904,0.0312920000006,74760,0,0,441075200,0,0,0,949387520,0,7067.380363,7067.380416,0.0510530000001,6732.982838,334.346525,441000192,2048
2,shadow,periodic2,1,4,published,10269993,1,1,0,7067.386932,7406.837797,7406.839444,7421.074192,257.031564,28.1994,44.677649,9.473706,432832764,862679412,0,441000192,441075200,0,441075200,1390387712,0,7421.073993,7421.074192,353.68726,6735.988316,331.398616,882075392,2048
2,shadow,periodic2,1,5,published,10274223,2,0,0,7421.092739,7421.196014,7421.196978,7421.197534,0,0.0335340000001,0.0189280000004,0.0387100000007,177660,0,0,441177856,0,0,0,949490176,0,7421.197481,7421.197534,0.104795,6738.819443,682.273296,441000192,2048
2,shadow,periodic2,1,6,published,10279473,1,1,0,7421.204719,7762.080572,7762.082032,7775.417797,256.192929,28.198709,46.985723,9.43382,431958366,863475732,0,441000192,441177856,0,441177856,1390490368,0,7775.417609,7775.417797,354.213078,6741.782204,679.422515,882178048,2048
2,growth,periodic2,1,1,published,9466817,2,0,0,7929.337933,7929.620047,7929.622681,7929.624301,0,0.0371859999996,0.0504659999997,0.115944,228900,0,441000192,229120,0,0,0,508541440,7929.653763,7929.654375,7929.624301,0.316442,7929.325631,0.0123020000001,0,2048
2,growth,periodic2,1,2,published,10232664,1,1,0,7932.309403,8270.943751,8270.94603,8270.946904,246.06243,32.80425,49.425033,10.075388,461937462,859543776,0,441000192,441229312,0,441229312,949541632,7950.827338,8271.41912,8271.418979,339.109717,7932.297712,0.0116910000006,441229312,2048
2,growth,periodic2,1,3,published,10234444,2,0,0,8271.421085,8272.045141,8272.045564,8272.045773,0,0.00279799999953,0.00634499999978,0.0281189999987,74760,0,0,441075200,0,0,0,508387328,0,8273.140265,8272.045773,1.71918,7934.94644,336.474645,0,2048
2,growth,periodic2,1,4,published,10269993,1,1,0,8273.140878,8613.771714,8613.77384,8613.774545,257.742304,28.282671,44.765149,9.46880999999,432832764,862679412,0,441000192,441075200,0,441075200,949387520,0,8628.179739,8628.179448,355.038861,7937.939805,335.201073,441075200,2048
2,growth,periodic2,1,5,published,10274223,2,0,0,8628.181475,8628.261594,8628.26251,8628.26318,0,0.009274,0.0192959999968,0.0331990000013,177660,0,0,441177856,0,0,0,508489984,0,8628.269363,8628.26318,0.087888,7940.78118,687.400295,0,2048
2,growth,periodic2,1,6,published,10279473,1,1,0,8628.270891,8965.261492,8965.270995,8965.272062,256.254414,28.222634,42.747943,9.665311,431958366,863475732,0,441000192,441177856,0,441177856,949490176,0,8980.056063,8980.055704,351.785172,7943.853265,684.417626,441177856,2048
2,shadow,size_tiered,8,1,published,9466817,2,0,0,9279.123736,9279.528381,9279.532205,9279.534057,0,0.0371389999982,0.198653000001,0.0906559999985,228900,0,441000192,229120,0,0,0,508541440,9385.739251,9385.748194,9279.534057,106.624458,9279.109592,0.0141439999989,0,2048
2,shadow,size_tiered,8,2,published,10232664,2,1,0,9293.345257,9323.515561,9323.516974,9323.519161,9.576235,6.209736,12.828618,1.50697,64560048,64788948,441000192,32394496,229120,0,229120,540935936,0,9323.519064,9323.519161,30.173904,9293.333375,0.0118820000007,229120,2048
2,shadow,size_tiered,8,3,published,10234444,3,0,0,9323.526943,9323.582963,9323.58366,9323.584141,0,0.00333299999875,0.00675799999954,0.0374650000031,74760,0,441000192,32469504,0,0,0,540781824,0,9323.584058,9323.584141,0.0571979999986,9307.617504,15.909439,0,2048
2,shadow,size_tiered,8,4,published,10269993,3,1,0,9323.590501,9325.073849,9325.074681,9325.076635,0.379832000001,0.185469,0.675440000001,0.207568999998,3060876,3135636,441000192,33962496,75008,0,75008,542349824,0,9325.076582,9325.076635,1.486134,9321.850777,1.739724,75008,2048
2,shadow,size_tiered,8,5,published,10274223,4,0,0,9336.082892,9336.253232,9336.254105,9336.254964,0,0.0201240000006,0.0854070000023,0.0493709999973,177660,0,441000192,34140160,0,0,0,542452480,0,9336.254852,9336.254964,0.172071999999,9336.073543,0.00934899999993,0,2048
2,shadow,size_tiered,8,6,published,10279473,4,1,0,9350.280117,9351.35314,9351.35456,9351.363035,0.4576,0.111736999999,0.241872999999,0.202756999999,618660,796320,441000192,34360832,177664,0,177664,542850816,0,9351.362756,9351.363035,1.082918,9350.268898,0.011219,177664,2048
2,growth,size_tiered,8,1,published,9466817,2,0,0,9469.808646,9470.063117,9470.065946,9470.067748,0,0.0366860000013,0.0393870000007,0.104654000001,228900,0,441000192,229120,0,0,0,508541440,9470.219113,9470.221333,9470.067748,0.412687,9469.794628,0.0140179999999,0,2048
2,growth,size_tiered,8,2,published,10232664,2,1,0,9484.132224,9503.87199,9503.874101,9503.874998,5.082314,7.226721,5.861558,1.515373,64560048,64788948,441000192,32394496,229120,229120,0,540935936,9503.950856,9503.955887,9503.955222,19.823663,9484.120692,0.0115320000004,0,2048
2,growth,size_tiered,8,3,published,10234444,3,0,0,9503.882879,9503.934887,9503.935579,9503.936107,0,0.00366500000018,0.00672400000076,0.0324429999982,74760,0,441000192,32469504,0,229120,0,541010944,0,9503.941746,9503.936107,0.0588669999997,9498.468949,5.41393,0,2048
2,growth,size_tiered,8,4,published,10269993,3,1,0,9514.627725,9515.662425,9515.663224,9515.664649,0.257135,0.228814,0.276622000001,0.229624999998,3060876,3135636,473394688,1568000,75008,75008,0,542349824,9516.473785,9516.48065,9516.480283,1.852925,9514.617982,0.00974300000053,0,2048
2,growth,size_tiered,8,5,published,10274223,4,0,0,9531.893215,9532.001727,9532.002678,9532.003566,0,0.0145890000003,0.0190739999998,0.0586389999989,177660,0,474962688,177664,0,0,0,542452480,9532.118839,9532.12167,9532.003566,0.228455,9531.883449,0.00976599999922,0,2048
2,growth,size_tiered,8,6,published,10279473,4,1,0,9549.291733,9549.858952,9549.860521,9549.863497,0.103266,0.106457,0.0910030000014,0.209476999999,618660,796320,474962688,398336,177664,177664,0,542850816,9549.884324,9549.889843,9549.889206,0.598110000001,9549.279783,0.0119500000001,0,2048
2,shadow,compact,8,1,published,9466817,1,1,0,9893.844853,10248.522098,10248.52458,10248.525368,267.88202,33.447169,43.738486,9.442218,397835214,795212628,0,441000192,441000192,0,441000192,949312512,10001.435793,12208.612053,12208.601699,2314.7672,9893.830317,0.0145360000006,441000192,2048
2,shadow,compact,8,2,published,10232664,1,1,0,10248.535584,10643.568097,10643.570477,10660.504523,294.731114,38.687416,50.726091,10.8084,461937462,859543776,0,441000192,441000192,0,441000192,1390312704,0,10660.504216,10660.504523,411.968939,9908.202405,340.333179,882000384,2048
2,shadow,compact,8,3,published,10234444,1,1,0,10660.527152,11049.150313,11049.152272,11066.944218,295.290189,36.091427,47.041275,10.081526,429921408,859693296,0,441000192,441000192,0,441000192,1390312704,0,11066.943869,11066.944218,406.417066,9922.568641,737.958511,882000384,2048
2,shadow,compact,8,4,published,10269993,1,1,0,11066.969556,11454.065917,11454.067864,11472.378582,293.062516,36.308194,47.480587,10.172116,432832764,862679412,0,441000192,441000192,0,441000192,1390312704,0,11472.378299,11472.378582,405.409026,9936.903787,1130.065769,882000384,2048
2,shadow,compact,8,5,published,10274223,1,1,0,11472.396503,11832.534225,11832.535556,11845.911609,280.20526,28.17582,42.284724,9.414758,431695026,863034732,0,441000192,441000192,0,441000192,1390312704,0,11845.911226,11845.911609,373.515106,9951.253564,1521.142939,882000384,2048
2,shadow,compact,8,6,published,10279473,1,1,0,11845.928863,12193.619349,12193.621502,12208.514639,267.38319,28.129872,42.621853,9.48565100001,431958366,863475732,0,441000192,441000192,0,441000192,1390312704,0,12208.514409,12208.514639,362.585776,9965.598955,1880.329908,882000384,2048
2,growth,compact,8,1,published,9466817,1,1,0,12391.365801,12692.790145,12692.791964,12692.792502,225.09576,25.965127,38.752764,8.81209199999,397835214,795212628,0,441000192,441000192,0,441000192,949312512,12498.964441,12692.801638,12692.801079,301.435837,12391.351706,0.0140950000005,441000192,2048
2,growth,compact,8,2,published,10232664,1,1,0,12692.803818,13029.696452,13029.697599,13029.698195,250.880963,30.081152,45.786372,10.07807,461937462,859543776,0,441000192,441000192,0,441000192,949312512,0,13042.685673,13029.705439,349.881855,12405.798213,287.005605,441000192,2048
2,growth,compact,8,3,published,10234444,1,1,0,13042.692475,13435.559474,13435.561302,13435.562141,298.82166,36.044818,47.829719,10.077296,429921408,859693296,0,441000192,441000192,0,441000192,949312512,0,13452.739013,13435.573063,410.046538,12420.142214,622.550261,441000192,2048
2,growth,compact,8,4,published,10269993,1,1,0,13452.743039,13842.481095,13842.48288,13842.484091,294.304197,36.425696,48.745517,10.173548,432832764,862679412,0,441000192,441000192,0,441000192,949312512,0,13856.513836,13842.49669,403.770797,12434.449147,1018.293892,441000192,2048
2,growth,compact,8,5,published,10274223,1,1,0,13856.516163,14186.754991,14186.756617,14186.757556,249.643994,28.181572,42.916559,9.42365200001,431695026,863034732,0,441000192,441000192,0,441000192,949312512,0,14200.457373,14186.765621,343.94121,12448.807614,1407.708549,441000192,2048
2,growth,compact,8,6,published,10279473,1,1,0,14200.460326,14537.12559,14537.127214,14537.128452,255.058527,28.234079,43.833946,9.450585,431958366,863475732,0,441000192,441000192,0,441000192,949312512,0,14550.719443,14537.139783,350.259117,12463.145518,1737.314808,441000192,2048
2,shadow,all_delta,8,1,published,9466817,2,0,0,14938.617282,14938.909093,14938.912744,14938.914864,0,0.0369410000003,0.0402839999988,0.114616000001,228900,0,441000192,229120,0,0,0,508541440,15045.081371,15045.09053,14938.914864,106.473248,14938.603004,0.0142779999987,0,2048
2,shadow,all_delta,8,2,published,10232664,3,0,0,14952.85456,14973.104517,14973.106501,14973.107733,0,5.000968,14.393797,0.815612,32165574,0,441000192,32394752,0,0,0,540707072,0,14973.107531,14973.107733,20.253173,14952.841604,0.0129560000005,0,2048
2,shadow,all_delta,8,3,published,10234444,4,0,0,14973.117707,14973.203086,14973.203781,14973.204415,0,0.00433700000031,0.00702799999999,0.0613490000014,74760,0,441000192,32469760,0,0,0,540782080,0,14973.204347,14973.204415,0.0867080000007,14967.032343,6.085364,0,2048
2,shadow,all_delta,8,4,published,10269993,5,0,0,14981.273385,14982.484065,14982.48573,14982.48716,0,0.162112,0.873713000001,0.149210000001,1493058,0,441000192,33963008,0,0,0,542275328,0,14982.487065,14982.48716,1.213775,14981.263917,0.0094680000002,0,2048
2,shadow,all_delta,8,5,published,10274223,6,0,0,14995.457375,14995.624608,14995.626811,14995.628548,0,0.029031,0.0298619999994,0.0731450000003,177660,0,441000192,34140672,0,0,0,542452992,0,14995.628368,14995.628548,0.171173000001,14995.445099,0.0122759999995,0,2048
2,shadow,all_delta,8,6,published,10279473,7,0,0,15009.647608,15009.827676,15009.829976,15009.832684,0,0.0342879999989,0.036197999998,0.0776590000005,220500,0,441000192,34361344,0,0,0,542673664,0,15009.832504,15009.832684,0.185076000002,15009.636968,0.0106399999986,0,2048
2,growth,all_delta,8,1,published,9466817,2,0,0,15128.541731,15128.754007,15128.755953,15128.757398,0,0.0380069999992,0.0390339999994,0.0856649999987,228900,0,441000192,229120,0,0,0,508541440,15128.944777,15128.94721,15128.757398,0.405479000001,15128.529164,0.0125669999998,0,2048
2,growth,all_delta,8,2,published,10232664,3,0,0,15142.885972,15152.243916,15152.245309,15152.24635,0,4.336598,3.534104,0.815229999998,32165574,0,441229312,32165632,0,0,0,540707072,15152.454815,15152.852829,15152.24635,9.966857,15142.874823,0.0111489999999,0,2048
2,growth,all_delta,8,3,published,10234444,4,0,0,15158.232225,15158.311715,15158.312336,15158.313211,0,0.00374499999998,0.00746100000106,0.0532249999997,74760,0,473394944,75008,0,0,0,540782080,15158.447948,15158.450426,15158.313211,0.218201,15158.223578,0.00864700000056,0,2048
2,growth,all_delta,8,4,published,10269993,5,0,0,15175.568179,15177.935244,15177.936702,15177.939244,0,0.304932999999,0.304588000001,0.243086,1493058,0,473469952,1493248,0,0,0,542275328,15178.542107,15178.545532,15177.939244,2.977353,15175.555791,0.0123879999992,0,2048
2,growth,all_delta,8,5,published,10274223,6,0,0,15193.093789,15193.310364,15193.312091,15193.313398,0,0.027336000001,0.0308159999986,0.0765300000003,177660,0,0,475140864,0,0,0,542452992,15193.306367,15193.33199,15193.313398,0.238201,15193.08164,0.0121490000001,0,2048
2,growth,all_delta,8,6,published,10279473,7,0,0,15210.583715,15210.767912,15210.770868,15210.774992,0,0.0351449999998,0.0381819999984,0.0791059999992,220500,0,475140864,220672,0,0,0,542673664,15210.798886,15210.801323,15210.774992,0.217607999999,15210.571357,0.0123579999999,0,2048
2,shadow,periodic2,8,1,published,9466817,2,0,0,15534.663269,15534.936476,15534.940724,15534.94277,0,0.0363679999991,0.0408389999993,0.10527,228900,0,441000192,229120,0,0,0,508541440,15641.047572,16581.230754,15534.94277,1046.567485,15534.649574,0.0136950000015,0,2048
2,shadow,periodic2,8,2,published,10232664,1,1,0,15548.861852,15882.545656,15882.547507,15882.549741,244.849309,33.070787,45.580973,10.099918,461937462,859543776,0,441000192,441229312,0,441229312,949541632,0,15882.54963,16581.228583,1032.366731,15548.849948,0.0119040000009,441229312,2048
2,shadow,periodic2,8,3,published,10234444,2,0,0,15882.557983,15882.60745,15882.607927,15882.608311,0,0.00313099999948,0.00581599999896,0.0307680000005,74760,0,0,441075200,0,0,0,949387520,0,15882.608258,15882.608311,0.0503279999994,15563.131786,319.426197,441000192,2048
2,shadow,periodic2,8,4,published,10269993,1,1,0,15882.615391,16218.175202,16218.176553,16233.564046,254.526631,28.186347,43.286951,9.501041,432832764,862679412,0,441000192,441075200,0,441075200,1390387712,0,16233.563695,16233.564046,350.948655,15577.325198,305.290193,882075392,2048
2,shadow,periodic2,8,5,published,10274223,2,0,0,16233.580569,16233.651211,16233.652121,16233.652478,0,0.0095139999994,0.0183310000011,0.0318790000001,177660,0,0,441177856,0,0,0,949490176,0,16233.652423,16233.652478,0.0719090000002,15591.473334,642.107235,441000192,2048
2,shadow,periodic2,8,6,published,10279473,1,1,0,16233.659641,16566.167658,16566.171018,16581.116173,251.895895,28.43771,42.47678,9.61323600001,431958366,863475732,0,441000192,441177856,0,441177856,1390490368,0,16581.115868,16581.116173,347.456532,15605.612249,628.047392,882178048,2048
2,growth,periodic2,8,1,published,9466817,2,0,0,16681.231057,16681.673106,16681.67684,16681.679046,0,0.0369759999994,0.207348,0.108152000001,228900,0,441000192,229120,0,0,0,508541440,16682.830562,16682.83415,16681.679046,1.603093,16681.217328,0.0137290000021,0,2048
2,growth,periodic2,8,2,published,10232664,1,1,0,16695.67479,17081.19532,17081.197783,17081.198482,283.881127,40.454814,49.79162,11.287454,461937462,859543776,0,441000192,441229312,0,441229312,949541632,16788.755645,17081.212292,17081.212129,385.537502,16695.66319,0.0116000000016,441229312,2048
2,growth,periodic2,8,3,published,10234444,2,0,0,17081.214412,17081.275852,17081.276615,17081.27704,0,0.00412000000142,0.00668700000097,0.0332449999987,74760,0,0,441075200,0,0,0,508387328,0,17081.284135,17081.27704,0.0697230000005,16710.117771,371.096641,0,2048
2,growth,periodic2,8,4,published,10269993,1,1,0,17081.285361,17469.290619,17469.292315,17469.293072,294.371894,36.283125,47.078853,10.20558,432832764,862679412,0,441000192,441075200,0,441075200,949387520,0,17489.120772,17489.120453,407.835411,16724.438688,356.846673,441075200,2048
2,growth,periodic2,8,5,published,10274223,2,0,0,17489.122445,17489.282562,17489.28393,17489.284383,0,0.0111130000005,0.0793940000003,0.0453720000005,177660,0,0,441177856,0,0,0,508489984,0,17489.291864,17489.284383,0.169418999998,16738.702438,750.420007,0,2048
2,growth,periodic2,8,6,published,10279473,1,1,0,17489.293729,17857.855009,17857.856463,17857.857138,288.980454,28.190292,40.966065,9.411197,431958366,863475732,0,441000192,441177856,0,441177856,949490176,0,17871.180762,17871.180581,381.887033,16753.014149,736.27958,441177856,2048
2,shadow,size_tiered,64,1,published,9466817,2,0,0,19083.793842,19084.037757,19084.04118,19084.043571,0,0.0370519999997,0.0466890000025,0.0994729999984,228900,0,441000192,229120,0,0,0,508541440,19999.764569,19999.792618,19084.043571,915.998776,19083.779049,0.0147929999985,0,2048
2,shadow,size_tiered,64,2,published,10232664,2,1,0,19205.692483,19228.764474,19228.766137,19228.768242,9.410141,6.095119,5.992468,1.52337699999,64560048,64788948,441000192,32394496,229120,0,229120,540935936,0,19228.768171,19228.768242,23.075759,19205.67976,0.0127229999998,229120,2048
2,shadow,size_tiered,64,3,published,10234444,3,0,0,19327.7884,19327.89999,19327.902186,19327.903863,0,0.00900000000183,0.012754000003,0.0597069999967,74760,0,441000192,32469504,0,0,0,540781824,0,19327.903662,19327.903863,0.115462999998,19327.773061,0.0153390000014,0,2048
2,shadow,size_tiered,64,4,published,10269993,3,1,0,19449.993928,19452.68208,19452.684453,19452.68863,0.850394999998,0.634672999997,0.611764000001,0.509441000006,3060876,3135636,441000192,33962496,75008,0,75008,542349824,0,19452.688448,19452.68863,2.694702,19449.981579,0.0123490000005,75008,2048
2,shadow,size_tiered,64,5,published,10274223,4,0,0,19571.920683,19572.093497,19572.095272,19572.106328,0,0.0288389999987,0.0315179999998,0.083214000002,177660,0,441000192,34140160,0,0,0,542452480,0,19572.106065,19572.106328,0.185645000001,19571.907532,0.0131509999992,0,2048
2,shadow,size_tiered,64,6,published,10279473,4,1,0,19693.964618,19694.89089,19694.89224,19694.896524,0.457793000001,0.106633000003,0.090146999999,0.209030999999,618660,796320,441000192,34360832,177664,0,177664,542850816,0,19694.896312,19694.896524,0.931905999998,19693.951463,0.0131550000006,177664,2048
2,growth,size_tiered,64,1,published,9466817,2,0,0,20136.446928,20136.649542,20136.651384,20136.65289,0,0.0362669999995,0.0391569999992,0.0893429999996,228900,0,441000192,229120,0,0,0,508541440,20141.475515,20141.556782,20136.65289,5.109854,20136.43177,0.015158000002,0,2048
2,growth,size_tiered,64,2,published,10232664,2,1,0,20259.156558,20277.404311,20277.406324,20277.408029,5.184517,5.701305,5.75126900001,1.545367,64560048,64788948,441000192,32394496,229120,229120,0,540935936,20279.632827,20279.71901,20279.718623,20.562452,20259.144194,0.0123639999983,0,2048
2,growth,size_tiered,64,3,published,10234444,3,0,0,20400.671757,20400.800744,20400.802234,20400.804206,0,0.00929999999789,0.0132750000012,0.0737020000015,74760,0,473394688,75008,0,0,0,540781824,20406.429974,20406.525158,20400.804206,5.853401,20400.656978,0.014779000001,0,2048
2,growth,size_tiered,64,4,published,10269993,3,1,0,20545.920598,20547.763894,20547.765131,20547.767265,0.368280000002,0.497465,0.489582999999,0.421317999993,3060876,3135636,473394688,1568000,75008,75008,0,542349824,20551.688737,20551.787027,20551.786628,5.866429,20545.907937,0.0126610000007,0,2048
2,growth,size_tiered,64,5,published,10274223,4,0,0,20691.870329,20692.076616,20692.07836,20692.08045,0,0.029126999998,0.031601000006,0.0786320000007,177660,0,474962688,177664,0,0,0,542452480,20697.654137,20697.754257,20692.08045,5.883928,20691.85728,0.013049000001,0,2048
2,growth,size_tiered,64,6,published,10279473,4,1,0,20838.519769,20839.093265,20839.094658,20839.110959,0.101384000001,0.106027999998,0.0908380000001,0.213859,618660,796320,474962688,398336,177664,177664,0,542850816,20844.320272,20844.420486,20844.420175,5.900717,20838.504833,0.0149359999996,0,2048
2,shadow,compact,64,1,published,9466817,1,1,0,22471.25655,22789.962118,22789.964062,22789.965054,244.776442,25.919641,38.127605,9.13735800001,397835214,795212628,0,441000192,441000192,441000192,0,949312512,23387.411703,24669.815948,24669.815008,2198.559398,22471.244265,0.0122849999971,0,2048
2,shadow,compact,64,2,published,10232664,1,1,0,22789.990399,23145.128402,23145.130024,23159.582821,263.568894,30.087268,49.807921,10.589903,461937462,859543776,0,441000192,441000192,441000192,441000192,1390312704,0,23159.58253,23159.582821,369.592422,22593.199742,196.790657,441000192,2048
2,shadow,compact,64,3,published,10234444,1,1,0,23159.604176,23517.350227,23517.351806,23533.338618,277.34987,28.027633,42.912082,9.399927,429921408,859693296,0,441000192,441000192,0,441000192,1390312704,0,23533.338384,23533.338618,373.734442,22715.150488,444.453688,882000384,2048
2,shadow,compact,64,4,published,10269993,1,1,0,23534.119157,23898.881761,23898.882997,23915.625687,281.762378,28.272887,44.832408,9.494249,432832764,862679412,0,441000192,441000192,0,441000192,1390312704,0,23915.625457,23915.625687,381.50653,22837.760798,696.358359,882000384,2048
2,shadow,compact,64,5,published,10274223,1,1,0,23915.644543,24271.986703,24271.988181,24287.315697,275.824344,28.188128,42.740334,9.41654300001,431695026,863034732,0,441000192,441000192,0,441000192,1390312704,0,24287.315389,24287.315697,371.671154,22959.693856,955.950687,882000384,2048
2,shadow,compact,64,6,published,10279473,1,1,0,24287.33473,24655.231296,24655.232208,24669.752354,280.799502,28.21382,49.383756,9.44817500001,431958366,863475732,0,441000192,441000192,0,441000192,1390312704,0,24669.752075,24669.752354,382.417624,23081.879745,1205.454985,882000384,2048
2,growth,compact,64,1,published,9466817,1,1,0,24825.591861,25173.631783,25173.633317,25173.634011,268.047258,26.015699,44.630359,9.21558099999,397835214,795212628,0,441000192,441000192,441000192,0,949312512,25174.512812,25174.596439,25174.596249,349.004578,24825.575662,0.0161990000015,0,2048
2,growth,compact,64,2,published,10232664,1,1,0,25173.642699,25536.598467,25536.599735,25536.600405,277.029321,30.107247,45.138979,10.607297,461937462,859543776,0,441000192,441000192,441000192,0,949312512,25536.643808,25550.546042,25536.656757,376.903343,24947.548363,226.094336,0,2048
2,growth,compact,64,3,published,10234444,1,1,0,25536.610746,25901.055568,25901.057254,25901.058251,269.393959,28.074789,57.530444,9.37836,429921408,859693296,0,441000192,441000192,0,441000192,949312512,25793.127789,25915.297926,25901.070002,378.68718,25069.469103,467.141643,441000192,2048
2,growth,compact,64,4,published,10269993,1,1,0,25915.300455,26357.386177,26357.387543,26357.388271,339.916964,28.50719,64.073098,9.513131,432832764,862679412,0,441000192,441000192,0,441000192,949312512,0,26372.488299,26357.395797,457.187844,25192.436602,722.863853,441000192,2048
2,growth,compact,64,5,published,10274223,1,1,0,26372.491955,26751.679614,26751.681823,26751.682641,299.720311,28.152921,41.844428,9.40425299998,431695026,863034732,0,441000192,441000192,0,441000192,949312512,0,26765.106598,26751.690363,392.614643,25314.591358,1057.900597,441000192,2048
2,growth,compact,64,6,published,10279473,1,1,0,26765.109719,27226.414899,27226.416722,27226.417398,361.941721,28.743185,60.926825,9.60281700003,431958366,863475732,0,441000192,441000192,0,441000192,949312512,0,27245.760057,27226.42574,480.650338,25436.681924,1328.427795,441000192,2048
2,shadow,all_delta,64,1,published,9466817,2,0,0,28511.195122,28511.503476,28511.5069,28511.50878,0,0.0368740000013,0.0715530000016,0.128296999996,228900,0,441000192,229120,0,0,0,508541440,29425.911965,29425.938711,28511.50878,914.743589,28511.177979,0.0171430000009,0,2048
2,shadow,all_delta,64,2,published,10232664,3,0,0,28633.159985,28643.223616,28643.22494,28643.225992,0,4.085383,5.170515,0.781647000003,32165574,0,441000192,32394752,0,0,0,540707072,0,28643.225884,28643.225992,10.066007,28633.146786,0.0131989999973,0,2048
2,shadow,all_delta,64,3,published,10234444,4,0,0,28755.199262,28755.325323,28755.327343,28755.328872,0,0.00933399999849,0.013039999998,0.0721640000011,74760,0,441000192,32469760,0,0,0,540782080,0,28755.328685,28755.328872,0.12961,28755.18613,0.013132,0,2048
2,shadow,all_delta,64,4,published,10269993,5,0,0,28877.159048,28878.122881,28878.125094,28878.126918,0,0.310936000002,0.344451999994,0.258643000001,1493058,0,441000192,33963008,0,0,0,542275328,0,28878.126738,28878.126918,0.96787,28877.14591,0.0131380000021,0,2048
2,shadow,all_delta,64,5,published,10274223,6,0,0,28999.140927,28999.326904,28999.328904,28999.332144,0,0.0279200000004,0.0360909999981,0.0856129999993,177660,0,441000192,34140672,0,0,0,542452992,0,28999.331935,28999.332144,0.191217,28999.128166,0.0127610000018,0,2048
2,shadow,all_delta,64,6,published,10279473,7,0,0,29121.089186,29121.305953,29121.308538,29121.311073,0,0.0435929999985,0.0636960000047,0.0795780000008,220500,0,441000192,34361344,0,0,0,542673664,0,29121.31088,29121.311073,0.221887,29121.076216,0.0129699999998,0,2048
2,growth,all_delta,64,1,published,9466817,2,0,0,29566.20215,29566.412917,29566.414919,29566.416549,0,0.0413559999979,0.0477450000035,0.0890069999987,228900,0,441000192,229120,0,0,0,508541440,29571.234085,29571.315297,29566.416549,5.113147,29566.188493,0.0136569999995,0,2048
2,growth,all_delta,64,2,published,10232664,3,0,0,29688.921276,29697.699867,29697.700891,29697.701871,0,4.872862,3.118336,0.763224000006,32165574,0,441229312,32165632,0,0,0,540707072,29701.837606,29701.919126,29697.701871,12.99785,29688.908865,0.0124109999997,0,2048
2,growth,all_delta,64,3,published,10234444,4,0,0,29832.474608,29832.59224,29832.593985,29832.596289,0,0.00930499999959,0.0132410000006,0.0634029999965,74760,0,473394944,75008,0,0,0,540782080,29838.258595,29838.353151,29832.596289,5.878543,29832.459866,0.0147419999994,0,2048
2,growth,all_delta,64,4,published,10269993,5,0,0,29979.082733,29980.394761,29980.397241,29980.400903,0,0.321575999998,0.291663,0.252718,1493058,0,473469952,1493248,0,0,0,542275328,29984.897616,29984.993588,29980.400903,5.910855,29979.069506,0.0132269999995,0,2048
2,growth,all_delta,64,5,published,10274223,6,0,0,30126.34322,30126.755806,30126.757641,30126.761245,0,0.0285149999982,0.0304430000033,0.0828499999952,177660,0,474963200,177664,0,0,0,542452992,30132.163938,30132.261219,30126.761245,5.917999,30126.329163,0.0140570000003,0,2048
2,growth,all_delta,64,6,published,10279473,7,0,0,30274.577372,30274.765344,30274.767472,30274.77231,0,0.0339459999996,0.0368490000001,0.0861850000038,220500,0,475140864,220672,0,0,0,542673664,30280.425589,30280.53048,30274.77231,5.953108,30274.563652,0.013719999999,0,2048
2,shadow,periodic2,64,1,published,9466817,2,0,0,31841.205253,31841.399449,31841.401253,31841.402539,0,0.0364889999983,0.0377899999985,0.0812829999995,228900,0,441000192,229120,0,0,0,508541440,32757.306315,33088.791436,31841.402539,1247.586183,31841.192005,0.0132479999993,0,2048
2,shadow,periodic2,64,2,published,10232664,1,1,0,31963.17942,32325.301911,32325.303461,32325.30601,272.604087,31.722636,47.169289,10.562553,461937462,859543776,0,441000192,441229312,441000192,229120,949541632,0,32325.305933,33088.790632,1125.611212,31963.166842,0.0125780000017,229120,2048
2,shadow,periodic2,64,3,published,10234444,2,0,0,32325.313813,32325.388619,32325.388922,32325.389404,0,0.00339400000303,0.00580999999875,0.0563849999999,74760,0,0,441075200,0,441000192,0,949387520,0,32325.38935,32325.389404,0.0755910000007,32085.235482,240.078331,0,2048
2,shadow,periodic2,64,4,published,10269993,1,1,0,32325.395775,32695.296537,32695.297446,32710.050419,286.680369,28.266084,44.893813,10.0079,432832764,862679412,0,441000192,441075200,441000192,441075200,1390387712,0,32710.050178,32710.050419,384.654644,32207.135921,118.259854,441075200,2048
2,shadow,periodic2,64,5,published,10274223,2,0,0,32710.06663,32710.186781,32710.18742,32710.188189,0,0.00913700000092,0.0187909999986,0.0804819999976,177660,0,0,441177856,0,441000192,0,949490176,0,32710.188135,32710.188189,0.121558999999,32329.831192,380.235438,0,2048
2,shadow,periodic2,64,6,published,10279473,1,1,0,32710.195354,33074.040535,33074.041841,33088.732118,282.440076,28.232477,43.64152,9.47708399999,431958366,863475732,0,441000192,441177856,0,441177856,1390490368,0,33088.73178,33088.732118,378.536764,32451.748128,258.447226,882178048,2048
2,growth,periodic2,64,1,published,9466817,2,0,0,33243.445825,33243.671669,33243.673761,33243.675196,0,0.0363270000016,0.0487700000085,0.0948320000025,228900,0,441000192,229120,0,0,0,508541440,33248.483715,33248.564139,33243.675196,5.118314,33243.42946,0.0163650000031,0,2048
2,growth,periodic2,64,2,published,10232664,1,1,0,33366.086394,33749.064599,33749.065756,33749.066666,290.185684,32.069492,50.111032,10.551013,461937462,859543776,0,441000192,441229312,441229312,0,949541632,33750.210455,33750.224778,33750.224583,384.138384,33366.072938,0.0134560000006,0,2048
2,growth,periodic2,64,3,published,10234444,2,0,0,33749.074334,33749.153319,33749.153593,33749.154251,0,0.00312700000359,0.00548100000015,0.0611290000015,74760,0,0,441075200,0,441229312,0,949616640,0,33749.160371,33749.154251,0.0860370000009,33488.794277,260.280057,0,2048
2,growth,periodic2,64,4,published,10269993,1,1,0,33749.161159,34106.787787,34106.788854,34106.78965,276.697968,28.237831,42.065816,9.88201499997,432832764,862679412,0,441000192,441075200,441075200,0,949387520,34108.291355,34121.904092,34121.903948,372.742933,33611.470905,137.690254,0,2048
2,growth,periodic2,64,5,published,10274223,2,0,0,34121.905401,34128.73732,34128.737915,34128.738545,0,0.00843000000168,0.0169279999973,0.0638760000002,177660,0,441000192,177664,0,0,0,508489984,34129.65644,34129.669551,34128.738545,7.76415,33734.597416,387.307985,0,2048
2,growth,periodic2,64,6,published,10279473,1,1,0,34128.771205,34556.863773,34556.864886,34556.865604,291.172474,28.427162,62.46948,9.49358999996,431958366,863475732,0,441000192,441177856,0,441177856,949490176,34239.037935,34571.425417,34571.425035,442.654212,33876.792221,251.978984,441177856,2048
3,sequential,compact,1,0,published,9461367,1,0,0,904.661209,1006.347786,1006.349432,1006.350458,0,33.313569,54.966697,13.344391,397377414,0,0,441000192,0,0,0,508312320,0,1006.350458,1006.350458,101.689249,904.661209,0,0,1280
3,sequential,compact,1,1,published_merge_deferred,9466817,2,0,1,1031.038319,1031.151939,1031.152869,1031.153357,0,0.015971,0.0350959999998,0.045022,228900,0,0,441229312,0,0,0,508541440,1031.019881,1031.161701,1031.153357,0.123382,1031.038319,0,0,1280
3,sequential,compact,1,2,published_merge_deferred,10232664,3,0,1,1055.70383,1062.731529,1062.733279,1062.733711,0,2.685781,3.207825,1.10296,32165574,0,0,473394944,0,0,0,540707072,1055.688005,1062.741975,1062.733711,7.038145,1055.70383,0,0,1280
3,sequential,compact,1,3,published_merge_deferred,10234444,4,0,1,1090.362371,1090.422236,1090.423312,1090.423703,0,0.005404,0.0095580000002,0.0321239999998,74760,0,0,473469952,0,0,0,540782080,1090.346886,1090.431469,1090.423703,0.0690980000002,1090.362371,0,0,1280
3,sequential,compact,1,4,published_merge_deferred,10269993,5,0,1,1118.260787,1118.645918,1118.647658,1118.648243,0,0.117853,0.138036,0.105544,1493058,0,0,474963200,0,0,0,542275328,1118.244487,1118.656666,1118.648243,0.395879,1118.260787,0,0,1280
3,sequential,compact,1,5,published_merge_deferred,10274223,6,0,1,1146.552917,1146.638599,1146.639998,1146.640507,0,0.012512,0.0242829999997,0.0359120000001,177660,0,0,475140864,0,0,0,542452992,1146.536123,1146.648258,1146.640507,0.095341,1146.552917,0,0,1280
3,sequential,compact,1,6,published_merge_deferred,10279473,7,0,1,1174.542924,1174.642813,1174.644115,1174.644745,0,0.0147530000002,0.0291110000001,0.043173,220500,0,0,475361536,0,0,0,542673664,1174.528679,1174.652767,1174.644745,0.109843,1174.542924,0,0,1280
3,sequential,all_delta,1,0,published,9461367,1,0,0,1202.835083,1302.711194,1302.712386,1302.712845,0,33.309866,53.074195,13.43827,397377414,0,0,441000192,0,0,0,508312320,0,1302.712845,1302.712845,99.877762,1202.835083,0,0,1280
3,sequential,all_delta,1,1,published,9466817,2,0,0,1327.2609,1327.364339,1327.365004,1327.365377,0,0.01596,0.0287590000003,0.0449779999997,228900,0,0,441229312,0,0,0,508541440,1327.244059,1327.372995,1327.365377,0.112095,1327.2609,0,0,1280
3,sequential,all_delta,1,2,published,10232664,3,0,0,1351.884263,1359.035492,1359.03671,1359.03739,0,2.687188,3.336733,1.100967,32165574,0,0,473394944,0,0,0,540707072,1351.868478,1359.045053,1359.03739,7.16079,1351.884263,0,0,1280
3,sequential,all_delta,1,3,published,10234444,4,0,0,1386.516212,1386.577261,1386.578021,1386.57835,0,0.00663099999997,0.00860400000033,0.0337890000001,74760,0,0,473469952,0,0,0,540782080,1386.499968,1386.585736,1386.57835,0.069524,1386.516212,0,0,1280
3,sequential,all_delta,1,4,published,10269993,5,0,0,1414.063195,1414.443398,1414.445142,1414.445829,0,0.117931,0.138135,0.104948,1493058,0,0,474963200,0,0,0,542275328,1414.048904,1414.45333,1414.445829,0.390135,1414.063195,0,0,1280
3,sequential,all_delta,1,5,published,10274223,6,0,0,1442.127427,1442.224745,1442.225894,1442.226647,0,0.0127729999999,0.0192319999999,0.041093,177660,0,0,475140864,0,0,0,542452992,1442.11155,1442.234701,1442.226647,0.107274,1442.127427,0,0,1280
3,sequential,all_delta,1,6,published,10279473,7,0,0,1470.019524,1470.109511,1470.110678,1470.111583,0,0.014633,0.0205959999998,0.0432250000001,220500,0,0,475361536,0,0,0,542673664,1470.000573,1470.119265,1470.111583,0.099741,1470.019524,0,0,1280
3,sequential,periodic2,1,0,published,9461367,1,0,0,1498.185982,1598.192776,1598.193976,1598.19446,0,33.385854,53.048021,13.481662,397377414,0,0,441000192,0,0,0,508312320,0,1598.19446,1598.19446,100.008478,1498.185982,0,0,1280
3,sequential,periodic2,1,1,published,9466817,2,0,0,1622.545718,1622.651886,1622.652587,1622.652975,0,0.015277,0.0275549999999,0.0448550000001,228900,0,0,441229312,0,0,0,508541440,1622.52369,1622.664147,1622.652975,0.118429,1622.545718,0,0,1280
3,sequential,periodic2,1,2,published_merge_deferred,10232664,3,0,1,1647.065285,1654.089891,1654.091144,1654.09167,0,2.686947,3.215613,1.095077,32165574,0,0,473394944,0,0,0,540707072,1647.048906,1654.099201,1654.09167,7.033916,1647.065285,0,0,1280
3,sequential,periodic2,1,3,published,10234444,4,0,0,1681.591002,1681.650676,1681.651757,1681.652336,0,0.00508400000012,0.00877800000012,0.0350189999997,74760,0,0,473469952,0,0,0,540782080,1681.576915,1681.659909,1681.652336,0.0689070000001,1681.591002,0,0,1280
3,sequential,periodic2,1,4,published_merge_deferred,10269993,5,0,1,1709.27172,1709.652164,1709.653543,1709.654147,0,0.117725,0.136416,0.105297,1493058,0,0,474963200,0,0,0,542275328,1709.258062,1709.661913,1709.654147,0.390193,1709.27172,0,0,1280
3,sequential,periodic2,1,5,published,10274223,6,0,0,1737.394633,1737.475449,1737.476652,1737.477137,0,0.0139259999999,0.0150599999999,0.0408809999997,177660,0,0,475140864,0,0,0,542452992,1737.380499,1737.484614,1737.477137,0.0899809999999,1737.394633,0,0,1280
3,sequential,periodic2,1,6,published_merge_deferred,10279473,7,0,1,1765.344667,1765.436509,1765.437691,1765.438375,0,0.014461,0.021375,0.0439199999998,220500,0,0,475361536,0,0,0,542673664,1765.329748,1765.446021,1765.438375,0.101354,1765.344667,0,0,1280
3,sequential,size_tiered,1,0,published,9461367,1,0,0,1793.454596,1892.316596,1892.317517,1892.317943,0,33.300535,52.292443,13.225545,397377414,0,0,441000192,0,0,0,508312320,0,1892.317943,1892.317943,98.863347,1793.454596,0,0,1280
3,sequential,size_tiered,1,1,published,9466817,2,0,0,1916.71496,1916.814246,1916.814838,1916.815209,0,0.015541,0.0268559999997,0.0448859999997,228900,0,0,441229312,0,0,0,508541440,1916.699905,1916.822598,1916.815209,0.107638,1916.71496,0,0,1280
3,sequential,size_tiered,1,2,published,10232664,2,1,0,1941.252271,1981.189958,1981.191539,1981.192138,25.135291,5.399991,6.635457,2.281019,64560048,64788948,0,473394688,229120,0,229120,540935936,1941.238681,1981.659177,1981.658943,40.406906,1941.252271,0,229120,1280
3,sequential,size_tiered,1,3,published,10234444,3,0,0,2009.03445,2009.095531,2009.09635,2009.096873,0,0.00524800000017,0.00887399999988,0.0349679999999,74760,0,0,473469696,0,0,0,540781824,2009.019511,2009.104129,2009.096873,0.069679,2009.03445,0,0,1280
3,sequential,size_tiered,1,4,published,10269993,3,1,0,2043.461282,2045.473763,2045.475124,2045.47575,1.107763,0.289695,0.305802,0.2536,3060876,3135636,0,474962688,75008,0,75008,542349824,2043.388118,2045.486239,2045.484436,2.024957,2043.461282,0,75008,1280
3,sequential,size_tiered,1,5,published,10274223,4,0,0,2073.134023,2073.262968,2073.268411,2073.269192,0,0.0185280000001,0.0470689999997,0.0466240000001,177660,0,0,475140352,0,0,0,542452480,2073.114369,2073.276902,2073.269192,0.142879,2073.134023,0,0,1280
3,sequential,size_tiered,1,6,published,10279473,4,1,0,2100.943914,2101.437496,2101.4387,2101.439485,0.234219,0.0544490000002,0.0736759999995,0.104171000001,618660,796320,0,475361024,177664,0,177664,542850816,2100.929307,2101.448026,2101.447881,0.504112,2100.943914,0,177664,1280
3,sequential,compact,8,0,published,9461367,1,0,0,2131.16879,2387.347912,2387.349544,2387.350034,0,47.809886,194.062213,13.283239,397377414,0,0,441000192,0,0,0,508312320,0,2387.350034,2387.350034,256.181244,2131.16879,0,0,1280
3,sequential,compact,8,1,published_merge_deferred,9466817,2,0,1,2404.368335,2404.511617,2404.512255,2404.512572,0,0.0260590000003,0.0573410000006,0.0446090000005,228900,0,0,441229312,0,0,0,508541440,2404.342943,2404.52033,2404.512572,0.151995,2404.368335,0,0,1280
3,sequential,compact,8,2,published_merge_deferred,10232664,3,0,1,2421.049445,2428.360431,2428.361452,2428.361847,0,2.68538,3.502158,1.097262,32165574,0,0,473394944,0,0,0,540707072,2421.029344,2428.369679,2428.361847,7.320234,2421.049445,0,0,1280
3,sequential,compact,8,3,published_merge_deferred,10234444,4,0,1,2447.809265,2447.870211,2447.871047,2447.871476,0,0.00513899999987,0.00652499999933,0.0372230000003,74760,0,0,473469952,0,0,0,540782080,2447.786601,2447.878745,2447.871476,0.0694800000001,2447.809265,0,0,1280
3,sequential,compact,8,4,published_merge_deferred,10269993,5,0,1,2467.36385,2467.735373,2467.737385,2467.737826,0,0.117397,0.129404,0.105896,1493058,0,0,474963200,0,0,0,542275328,2467.341739,2467.74536,2467.737826,0.38151,2467.36385,0,0,1280
3,sequential,compact,8,5,published_merge_deferred,10274223,6,0,1,2487.828754,2488.386754,2488.387953,2488.388418,0,0.0124519999999,0.0162999999998,0.0421080000001,177660,0,0,475140864,0,0,0,542452992,2487.284223,2489.483834,2488.388418,1.65508,2487.828754,0,0,1280
3,sequential,compact,8,6,published_merge_deferred,10279473,7,0,1,2509.115749,2509.211517,2509.212853,2509.213412,0,0.0144369999998,0.0227679999998,0.043651,220500,0,0,475361536,0,0,0,542673664,2509.095029,2509.221033,2509.213412,0.105284,2509.115749,0,0,1280
3,sequential,all_delta,8,0,published,9461367,1,0,0,2528.937837,2624.526954,2624.527964,2624.528329,0,33.305033,48.997784,13.247608,397377414,0,0,441000192,0,0,0,508312320,0,2624.528329,2624.528329,95.590492,2528.937837,0,0,1280
3,sequential,all_delta,8,1,published,9466817,2,0,0,2640.927858,2641.026027,2641.026665,2641.026915,0,0.0156999999999,0.0249039999999,0.0457010000005,228900,0,0,441229312,0,0,0,508541440,2640.906242,2641.034539,2641.026915,0.106681,2640.927858,0,0,1280
3,sequential,all_delta,8,2,published,10232664,3,0,0,2657.538457,2664.688809,2664.689955,2664.690376,0,2.685611,3.340059,1.102939,32165574,0,0,473394944,0,0,0,540707072,2657.518416,2664.697626,2664.690376,7.159169,2657.538457,0,0,1280
3,sequential,all_delta,8,3,published,10234444,4,0,0,2684.073542,2684.131728,2684.132408,2684.132683,0,0.00534199999993,0.00608799999964,0.0360170000004,74760,0,0,473469952,0,0,0,540782080,2684.053245,2684.140077,2684.132683,0.0665349999999,2684.073542,0,0,1280
3,sequential,all_delta,8,4,published,10269993,5,0,0,2703.606902,2703.982196,2703.983137,2703.983595,0,0.11693,0.134051,0.107616,1493058,0,0,474963200,0,0,0,542275328,2703.587398,2703.990929,2703.983595,0.384027,2703.606902,0,0,1280
3,sequential,all_delta,8,5,published,10274223,6,0,0,2723.584349,2723.663042,2723.66396,2723.664584,0,0.0120889999998,0.0147890000007,0.0412529999994,177660,0,0,475140864,0,0,0,542452992,2723.563336,2723.67193,2723.664584,0.0875809999998,2723.584349,0,0,1280
3,sequential,all_delta,8,6,published,10279473,7,0,0,2743.284697,2743.373525,2743.374741,2743.37544,0,0.0146569999997,0.0196340000002,0.0443140000007,220500,0,0,475361536,0,0,0,542673664,2743.26466,2743.383019,2743.37544,0.0983219999998,2743.284697,0,0,1280
3,sequential,periodic2,8,0,published,9461367,1,0,0,2763.093697,2861.36694,2861.367823,2861.368303,0,33.269495,50.283548,14.682431,397377414,0,0,441000192,0,0,0,508312320,0,2861.368303,2861.368303,98.274606,2763.093697,0,0,1280
3,sequential,periodic2,8,1,published,9466817,2,0,0,2877.755744,2877.851528,2877.85213,2877.852452,0,0.0154939999998,0.0248609999999,0.0450030000002,228900,0,0,441229312,0,0,0,508541440,2877.736109,2877.859865,2877.852452,0.104121,2877.755744,0,0,1280
3,sequential,periodic2,8,2,published_merge_deferred,10232664,3,0,1,2894.380806,2901.792224,2901.793127,2901.793542,0,2.690325,3.408959,1.287714,32165574,0,0,473394944,0,0,0,540707072,2894.361278,2901.801156,2901.793542,7.42035,2894.380806,0,0,1280
3,sequential,periodic2,8,3,published,10234444,4,0,0,2921.170994,2921.23506,2921.235723,2921.236106,0,0.00478500000008,0.00614500000029,0.0429499999996,74760,0,0,473469952,0,0,0,540782080,2921.146702,2921.243507,2921.236106,0.0725130000001,2921.170994,0,0,1280
3,sequential,periodic2,8,4,published_merge_deferred,10269993,5,0,1,2940.75877,2941.515213,2941.517045,2941.517464,0,0.117421,0.135506,0.108242,1493058,0,0,474963200,0,0,0,542275328,2940.726357,2941.527594,2941.517464,0.768824,2940.75877,0,0,1280
3,sequential,periodic2,8,5,published,10274223,6,0,0,2961.435978,2961.521843,2961.522991,2961.523472,0,0.0120870000001,0.01595,0.042711999999,177660,0,0,475140864,0,0,0,542452992,2961.073557,2961.538481,2961.523472,0.102503,2961.435978,0,0,1280
3,sequential,periodic2,8,6,published_merge_deferred,10279473,7,0,1,2981.115144,2981.212222,2981.213702,2981.21419,0,0.014404,0.0197689999995,0.0453010000006,220500,0,0,475361536,0,0,0,542673664,2981.08984,2981.225422,2981.21419,0.110278,2981.115144,0,0,1280
3,sequential,size_tiered,8,0,published,9461367,1,0,0,3000.902373,3098.776375,3098.777194,3098.777645,0,33.325011,49.572205,14.938817,397377414,0,0,441000192,0,0,0,508312320,0,3098.777645,3098.777645,97.875272,3000.902373,0,0,1280
3,sequential,size_tiered,8,1,published,9466817,2,0,0,3115.168909,3115.267286,3115.267908,3115.268169,0,0.0153009999999,0.0271729999995,0.04457,228900,0,0,441229312,0,0,0,508541440,3115.14803,3115.275347,3115.268169,0.106438,3115.168909,0,0,1280
3,sequential,size_tiered,8,2,published,10232664,2,1,0,3131.805816,3170.515125,3170.516406,3170.516795,24.070275,5.393056,6.780963,2.406441,64560048,64788948,0,473394688,229120,0,229120,540935936,3131.785918,3170.52634,3170.526155,38.720524,3131.805816,0,229120,1280
3,sequential,size_tiered,8,3,published,10234444,3,0,0,3189.793985,3189.8508,3189.851561,3189.851833,0,0.00492800000029,0.0061580000006,0.0341619999999,74760,0,0,473469696,0,0,0,540781824,3189.773389,3189.859106,3189.851833,0.0651210000001,3189.793985,0,0,1280
3,sequential,size_tiered,8,4,published,10269993,3,1,0,3209.202717,3216.017643,3216.019923,3216.020333,5.988525,0.245005,0.287759,0.240244000001,3060876,3135636,0,474962688,75008,0,75008,542349824,3209.182893,3216.029836,3216.029608,6.827119,3209.202717,0,75008,1280
3,sequential,size_tiered,8,5,published,10274223,4,0,0,3235.486046,3235.617024,3235.617694,3235.618118,0,0.0119909999999,0.0661920000002,0.041588,177660,0,0,475140352,0,0,0,542452480,3235.465194,3235.625544,3235.618118,0.139498,3235.486046,0,0,1280
3,sequential,size_tiered,8,6,published,10279473,4,1,0,3255.135594,3255.662709,3255.663487,3255.663928,0.254017,0.0431410000001,0.106191,0.0994760000003,618660,796320,0,475361024,177664,0,177664,542850816,3255.115465,3255.672659,3255.672438,0.537065,3255.135594,0,177664,1280
3,sequential,compact,64,0,published,9461367,1,0,0,3275.300801,3426.892965,3426.893805,3426.894178,0,33.27154,103.670866,14.611631,397377414,0,0,441000192,0,0,0,508312320,0,3426.894178,3426.894178,151.593377,3275.300801,0,0,1280
3,sequential,compact,64,1,published_merge_deferred,9466817,2,0,1,3442.325561,3442.477859,3442.478398,3442.478679,0,0.0153029999997,0.078771,0.0445199999999,228900,0,0,441229312,0,0,0,508541440,3442.278444,3442.486176,3442.478679,0.160615,3442.325561,0,0,1280
3,sequential,compact,64,2,published_merge_deferred,10232664,3,0,1,3457.995523,3475.719789,3475.72061,3475.720955,0,3.050623,13.442004,1.207521,32165574,0,0,473394944,0,0,0,540707072,3457.948856,3475.72858,3475.720955,17.733057,3457.995523,0,0,1280
3,sequential,compact,64,3,published_merge_deferred,10234444,4,0,1,3494.122875,3494.182416,3494.183019,3494.183317,0,0.00496900000007,0.00565599999982,0.0363449999995,74760,0,0,473469952,0,0,0,540782080,3494.073347,3494.190894,3494.183317,0.0680189999998,3494.122875,0,0,1280
3,sequential,compact,64,4,published_merge_deferred,10269993,5,0,1,3512.706491,3513.08499,3513.086024,3513.086695,0,0.11713,0.128503,0.112669000001,1493058,0,0,474963200,0,0,0,542275328,3512.656266,3513.094606,3513.086695,0.388115,3512.706491,0,0,1280
3,sequential,compact,64,5,published_merge_deferred,10274223,6,0,1,3531.687738,3531.768106,3531.769054,3531.769473,0,0.011782,0.0143500000004,0.0414000000001,177660,0,0,475140864,0,0,0,542452992,3531.637672,3531.777218,3531.769473,0.0894800000001,3531.687738,0,0,1280
3,sequential,compact,64,6,published_merge_deferred,10279473,7,0,1,3550.462041,3550.553592,3550.554666,3550.555161,0,0.0144799999998,0.0206939999998,0.0442979999998,220500,0,0,475361536,0,0,0,542673664,3550.411812,3550.562765,3550.555161,0.100724,3550.462041,0,0,1280
3,sequential,all_delta,64,0,published,9461367,1,0,0,3569.328359,3666.113235,3666.113996,3666.114327,0,33.264349,48.970347,14.512594,397377414,0,0,441000192,0,0,0,508312320,0,3666.114327,3666.114327,96.785968,3569.328359,0,0,1280
3,sequential,all_delta,64,1,published,9466817,2,0,0,3682.120694,3683.215992,3683.21674,3683.217109,0,0.0150679999997,0.0168509999994,0.045486,228900,0,0,441229312,0,0,0,508541440,3681.545025,3684.578588,3683.217109,2.457894,3682.120694,0,0,1280
3,sequential,all_delta,64,2,published,10232664,3,0,0,3700.0773,3707.218028,3707.218908,3707.219329,0,2.690245,3.107282,1.315502,32165574,0,0,473394944,0,0,0,540707072,3700.027241,3707.226996,3707.219329,7.149696,3700.0773,0,0,1280
3,sequential,all_delta,64,3,published,10234444,4,0,0,3725.605595,3725.663335,3725.663847,3725.664148,0,0.00492499999973,0.00523100000009,0.0364610000006,74760,0,0,473469952,0,0,0,540782080,3725.552364,3725.671712,3725.664148,0.0661169999998,3725.605595,0,0,1280
3,sequential,all_delta,64,4,published,10269993,5,0,0,3744.174547,3744.561397,3744.562378,3744.562733,0,0.129829,0.126724,0.112293,1493058,0,0,474963200,0,0,0,542275328,3744.122187,3744.570799,3744.562733,0.396252,3744.174547,0,0,1280
3,sequential,all_delta,64,5,published,10274223,6,0,0,3763.174891,3763.258907,3763.259794,3763.260268,0,0.0119879999997,0.0143579999994,0.0458059999996,177660,0,0,475140864,0,0,0,542452992,3763.118129,3763.267588,3763.260268,0.092697,3763.174891,0,0,1280
3,sequential,all_delta,64,6,published,10279473,7,0,0,3782.060048,3782.618083,3782.619178,3782.61959,0,0.0149739999997,0.0191799999998,0.0389009999999,220500,0,0,475361536,0,0,0,542673664,3781.909317,3783.181943,3782.61959,1.121895,3782.060048,0,0,1280
3,sequential,periodic2,64,0,published,9461367,1,0,0,3802.002439,3898.681532,3898.682303,3898.682695,0,33.279763,48.883594,14.479038,397377414,0,0,441000192,0,0,0,508312320,0,3898.682695,3898.682695,96.680256,3802.002439,0,0,1280
3,sequential,periodic2,64,1,published,9466817,2,0,0,3914.114273,3914.203865,3914.204439,3914.204777,0,0.0152969999999,0.0164629999999,0.0463519999998,228900,0,0,441229312,0,0,0,508541440,3914.06861,3914.214779,3914.204777,0.100506,3914.114273,0,0,1280
3,sequential,periodic2,64,2,published_merge_deferred,10232664,3,0,1,3929.713967,3936.70685,3936.707741,3936.708094,0,2.704889,3.073418,1.189157,32165574,0,0,473394944,0,0,0,540707072,3929.666888,3936.715655,3936.708094,7.001688,3929.713967,0,0,1280
3,sequential,periodic2,64,3,published,10234444,4,0,0,3955.102531,3955.158755,3955.159279,3955.159553,0,0.00488800000039,0.00527699999975,0.035813,74760,0,0,473469952,0,0,0,540782080,3955.053108,3955.16659,3955.159553,0.0640589999998,3955.102531,0,0,1280
3,sequential,periodic2,64,4,published_merge_deferred,10269993,5,0,1,3973.669442,3974.039018,3974.039851,3974.040382,0,0.117595,0.126887,0.106586,1493058,0,0,474963200,0,0,0,542275328,3973.62025,3974.048066,3974.040382,0.378624,3973.669442,0,0,1280
3,sequential,periodic2,64,5,published,10274223,6,0,0,3992.644448,3992.721512,3992.722255,3992.722679,0,0.0121679999997,0.0138769999999,0.0402670000003,177660,0,0,475140864,0,0,0,542452992,3992.593219,3992.730293,3992.722679,0.0858450000001,3992.644448,0,0,1280
3,sequential,periodic2,64,6,published_merge_deferred,10279473,7,0,1,4011.409895,4011.502821,4011.503923,4011.504329,0,0.0148020000001,0.0192330000004,0.047039,220500,0,0,475361536,0,0,0,542673664,4011.359149,4011.512202,4011.504329,0.102307,4011.409895,0,0,1280
3,sequential,size_tiered,64,0,published,9461367,1,0,0,4030.308467,4128.521602,4128.522559,4128.522957,0,33.381671,49.787914,15.006688,397377414,0,0,441000192,0,0,0,508312320,0,4128.522957,4128.522957,98.21449,4030.308467,0,0,1280
3,sequential,size_tiered,64,1,published,9466817,2,0,0,4143.955075,4144.044713,4144.045246,4144.045579,0,0.0150020000001,0.0164759999989,0.0452509999996,228900,0,0,441229312,0,0,0,508541440,4143.906043,4144.053142,4144.045579,0.0980669999999,4143.955075,0,0,1280
3,sequential,size_tiered,64,2,published,10232664,2,1,0,4159.549437,4179.042173,4179.043156,4179.043546,5.052824,5.394236,6.412069,2.583865,64560048,64788948,0,473394688,229120,0,229120,540935936,4159.502311,4179.052632,4179.05242,19.503195,4159.549437,0,229120,1280
3,sequential,size_tiered,64,3,published,10234444,3,0,0,4197.3726,4197.432948,4197.433485,4197.433747,0,0.00477899999987,0.00521599999956,0.0384829999994,74760,0,0,473469696,0,0,0,540781824,4197.323096,4197.440994,4197.433747,0.0683939999999,4197.3726,0,0,1280
3,sequential,size_tiered,64,4,published,10269993,3,1,0,4215.767985,4216.771095,4216.771986,4216.772414,0.246725999999,0.240474,0.263925000001,0.214643,3060876,3135636,0,474962688,75008,0,75008,542349824,4215.71852,4216.781535,4216.781279,1.01355,4215.767985,0,75008,1280
3,sequential,size_tiered,64,5,published,10274223,4,0,0,4235.232494,4235.312618,4235.313145,4235.313416,0,0.0119089999998,0.0146409999998,0.0424700000003,177660,0,0,475140352,0,0,0,542452480,4235.180659,4235.320818,4235.313416,0.0883240000003,4235.232494,0,0,1280
3,sequential,size_tiered,64,6,published,10279473,4,1,0,4253.837122,4254.144694,4254.14541,4254.14576,0.0933459999997,0.0432209999999,0.0432090000004,0.103749,618660,796320,0,475361024,177664,0,177664,542850816,4253.78505,4254.154769,4254.154605,0.317647,4253.837122,0,177664,1280
3,sequential,compact,1,0,published,9461367,1,0,0,874.537277,971.902434,971.904615,971.905715,0,33.57453,54.325854,9.405649,397377414,0,0,441000192,0,0,0,508312320,0,971.905715,971.905715,97.368438,874.537277,0,0,2048
3,sequential,compact,1,1,published,9466817,1,1,0,995.308325,1469.65109,1469.652861,1469.654169,377.102534,33.553712,54.225417,9.395961,397835214,795212628,0,441000192,441000192,0,441000192,949312512,995.292005,1469.663742,1469.663503,474.355417,995.308325,0,441000192,2048
3,sequential,compact,1,2,published,10232664,1,1,0,1492.959766,1906.694196,1906.695795,1906.696671,316.371466,38.715722,47.715057,10.845035,461937462,859543776,0,441000192,441000192,0,441000192,949312512,1492.942662,1923.981239,1906.706073,431.021473,1492.959766,0,441000192,2048
3,sequential,compact,1,3,published,10234444,1,1,0,1950.038599,2324.476482,2324.47793,2324.478769,293.050597,33.971763,37.927359,9.420644,429921408,859693296,0,441000192,441000192,0,441000192,949312512,1950.015515,2338.621199,2324.487056,388.5826,1950.038599,0,441000192,2048
3,sequential,compact,1,4,published,10269993,1,1,0,2363.869317,2691.152265,2691.153708,2691.154523,251.049095,28.225688,38.460547,9.490935,432832764,862679412,0,441000192,441000192,0,441000192,949312512,2363.847761,2705.591755,2691.161654,341.722438,2363.869317,0,441000192,2048
3,sequential,compact,1,5,published,10274223,1,1,0,2730.733567,3130.74507,3130.746024,3130.746851,249.784307,30.888195,109.986862,9.299393,431695026,863034732,0,441000192,441000192,0,441000192,949312512,2730.712216,3144.714342,3130.754715,413.980775,2730.733567,0,441000192,2048
3,sequential,compact,1,6,published,10279473,1,1,0,3170.108613,3503.389433,3503.390815,3503.391676,257.132397,28.163002,37.924729,9.442719,431958366,863475732,0,441000192,441000192,0,441000192,949312512,3170.089161,3517.815846,3503.400175,347.707233,3170.108613,0,441000192,2048
3,sequential,all_delta,1,0,published,9461367,1,0,0,3560.693141,3633.995337,3633.996273,3633.996964,0,25.968333,37.684648,8.653036,397377414,0,0,441000192,0,0,0,508312320,0,3633.996964,3633.996964,73.303823,3560.693141,0,0,2048
3,sequential,all_delta,1,1,published,9466817,2,0,0,3656.521571,3657.645225,3657.645903,3657.646197,0,0.014122,0.031168,0.0369770000002,228900,0,0,441229312,0,0,0,508541440,3656.157612,3658.210552,3657.646197,1.688981,3656.521571,0,0,2048
3,sequential,all_delta,1,2,published,10232664,3,0,0,3680.501825,3686.331753,3686.332959,3686.333593,0,2.087464,2.987498,0.737783,32165574,0,0,473394944,0,0,0,540707072,3680.490885,3686.339326,3686.333593,5.837501,3680.501825,0,0,2048
3,sequential,all_delta,1,3,published,10234444,4,0,0,3711.47841,3711.521785,3711.522612,3711.522927,0,0.00313400000005,0.00592899999947,0.0251070000004,74760,0,0,473469952,0,0,0,540782080,3711.46781,3711.528538,3711.522927,0.0501279999999,3711.47841,0,0,2048
3,sequential,all_delta,1,4,published,10269993,5,0,0,3736.729464,3737.039356,3737.04069,3737.041398,0,0.0903590000003,0.119635,0.0864030000002,1493058,0,0,474963200,0,0,0,542275328,3736.718605,3737.046819,3737.041398,0.317355,3736.729464,0,0,2048
3,sequential,all_delta,1,5,published,10274223,6,0,0,3762.470945,3762.535976,3762.537121,3762.53756,0,0.00853299999972,0.0146629999995,0.032389,177660,0,0,475140864,0,0,0,542452992,3762.458886,3762.543156,3762.53756,0.0722110000002,3762.470945,0,0,2048
3,sequential,all_delta,1,6,published,10279473,7,0,0,3788.046798,3788.11836,3788.119283,3788.119693,0,0.0101679999998,0.0179009999997,0.0352720000001,220500,0,0,475361536,0,0,0,542673664,3788.035259,3788.125359,3788.119693,0.0785610000003,3788.046798,0,0,2048
3,sequential,periodic2,1,0,published,9461367,1,0,0,3813.794786,3885.623157,3885.624259,3885.624836,0,25.961754,37.183585,8.656621,397377414,0,0,441000192,0,0,0,508312320,0,3885.624836,3885.624836,71.83005,3813.794786,0,0,2048
3,sequential,periodic2,1,1,published,9466817,2,0,0,3907.914025,3907.988684,3907.989286,3907.989516,0,0.011113,0.0179730000004,0.0368559999997,228900,0,0,441229312,0,0,0,508541440,3907.903366,3907.994984,3907.989516,0.0809589999999,3907.914025,0,0,2048
3,sequential,periodic2,1,2,published,10232664,1,1,0,3930.220772,4343.773824,4343.77535,4343.776191,331.373342,30.085827,41.828361,10.078607,461937462,859543776,0,441000192,441229312,0,441229312,949541632,3930.210202,4344.337444,4344.337225,414.116672,3930.220772,0,441229312,2048
3,sequential,periodic2,1,3,published,10234444,2,0,0,4369.381262,4369.426599,4369.427296,4369.427634,0,0.00315200000023,0.00525199999993,0.026773999999,74760,0,0,441075200,0,0,0,508387328,4369.368068,4369.433251,4369.427634,0.0519890000005,4369.381262,0,0,2048
3,sequential,periodic2,1,4,published,10269993,1,1,0,4394.433995,4758.241916,4758.243027,4758.243594,286.774165,28.18879,39.281622,9.513213,432832764,862679412,0,441000192,441075200,0,441075200,949387520,4394.423199,4775.933399,4775.933135,381.499404,4394.433995,0,441075200,2048
3,sequential,periodic2,1,5,published,10274223,2,0,0,4801.156331,4801.223589,4801.224412,4801.224924,0,0.0087510000003,0.0130410000002,0.0344180000002,177660,0,0,441177856,0,0,0,508489984,4801.136741,4801.230654,4801.224924,0.0743229999998,4801.156331,0,0,2048
3,sequential,periodic2,1,6,published,10279473,1,1,0,4826.464508,5235.1822,5235.183303,5235.184359,299.081326,31.7832,68.368128,9.434829,431958366,863475732,0,441000192,441177856,0,441177856,949490176,4826.453074,5249.477677,5249.477441,423.013169,4826.464508,0,441177856,2048
3,sequential,size_tiered,1,0,published,9461367,1,0,0,5292.809717,5440.12366,5440.125501,5440.126355,0,29.923672,108.170795,9.162182,397377414,0,0,441000192,0,0,0,508312320,0,5440.126355,5440.126355,147.316638,5292.809717,0,0,2048
3,sequential,size_tiered,1,1,published,9466817,2,0,0,5463.321582,5463.415031,5463.415854,5463.416244,0,0.0154560000001,0.0231939999994,0.042308,228900,0,0,441229312,0,0,0,508541440,5463.303009,5463.423547,5463.416244,0.101965000001,5463.321582,0,0,2048
3,sequential,size_tiered,1,2,published,10232664,2,1,0,5486.567541,5528.089302,5528.091139,5528.091926,26.863695,5.440002,7.529763,1.617262,64560048,64788948,0,473394688,229120,0,229120,540935936,5486.552832,5528.101712,5528.10141,41.534171,5486.567541,0,229120,2048
3,sequential,size_tiered,1,3,published,10234444,3,0,0,5554.227157,5554.286215,5554.287367,5554.288214,0,0.00554300000022,0.00802699999986,0.0325699999994,74760,0,0,473469696,0,0,0,540781824,5554.207349,5554.295575,5554.288214,0.0684179999998,5554.227157,0,0,2048
3,sequential,size_tiered,1,4,published,10269993,3,1,0,5580.417665,5583.226934,5583.228462,5583.229246,1.112834,0.241620000001,0.321359999999,0.212062000001,3060876,3135636,0,474962688,75008,0,75008,542349824,5580.400179,5583.244257,5583.24386,2.826592,5580.417665,0,75008,2048
3,sequential,size_tiered,1,5,published,10274223,4,0,0,5609.477082,5609.557885,5609.5591,5609.559709,0,0.0130410000002,0.0183779999988,0.0344100000002,177660,0,0,475140352,0,0,0,542452480,5609.46024,5609.567145,5609.559709,0.0900629999996,5609.477082,0,0,2048
3,sequential,size_tiered,1,6,published,10279473,4,1,0,5635.818613,5636.616998,5636.618246,5636.619083,0.239229000001,0.044672,0.0420219999987,0.0861210000003,618660,796320,0,475361024,177664,0,177664,542850816,5635.801687,5637.075666,5637.075444,1.257053,5635.818613,0,177664,2048
3,sequential,compact,8,0,published,9461367,1,0,0,5665.013144,5757.43935,5757.440973,5757.441906,0,33.55705,49.543359,9.263599,397377414,0,0,441000192,0,0,0,508312320,0,5757.441906,5757.441906,92.428762,5665.013144,0,0,2048
3,sequential,compact,8,1,published,9466817,1,1,0,5773.89412,6152.180003,6152.181362,6152.182015,284.060582,33.861726,50.734301,9.318032,397835214,795212628,0,441000192,441000192,0,441000192,949312512,5773.705981,6152.192796,6152.192489,378.298676,5773.89412,0,441000192,2048
3,sequential,compact,8,2,published,10232664,1,1,0,6168.478034,6676.496339,6676.498179,6676.49891,397.091,30.534504,70.193238,10.120577,461937462,859543776,0,441000192,441000192,0,441000192,949312512,6168.461133,6689.903732,6676.506856,521.425698,6168.478034,0,441000192,2048
3,sequential,compact,8,3,published,10234444,1,1,0,6709.248973,7170.12809,7170.129604,7170.130313,352.35766,36.385779,61.829128,10.204072,429921408,859693296,0,441000192,441000192,0,441000192,949312512,6709.145395,7188.060034,7170.139838,478.811061,6709.248973,0,441000192,2048
3,sequential,compact,8,4,published,10269993,1,1,0,7207.297184,7707.487624,7707.489362,7707.490194,391.522745,36.637623,61.501232,10.233553,432832764,862679412,0,441000192,441000192,0,441000192,949312512,7207.261746,7730.599517,7707.672942,523.302333,7207.297184,0,441000192,2048
3,sequential,compact,8,5,published,10274223,1,1,0,7749.825079,8245.635077,8245.638805,8245.639461,387.546377,37.930976,60.042589,10.209109,431695026,863034732,0,441000192,441000192,0,441000192,949312512,7749.786801,8264.941875,8245.650188,515.116796,7749.825079,0,441000192,2048
3,sequential,compact,8,6,published,10279473,1,1,0,8284.258789,8792.23441,8792.235951,8792.23676,399.857251,36.615339,61.194479,10.222673,431958366,863475732,0,441000192,441000192,0,441000192,949312512,8284.224331,8813.345112,8792.249799,529.086323,8284.258789,0,441000192,2048
3,sequential,all_delta,8,0,published,9461367,1,0,0,8856.319809,9111.825686,9111.826988,9111.827688,0,39.651148,206.65454,9.154121,397377414,0,0,441000192,0,0,0,508312320,0,9111.827688,9111.827688,255.507879,8856.319809,0,0,2048
3,sequential,all_delta,8,1,published,9466817,2,0,0,9128.214852,9128.403525,9128.404264,9128.404712,0,0.0168799999992,0.111125999998,0.0457379999971,228900,0,0,441229312,0,0,0,508541440,9128.115704,9128.412109,9128.404712,0.197257000002,9128.214852,0,0,2048
3,sequential,all_delta,8,2,published,10232664,3,0,0,9144.797616,9165.279667,9165.280869,9165.281325,0,3.23174,16.435882,0.789798999998,32165574,0,0,473394944,0,0,0,540707072,9144.776297,9165.288569,9165.281325,20.490953,9144.797616,0,0,2048
3,sequential,all_delta,8,3,published,10234444,4,0,0,9184.545292,9184.609446,9184.610445,9184.610889,0,0.00497499999983,0.0072569999993,0.0403109999988,74760,0,0,473469952,0,0,0,540782080,9184.521319,9184.618007,9184.610889,0.0727149999984,9184.545292,0,0,2048
3,sequential,all_delta,8,4,published,10269993,5,0,0,9203.981736,9204.988898,9204.990769,9204.991555,0,0.11788,0.772928999999,0.098027,1493058,0,0,474963200,0,0,0,542275328,9203.958181,9205.000153,9204.991555,1.018417,9203.981736,0,0,2048
3,sequential,all_delta,8,5,published,10274223,6,0,0,9224.466749,9224.616409,9224.617678,9224.618224,0,0.0145009999997,0.0855170000013,0.036970000001,177660,0,0,475140864,0,0,0,542452992,9224.444272,9224.626047,9224.618224,0.159298,9224.466749,0,0,2048
3,sequential,all_delta,8,6,published,10279473,7,0,0,9244.098343,9244.190112,9244.191356,9244.191972,0,0.0145959999991,0.0218219999988,0.044074999998,220500,0,0,475361536,0,0,0,542673664,9244.078373,9244.199062,9244.191972,0.100719,9244.098343,0,0,2048
3,sequential,periodic2,8,0,published,9461367,1,0,0,9263.778947,9361.640208,9361.640996,9361.641645,0,33.5909,54.86898,9.357458,397377414,0,0,441000192,0,0,0,508312320,0,9361.641645,9361.641645,97.862698,9263.778947,0,0,2048
3,sequential,periodic2,8,1,published,9466817,2,0,0,9377.914747,9378.009407,9378.010187,9378.010846,0,0.0162799999998,0.0227469999991,0.0422579999995,228900,0,0,441229312,0,0,0,508541440,9377.891078,9378.018254,9378.010846,0.103507,9377.914747,0,0,2048
3,sequential,periodic2,8,2,published,10232664,1,1,0,9394.368071,10000.894252,10000.896001,10000.896911,508.033209,38.82153,48.737021,10.841991,461937462,859543776,0,441000192,441229312,0,441229312,949541632,9394.348038,10000.909475,10000.909275,606.541404,9394.368071,0,441229312,2048
3,sequential,periodic2,8,3,published,10234444,2,0,0,10019.958665,10020.019146,10020.019748,10020.020132,0,0.00491299999885,0.00667499999872,0.0345870000019,74760,0,0,441075200,0,0,0,508387328,10019.933166,10020.027558,10020.020132,0.0688929999997,10019.958665,0,0,2048
3,sequential,periodic2,8,4,published,10269993,1,1,0,10039.124083,10378.293463,10378.294577,10378.295165,262.586385,28.243338,38.763327,9.51381799999,432832764,862679412,0,441000192,441075200,0,441075200,949387520,10039.102977,10392.745655,10392.745399,353.621572,10039.124083,0,441075200,2048
3,sequential,periodic2,8,5,published,10274223,2,0,0,10411.659346,10411.726765,10411.727218,10411.727625,0,0.00848100000076,0.0156900000002,0.031997,177660,0,0,441177856,0,0,0,508489984,10411.631969,10411.733291,10411.727625,0.0739450000001,10411.659346,0,0,2048
3,sequential,periodic2,8,6,published,10279473,1,1,0,10430.647492,10762.615035,10762.616415,10762.617232,255.319626,28.213325,38.928197,9.449793,431958366,863475732,0,441000192,441177856,0,441177856,949490176,10430.630079,10775.97313,10775.972777,345.325638,10430.647492,0,441177856,2048
3,sequential,size_tiered,8,0,published,9461367,1,0,0,10812.741683,10883.365303,10883.36624,10883.366927,0,25.985447,35.91578,8.68524999999,397377414,0,0,441000192,0,0,0,508312320,0,10883.366927,10883.366927,70.625244,10812.741683,0,0,2048
3,sequential,size_tiered,8,1,published,9466817,2,0,0,10900.0502,10900.150666,10900.151286,10900.151718,0,0.0114010000016,0.0193210000016,0.0372839999982,228900,0,0,441229312,0,0,0,508541440,10899.376507,10900.201804,10900.151718,0.151604000001,10900.0502,0,0,2048
3,sequential,size_tiered,8,2,published,10232664,2,1,0,10916.287365,10946.200499,10946.202059,10946.20268,18.518467,4.188517,5.662728,1.489487,64560048,64788948,0,473394688,229120,0,229120,540935936,10916.267734,10946.211163,10946.210913,29.923798,10916.287365,0,229120,2048
3,sequential,size_tiered,8,3,published,10234444,3,0,0,10965.114323,10965.162583,10965.163442,10965.163828,0,0.00312900000063,0.00617500000044,0.0291029999989,74760,0,0,473469696,0,0,0,540781824,10965.097104,10965.169557,10965.163828,0.0552339999995,10965.114323,0,0,2048
3,sequential,size_tiered,8,4,published,10269993,3,1,0,10984.107456,10985.538409,10985.539359,10985.539989,0.802356,0.185449000001,0.236169999996,0.170631000003,3060876,3135636,0,474962688,75008,0,75008,542349824,10984.091229,10985.547131,10985.546877,1.439675,10984.107456,0,75008,2048
3,sequential,size_tiered,8,5,published,10274223,4,0,0,11006.623814,11006.73078,11006.731428,11006.731965,0,0.00869199999943,0.0531700000029,0.0349040000019,177660,0,0,475140352,0,0,0,542452480,11006.598662,11006.737891,11006.731965,0.114077,11006.623814,0,0,2048
3,sequential,size_tiered,8,6,published,10279473,4,1,0,11025.853671,11026.242682,11026.243664,11026.244348,0.180249999999,0.0312350000022,0.0811290000001,0.0746480000016,618660,796320,0,475361024,177664,0,177664,542850816,11025.836604,11026.251167,11026.250976,0.397496,11025.853671,0,177664,2048
3,sequential,compact,64,0,published,9461367,1,0,0,11045.453641,11150.810595,11150.811697,11150.812421,0,25.926076,70.487658,8.608211,397377414,0,0,441000192,0,0,0,508312320,0,11150.812421,11150.812421,105.35878,11045.453641,0,0,2048
3,sequential,compact,64,1,published,9466817,1,1,0,11167.100434,11464.466242,11464.467704,11464.46841,226.50001,25.908341,35.684237,8.69749000001,397835214,795212628,0,441000192,441000192,0,441000192,949312512,11166.652716,11464.489088,11464.488908,297.388654,11167.100434,0,441000192,2048
3,sequential,compact,64,2,published,10232664,1,1,0,11533.84293,11875.901421,11875.903345,11875.904085,248.597726,33.392416,49.866545,10.115583,461937462,859543776,0,441000192,441000192,0,441000192,949312512,11479.762432,11891.358922,11875.912429,357.515992,11533.84293,0,441000192,2048
3,sequential,compact,64,3,published,10234444,1,1,0,11909.945889,12241.169927,12241.171138,12241.171868,254.455542,28.041386,38.616467,9.399784,429921408,859693296,0,441000192,441000192,0,441000192,949312512,11909.380451,12255.176169,12241.179831,345.23028,11909.945889,0,441000192,2048
3,sequential,compact,64,4,published,10269993,1,1,0,12273.233582,12609.22976,12609.230997,12609.231754,256.84097,28.277375,40.255202,9.47649199999,432832764,862679412,0,441000192,441000192,0,441000192,949312512,12273.18144,12627.05576,12609.857605,353.822178,12273.233582,0,441000192,2048
3,sequential,compact,64,5,published,10274223,1,1,0,12645.421224,12991.566327,12991.567509,12991.568466,268.221478,28.17226,39.577573,9.456911,431695026,863034732,0,441000192,441000192,0,441000192,949312512,12645.109645,13006.500674,12991.576728,361.07945,12645.421224,0,441000192,2048
3,sequential,compact,64,6,published,10279473,1,1,0,13024.686715,13374.848148,13374.849261,13374.850029,272.464921,28.246063,39.951379,9.442099,431958366,863475732,0,441000192,441000192,0,441000192,949312512,13024.635276,13390.47017,13374.858384,365.783455,13024.686715,0,441000192,2048
3,sequential,all_delta,64,0,published,9461367,1,0,0,13429.384787,13502.837987,13502.839092,13502.839689,0,26.043548,38.681218,8.69036799999,397377414,0,0,441000192,0,0,0,508312320,0,13502.839689,13502.839689,73.454902,13429.384787,0,0,2048
3,sequential,all_delta,64,1,published,9466817,2,0,0,13518.161365,13518.242532,13518.243121,13518.243441,0,0.0119200000008,0.0212470000006,0.0380409999998,228900,0,0,441229312,0,0,0,508541440,13518.123777,13518.249179,13518.243441,0.0878140000004,13518.161365,0,0,2048
3,sequential,all_delta,64,2,published,10232664,3,0,0,13533.607769,13539.517867,13539.51886,13539.519365,0,2.092049,3.056273,0.741531,32165574,0,0,473394944,0,0,0,540707072,13533.570136,13539.525169,13539.519365,5.9174,13533.607769,0,0,2048
3,sequential,all_delta,64,3,published,10234444,4,0,0,13557.757423,13557.848422,13557.84948,13557.849861,0,0.00497600000017,0.0070969999997,0.0314330000001,74760,0,0,473469952,0,0,0,540782080,13557.709017,13557.855849,13557.849861,0.0984260000005,13557.757423,0,0,2048
3,sequential,all_delta,64,4,published,10269993,5,0,0,13576.197857,13576.517261,13576.518337,13576.51878,0,0.0898820000002,0.130079,0.0854770000005,1493058,0,0,474963200,0,0,0,542275328,13576.159351,13576.524626,13576.51878,0.326769000001,13576.197857,0,0,2048
3,sequential,all_delta,64,5,published,10274223,6,0,0,13594.944271,13595.006965,13595.007737,13595.008185,0,0.00843800000075,0.0139710000021,0.0320130000018,177660,0,0,475140864,0,0,0,542452992,13594.904288,13595.013845,13595.008185,0.0695739999992,13594.944271,0,0,2048
3,sequential,all_delta,64,6,published,10279473,7,0,0,13613.532904,13613.603522,13613.604387,13613.604699,0,0.0101899999991,0.0169210000004,0.0356879999999,220500,0,0,475361536,0,0,0,542673664,13613.493251,13613.610345,13613.604699,0.0774409999995,13613.532904,0,0,2048
3,sequential,periodic2,64,0,published,9461367,1,0,0,13632.200652,13704.899403,13704.900281,13704.900822,0,25.948062,38.066309,8.654533,397377414,0,0,441000192,0,0,0,508312320,0,13704.900822,13704.900822,72.70017,13632.200652,0,0,2048
3,sequential,periodic2,64,1,published,9466817,2,0,0,13720.181646,13720.257041,13720.257556,13720.257949,0,0.0111040000011,0.0172430000002,0.0378330000003,228900,0,0,441229312,0,0,0,508541440,13720.145595,13720.263385,13720.257949,0.0817390000011,13720.181646,0,0,2048
3,sequential,periodic2,64,2,published,10232664,1,1,0,13735.622801,14129.76307,14129.765152,14129.766165,302.906092,30.218298,50.846707,10.105134,461937462,859543776,0,441000192,441229312,0,441229312,949541632,13735.585563,14129.775427,14129.775247,394.152626,13735.622801,0,441229312,2048
3,sequential,periodic2,64,3,published,10234444,2,0,0,14147.807139,14147.85714,14147.857616,14147.857912,0,0.00352999999996,0.00680899999861,0.029625000001,74760,0,0,441075200,0,0,0,508387328,14147.766823,14147.863962,14147.857912,0.056822999999,14147.807139,0,0,2048
3,sequential,periodic2,64,4,published,10269993,1,1,0,14165.960287,14543.699855,14543.701459,14543.702093,297.236921,28.244424,42.70262,9.48916500001,432832764,862679412,0,441000192,441075200,0,441075200,949387520,14165.918461,14558.525189,14558.524994,392.564902,14165.960287,0,441075200,2048
3,sequential,periodic2,64,5,published,10274223,2,0,0,14576.653933,14576.968121,14576.968733,14576.969169,0,0.00955199999953,0.0146769999992,0.275970999999,177660,0,0,441177856,0,0,0,508489984,14576.60317,14576.975176,14576.969169,0.321243,14576.653933,0,0,2048
3,sequential,periodic2,64,6,published,10279473,1,1,0,14595.174111,14934.276794,14934.277964,14934.278573,259.949184,28.191339,39.78273,9.41384,431958366,863475732,0,441000192,441177856,0,441177856,949490176,14595.133899,14949.566926,14949.566726,354.392815,14595.174111,0,441177856,2048
3,sequential,size_tiered,64,0,published,9461367,1,0,0,14985.448017,15055.658977,15055.660002,15055.660628,0,25.947035,35.551808,8.674741,397377414,0,0,441000192,0,0,0,508312320,0,15055.660628,15055.660628,70.212611,14985.448017,0,0,2048
3,sequential,size_tiered,64,1,published,9466817,2,0,0,15070.959763,15071.03517,15071.035672,15071.035974,0,0.011281000001,0.0169420000002,0.0372509999997,228900,0,0,441229312,0,0,0,508541440,15070.922265,15071.041508,15071.035974,0.0817449999995,15070.959763,0,0,2048
3,sequential,size_tiered,64,2,published,10232664,2,1,0,15086.389502,15117.261679,15117.263405,15117.263904,19.290279,4.199439,5.833881,1.499867,64560048,64788948,0,473394688,229120,0,229120,540935936,15086.354036,15117.271688,15117.271541,30.882186,15086.389502,0,229120,2048
3,sequential,size_tiered,64,3,published,10234444,3,0,0,15135.430633,15135.480186,15135.481038,15135.481306,0,0.00330000000031,0.00637199999983,0.0300340000013,74760,0,0,473469696,0,0,0,540781824,15135.392059,15135.48698,15135.481306,0.0563469999997,15135.430633,0,0,2048
3,sequential,size_tiered,64,4,published,10269993,3,1,0,15153.662583,15155.211246,15155.21226,15155.212656,0.879641000001,0.191817999998,0.269315,0.171238000003,3060876,3135636,0,474962688,75008,0,75008,542349824,15153.623988,15155.219803,15155.219715,1.55722,15153.662583,0,75008,2048
3,sequential,size_tiered,64,5,published,10274223,4,0,0,15173.513062,15173.585385,15173.586064,15173.586378,0,0.00959200000034,0.0180580000015,0.0345379999999,177660,0,0,475140352,0,0,0,542452480,15173.470099,15173.591934,15173.586378,0.078872,15173.513062,0,0,2048
3,sequential,size_tiered,64,6,published,10279473,4,1,0,15191.954939,15192.306179,15192.306939,15192.307307,0.190739000001,0.0312620000004,0.0363449999968,0.0737239999962,618660,796320,0,475361024,177664,0,177664,542850816,15191.914266,15192.314064,15192.313949,0.359125000001,15191.954939,0,177664,2048
3,shadow,compact,1,1,published,9466817,1,1,0,1022.983525,1463.005441,1463.00788,1463.008529,341.169558,29.235451,55.502233,12.898045,397835214,795212628,0,441000192,441000192,0,441000192,949312512,1046.469983,3753.788451,3753.785108,2730.804926,1022.96748,0.016045,441000192,2048
3,shadow,compact,1,2,published,10232664,1,1,0,1463.735594,1880.786545,1880.788175,1896.535488,310.470437,30.167733,61.199393,14.980648,461937462,859543776,0,441000192,441000192,0,441000192,1390312704,0,1896.535213,1896.535488,432.799894,1026.27088,437.464714,882000384,2048
3,shadow,compact,1,3,published,10234444,1,1,0,1896.556122,2370.730225,2370.732517,2387.147562,383.786754,28.026052,48.381131,13.903073,429921408,859693296,0,441000192,441000192,0,441000192,1390312704,0,2387.147323,2387.147562,490.59144,1029.271653,867.284469,882000384,2048
3,shadow,compact,1,4,published,10269993,1,1,0,2387.169873,2799.9698,2799.970782,2816.829061,308.549768,28.306867,60.459999,15.421367,432832764,862679412,0,441000192,441000192,0,441000192,1390312704,0,2816.828827,2816.829061,429.659188,1032.523036,1354.646837,882000384,2048
3,shadow,compact,1,5,published,10274223,1,1,0,2816.85627,3304.224601,3304.225727,3319.818438,368.693659,28.179546,75.129193,15.314133,431695026,863034732,0,441000192,441000192,0,441000192,1390312704,0,3319.818201,3319.818438,502.962168,1035.514227,1781.342043,882000384,2048
3,shadow,compact,1,6,published,10279473,1,1,0,3319.838171,3738.24423,3738.245013,3753.704771,314.738911,28.202256,59.971282,15.44384,431958366,863475732,0,441000192,441000192,0,441000192,1390312704,0,3753.70455,3753.704771,433.8666,1038.752045,2281.086126,882000384,2048
3,growth,compact,1,1,published,9466817,1,1,0,3888.060347,4369.433933,4369.436273,4369.437691,363.739873,33.407861,67.273506,16.415536,397835214,795212628,0,441000192,441000192,0,441000192,949312512,3911.614616,4369.496959,4369.496371,481.436612,3888.046212,0.0141349999999,441000192,2048
3,growth,compact,1,2,published,10232664,1,1,0,4369.498519,4885.378139,4885.380592,4885.382059,387.445213,38.770858,71.883548,17.676643,461937462,859543776,0,441000192,441000192,0,441000192,949312512,0,4906.39885,4885.392664,536.900331,3891.327213,478.171306,441000192,2048
3,growth,compact,1,3,published,10234444,1,1,0,4906.40281,5444.106287,5444.107444,5444.10821,425.770147,28.752852,66.66826,16.438288,429921408,859693296,0,441000192,441000192,0,441000192,949312512,0,5458.088795,5444.116836,551.685985,3894.329118,1012.073692,441000192,2048
3,growth,compact,1,4,published,10269993,1,1,0,5458.091469,6023.936527,6023.937717,6023.938274,429.621985,29.231601,89.203125,17.720606,432832764,862679412,0,441000192,441000192,0,441000192,949312512,0,6038.512231,6023.946449,580.420762,3897.578684,1560.512785,441000192,2048
3,growth,compact,1,5,published,10274223,1,1,0,6038.514137,6465.086407,6465.088579,6465.089333,309.930611,29.555317,65.707653,21.297397,431695026,863034732,0,441000192,441000192,0,441000192,949312512,0,6480.935402,6465.102005,442.421265,3900.575547,2137.93859,441000192,2048
3,growth,compact,1,6,published,10279473,1,1,0,6480.939031,7009.7652,7009.766139,7009.766839,394.165631,29.49476,83.52385,20.989491,431958366,863475732,0,441000192,441000192,0,441000192,949312512,0,7025.88018,7009.774955,544.941149,3903.861799,2577.077232,441000192,2048
3,shadow,all_delta,1,1,published,9466817,2,0,0,7504.017782,7504.279875,7504.282217,7504.284337,0,0.03935,0.0546850000001,0.10879,228900,0,441000192,229120,0,0,0,508541440,7528.096115,7528.101641,7504.284337,24.083859,7504.003282,0.0145000000002,0,2048
3,shadow,all_delta,1,2,published,10232664,3,0,0,7507.227272,7518.236696,7518.239612,7518.240846,0,3.534635,5.801472,1.642388,32165574,0,441000192,32394752,0,0,0,540707072,0,7518.240765,7518.240846,11.013574,7507.216585,0.010687,0,2048
3,shadow,all_delta,1,3,published,10234444,4,0,0,7518.250158,7518.315988,7518.316668,7518.317145,0,0.00301299999956,0.00834000000032,0.0444600000001,74760,0,441000192,32469760,0,0,0,540782080,0,7518.317092,7518.317145,0.0669870000002,7510.150062,8.100096,0,2048
3,shadow,all_delta,1,4,published,10269993,5,0,0,7518.323638,7518.800495,7518.801852,7518.802504,0,0.100833,0.245836,0.115059000001,1493058,0,441000192,33963008,0,0,0,542275328,0,7518.802447,7518.802504,0.478866,7513.647818,4.67582,0,2048
3,shadow,all_delta,1,5,published,10274223,6,0,0,7518.808894,7518.911199,7518.912055,7518.913532,0,0.00827699999991,0.0416840000007,0.0375080000003,177660,0,441000192,34140672,0,0,0,542452992,0,7518.913479,7518.913532,0.104638,7516.984911,1.823983,0,2048
3,shadow,all_delta,1,6,published,10279473,7,0,0,7520.465067,7520.565681,7520.566453,7520.567403,0,0.0114640000002,0.0262279999997,0.0536340000008,220500,0,441000192,34361344,0,0,0,542673664,0,7520.567349,7520.567403,0.102336,7520.456545,0.00852200000008,0,2048
3,growth,all_delta,1,1,published,9466817,2,0,0,7642.011695,7642.249371,7642.250799,7642.251743,0,0.0365519999996,0.0700699999989,0.0989980000004,228900,0,441000192,229120,0,0,0,508541440,7642.32879,7642.329581,7642.251743,0.317886,7642.00053,0.0111649999999,0,2048
3,growth,all_delta,1,2,published,10232664,3,0,0,7645.27414,7657.373145,7657.373939,7657.376835,0,4.890465,5.567824,1.611733,32165574,0,441229312,32165632,0,0,0,540707072,7657.379409,7657.386172,7657.376835,12.112032,7645.263631,0.0105090000006,0,2048
3,growth,all_delta,1,3,published,10234444,4,0,0,7657.386835,7657.449241,7657.449809,7657.450774,0,0.00722700000006,0.00863700000082,0.034549,74760,0,473394944,75008,0,0,0,540782080,7657.460969,7657.462102,7657.450774,0.0752670000002,7648.245084,9.141751,0,2048
3,growth,all_delta,1,4,published,10269993,5,0,0,7657.458058,7657.943404,7657.944198,7657.945213,0,0.109557,0.241669999999,0.118657000001,1493058,0,473469952,1493248,0,0,0,542275328,7658.004827,7658.005442,7657.945213,0.547384,7651.559939,5.898119,0,2048
3,growth,all_delta,1,5,published,10274223,6,0,0,7657.952784,7658.052712,7658.053394,7658.054588,0,0.0103649999992,0.034708000001,0.0419079999992,177660,0,474963200,177664,0,0,0,542452992,7658.16564,7658.167951,7658.054588,0.215167,7654.966411,2.986373,0,2048
3,growth,all_delta,1,6,published,10279473,7,0,0,7658.956341,7659.0955,7659.096365,7659.097617,0,0.017323,0.044406,0.0660519999992,220500,0,475140864,220672,0,0,0,542673664,7659.148697,7659.149301,7659.097617,0.19296,7658.947745,0.00859599999967,0,2048
3,shadow,periodic2,1,1,published,9466817,2,0,0,7987.437081,7987.987803,7987.991939,7987.994219,0,0.0378169999994,0.244964,0.151656999999,228900,0,441000192,229120,0,0,0,508541440,8009.091719,9444.322823,7987.994219,1456.885742,7987.424277,0.012804,0,2048
3,shadow,periodic2,1,2,published,10232664,1,1,0,7990.434368,8541.642194,8541.644828,8541.647785,419.982104,40.199252,80.205588,10.71581,461937462,859543776,0,441000192,441229312,0,441229312,949541632,0,8541.64765,9444.321391,1453.887023,7990.424726,0.00964199999999,441229312,2048
3,shadow,periodic2,1,3,published,10234444,2,0,0,8541.65826,8541.729155,8541.729698,8541.730216,0,0.00543300000027,0.0180920000003,0.035910999999,74760,0,0,441075200,0,0,0,949387520,0,8541.730148,8541.730216,0.0719559999998,7993.13807,548.52019,441000192,2048
3,shadow,periodic2,1,4,published,10269993,1,1,0,8541.74048,9046.958233,9046.95979,9068.19138,411.77811,28.772772,55.072924,9.510799,432832764,862679412,0,441000192,441075200,0,441075200,1390387712,0,9068.191151,9068.19138,526.4509,7996.148902,545.591578,882075392,2048
3,shadow,periodic2,1,5,published,10274223,2,0,0,9068.211396,9068.379053,9068.380048,9068.380665,0,0.00872100000015,0.108726,0.038070999999,177660,0,0,441177856,0,0,0,949490176,0,9068.380599,9068.380665,0.169269,7998.856441,1069.354955,441000192,2048
3,shadow,periodic2,1,6,published,10279473,1,1,0,9068.390308,9430.480653,9430.482024,9444.257495,286.187681,28.184812,38.300703,9.36404600001,431958366,863475732,0,441000192,441177856,0,441177856,1390490368,0,9444.257326,9444.257495,375.867187,8001.941497,1066.448811,882178048,2048
3,growth,periodic2,1,1,published,9466817,2,0,0,9550.342569,9550.943001,9550.945308,9550.947057,0,0.0362759999989,0.0460309999999,0.102273,228900,0,441000192,229120,0,0,0,508541440,9550.952523,9551.858656,9550.947057,1.516087,9550.327032,0.0155370000011,0,2048
3,growth,periodic2,1,2,published,10232664,1,1,0,9553.34839,9916.871363,9916.875623,9916.877493,252.607365,32.753021,41.417491,10.005667,461937462,859543776,0,441000192,441229312,0,441229312,949541632,9571.901137,9916.942308,9916.941751,363.593918,9553.336557,0.0118329999987,441229312,2048
3,growth,periodic2,1,3,published,10234444,2,0,0,9916.946027,9917.053087,9917.054474,9917.055189,0,0.00916499999948,0.0117549999977,0.0571869999985,74760,0,0,441075200,0,0,0,508387328,0,9917.078833,9917.055189,0.132806,9556.017382,360.928645,0,2048
3,growth,periodic2,1,4,published,10269993,1,1,0,9917.081057,10247.33541,10247.336617,10247.337033,254.074021,28.399927,38.122178,9.572122,432832764,862679412,0,441000192,441075200,0,441075200,949387520,0,10262.063938,10262.063708,344.982881,9559.034642,358.046415,441075200,2048
3,growth,periodic2,1,5,published,10274223,2,0,0,10262.065204,10262.146971,10262.147664,10262.148306,0,0.00970700000107,0.0173619999987,0.0384040000008,177660,0,0,441177856,0,0,0,508489984,0,10262.154197,10262.148306,0.0889929999994,9561.909142,700.156062,0,2048
3,growth,periodic2,1,6,published,10279473,1,1,0,10262.155399,10611.980459,10611.982522,10611.983282,267.25213,28.171229,44.835475,9.489093,431958366,863475732,0,441000192,441177856,0,441177856,949490176,0,10626.908584,10626.902239,364.753185,9564.874053,697.281346,441177856,2048
3,shadow,size_tiered,1,1,published,9466817,2,0,0,10976.831881,10977.181926,10977.185348,10977.186914,0,0.0488519999999,0.0753690000001,0.147163000001,228900,0,441000192,229120,0,0,0,508541440,10998.190186,11015.124577,10977.186914,38.292696,10976.819697,0.0121839999993,0,2048
3,shadow,size_tiered,1,2,published,10232664,2,1,0,10979.813328,11013.010798,11013.01246,11013.014443,20.415852,5.264977,5.946814,1.515697,64560048,64788948,0,473394688,229120,0,229120,540935936,0,11013.01421,11013.014443,33.201115,10979.802911,0.0104169999995,229120,2048
3,shadow,size_tiered,1,3,published,10234444,3,0,0,11013.025236,11013.103264,11013.104335,11013.104689,0,0.00520400000096,0.0259110000025,0.0380100000002,74760,0,0,473469696,0,0,0,540781824,0,11013.104633,11013.104689,0.0794530000003,10982.414757,30.610479,0,2048
3,shadow,size_tiered,1,4,published,10269993,3,1,0,11013.111159,11014.607525,11014.608357,11014.609626,0.836872,0.199866999999,0.254912999999,0.171117,3060876,3135636,0,474962688,75008,0,75008,542349824,0,11014.609573,11014.609626,1.498467,10985.487053,27.624106,75008,2048
3,shadow,size_tiered,1,5,published,10274223,4,0,0,11014.616414,11014.697737,11014.698374,11014.698756,0,0.0119479999994,0.0271380000031,0.033152,177660,0,0,475140352,0,0,0,542452480,0,11014.6987,11014.698756,0.0823419999997,10988.232155,26.384259,0,2048
3,shadow,size_tiered,1,6,published,10279473,4,1,0,11014.707792,11015.087373,11015.087919,11015.089235,0.195022999998,0.0347620000011,0.046135999999,0.0850579999988,618660,796320,0,475361024,177664,0,177664,542850816,0,11015.089175,11015.089235,0.381443,10991.206006,23.501786,177664,2048
3,growth,size_tiered,1,1,published,9466817,2,0,0,11097.752741,11097.97949,11097.981772,11097.983477,0,0.0364790000003,0.047588999998,0.0985349999992,228900,0,441000192,229120,0,0,0,508541440,11098.050329,11098.051094,11097.983477,0.298353,11097.740544,0.012197,0,2048
3,growth,size_tiered,1,2,published,10232664,2,1,0,11100.77156,11129.728082,11129.729603,11129.730047,15.917812,5.961538,5.537712,1.493388,64560048,64788948,0,473394688,229120,0,229120,540935936,11119.417173,11129.736974,11129.736748,28.965414,11100.760446,0.011113999999,229120,2048
3,growth,size_tiered,1,3,published,10234444,3,0,0,11129.738851,11129.787717,11129.788253,11129.788592,0,0.00351800000135,0.00659200000155,0.0306259999998,74760,0,0,473469696,0,0,0,540781824,0,11129.794041,11129.788592,0.0551899999991,11103.443161,26.29569,0,2048
3,growth,size_tiered,1,4,published,10269993,3,1,0,11129.794723,11131.255565,11131.256239,11131.256744,0.839594000001,0.185630999998,0.231743000002,0.171248000001,3060876,3135636,0,474962688,75008,0,75008,542349824,0,11131.263559,11131.263463,1.468836,11106.539144,23.255579,75008,2048
3,growth,size_tiered,1,5,published,10274223,4,0,0,11131.264292,11131.329868,11131.330397,11131.330597,0,0.00851299999886,0.0149470000015,0.0339550000008,177660,0,0,475140352,0,0,0,542452480,0,11131.336182,11131.330597,0.0718899999993,11109.366883,21.897409,0,2048
3,growth,size_tiered,1,6,published,10279473,4,1,0,11131.337149,11131.707386,11131.707927,11131.708269,0.194918000001,0.0312659999981,0.0344899999982,0.0918670000028,618660,796320,0,475361024,177664,0,177664,542850816,0,11131.714735,11131.714657,0.377585999999,11112.377913,18.959236,177664,2048
3,shadow,compact,8,1,published,9466817,1,1,0,11419.387414,11748.534169,11748.538053,11748.538857,251.480152,25.922893,42.77651,8.85531799999,397835214,795212628,0,441000192,441000192,0,441000192,949312512,11525.843351,13758.919284,13758.917657,2339.53187,11419.374245,0.0131689999998,441000192,2048
3,shadow,compact,8,2,published,10232664,1,1,0,11748.548911,12157.385856,12157.388802,12171.121786,315.885185,30.161706,52.44932,10.236456,461937462,859543776,0,441000192,441000192,0,441000192,1390312704,0,12171.121472,12171.121786,422.572875,11433.640465,314.908446,882000384,2048
3,shadow,compact,8,3,published,10234444,1,1,0,12171.149001,12535.680705,12535.684414,12549.748256,285.480953,28.049573,41.533072,9.38975100001,429921408,859693296,0,441000192,441000192,0,441000192,1390312704,0,12549.748049,12549.748256,378.599255,11447.854391,723.29461,882000384,2048
3,shadow,compact,8,4,published,10269993,1,1,0,12549.771256,12880.644021,12880.645613,12895.069883,250.620352,28.217396,41.478389,9.433209,432832764,862679412,0,441000192,441000192,0,441000192,1390312704,0,12895.069544,12895.069883,345.298627,11462.037352,1087.733904,882000384,2048
3,shadow,compact,8,5,published,10274223,1,1,0,12895.586641,13297.933379,13297.935392,13312.266437,302.44969,28.649386,61.214707,9.509435,431695026,863034732,0,441000192,441000192,0,441000192,1390312704,0,13312.266091,13312.266437,416.679796,11476.179273,1419.407368,882000384,2048
3,shadow,compact,8,6,published,10279473,1,1,0,13312.287422,13740.475615,13740.47907,13758.811747,350.591664,28.145447,39.855163,9.51894799999,431958366,863475732,0,441000192,441000192,0,441000192,1390312704,0,13758.811402,13758.811747,446.524325,11490.362495,1821.924927,882000384,2048
3,growth,compact,8,1,published,9466817,1,1,0,13907.807903,14329.27567,14329.278418,14329.279433,335.069884,26.409408,50.96437,8.900682,397835214,795212628,0,441000192,441000192,0,441000192,949312512,14014.668684,14329.28789,14329.287395,421.479987,13907.793359,0.0145440000015,441000192,2048
3,growth,compact,8,2,published,10232664,1,1,0,14329.290046,14804.230008,14804.238039,14804.239201,365.173711,31.057505,68.511983,10.088151,461937462,859543776,0,441000192,441000192,0,441000192,949312512,0,14821.222562,14804.248599,491.932516,13922.157613,407.132433,441000192,2048
3,growth,compact,8,3,published,10234444,1,1,0,14821.226655,15270.021455,15270.023953,15270.025265,355.299629,28.424387,55.158803,9.786624,429921408,859693296,0,441000192,441000192,0,441000192,949312512,0,15290.253246,15270.034554,469.026591,13936.418184,884.808471,441000192,2048
3,growth,compact,8,4,published,10269993,1,1,0,15290.257551,15745.70133,15745.703089,15745.703901,356.794771,28.79497,60.189547,9.56985399999,432832764,862679412,0,441000192,441000192,0,441000192,949312512,0,15766.699819,15745.716283,476.442268,13950.700123,1339.557428,441000192,2048
3,growth,compact,8,5,published,10274223,1,1,0,15766.702511,16216.998568,16217.001747,16217.003179,354.003726,28.6401,57.990198,9.59156900001,431695026,863034732,0,441000192,441000192,0,441000192,949312512,0,16234.748366,16217.012286,468.045855,13964.93569,1801.766821,441000192,2048
3,growth,compact,8,6,published,10279473,1,1,0,16234.759909,16684.370828,16684.373305,16684.37489,353.415011,28.637484,57.874377,9.60373200001,431958366,863475732,0,441000192,441000192,0,441000192,949312512,0,16702.48816,16684.383405,467.728251,13979.198161,2255.561748,441000192,2048
3,shadow,all_delta,8,1,published,9466817,2,0,0,17025.839509,17026.224858,17026.228269,17026.230356,0,0.0364470000022,0.042129999998,0.0946909999984,228900,0,441000192,229120,0,0,0,508541440,17132.379525,17132.388421,17026.230356,106.548912,17025.823952,0.0155570000024,0,2048
3,shadow,all_delta,8,2,published,10232664,3,0,0,17040.070658,17049.543299,17049.544596,17049.545672,0,4.195919,2.866482,0.757654000001,32165574,0,441000192,32394752,0,0,0,540707072,0,17049.545544,17049.545672,9.475014,17040.05898,0.0116779999989,0,2048
3,shadow,all_delta,8,3,published,10234444,4,0,0,17054.411976,17054.955811,17054.956521,17054.957039,0,0.00298399999883,0.00639299999602,0.0471070000021,74760,0,441000192,32469760,0,0,0,540782080,0,17054.956983,17054.957039,0.545063000001,17054.404794,0.00718200000119,0,2048
3,shadow,all_delta,8,4,published,10269993,5,0,0,17068.626427,17069.441758,17069.443992,17069.446478,0,0.279209,0.262909000001,0.234633,1493058,0,441000192,33963008,0,0,0,542275328,0,17069.446318,17069.446478,0.820051000002,17068.615392,0.0110349999995,0,2048
3,shadow,all_delta,8,5,published,10274223,6,0,0,17082.767008,17082.888971,17082.891702,17082.892775,0,0.0188280000002,0.0218629999981,0.0568920000005,177660,0,441000192,34140672,0,0,0,542452992,0,17082.892655,17082.892775,0.125767000001,17082.750726,0.0162820000005,0,2048
3,shadow,all_delta,8,6,published,10279473,7,0,0,17096.95268,17097.127367,17097.13028,17097.131969,0,0.0337699999982,0.036253000002,0.0735659999991,220500,0,441000192,34361344,0,0,0,542673664,0,17097.131792,17097.131969,0.179289,17096.941347,0.0113329999986,0,2048
3,growth,all_delta,8,1,published,9466817,2,0,0,17215.025317,17215.2421,17215.244482,17215.246354,0,0.0363490000018,0.0403200000037,0.090064999993,228900,0,441000192,229120,0,0,0,508541440,17215.434699,17215.436982,17215.246354,0.411665,17215.013282,0.0120349999997,0,2048
3,growth,all_delta,8,2,published,10232664,3,0,0,17229.377709,17236.720697,17236.721562,17236.722321,0,3.581926,2.968631,0.769358000001,32165574,0,441229312,32165632,0,0,0,540707072,17236.799189,17236.800967,17236.722321,7.423258,17229.367351,0.0103579999995,0,2048
3,growth,all_delta,8,3,published,10234444,4,0,0,17245.22524,17245.297769,17245.298505,17245.29949,0,0.0033340000009,0.0054229999987,0.0516570000073,74760,0,473394944,75008,0,0,0,540782080,17245.43664,17245.438841,17245.29949,0.213600999999,17245.216418,0.00882199999978,0,2048
3,growth,all_delta,8,4,published,10269993,5,0,0,17262.569314,17263.467401,17263.469365,17263.472275,0,0.317456000001,0.288449,0.255441000001,1493058,0,473469952,1493248,0,0,0,542275328,17264.548181,17264.551565,17263.472275,1.982251,17262.557991,0.0113229999988,0,2048
3,growth,all_delta,8,5,published,10274223,6,0,0,17280.082056,17280.247668,17280.249992,17280.253546,0,0.0279630000005,0.0312109999977,0.073677000004,177660,0,474963200,177664,0,0,0,542452992,17280.298978,17280.301124,17280.253546,0.219068000002,17280.070215,0.0118409999995,0,2048
3,growth,all_delta,8,6,published,10279473,7,0,0,17297.529489,17297.706182,17297.70867,17297.712776,0,0.0334350000012,0.0367029999979,0.0774579999961,220500,0,475140864,220672,0,0,0,542673664,17297.75001,17297.7524,17297.712776,0.222911000001,17297.518349,0.0111399999987,0,2048
3,shadow,periodic2,8,1,published,9466817,2,0,0,17621.831656,17622.042636,17622.044602,17622.045991,0,0.0369679999967,0.0417570000027,0.089675999996,228900,0,441000192,229120,0,0,0,508541440,17728.494079,18722.74059,17622.045991,1100.908934,17621.820221,0.0114349999967,0,2048
3,shadow,periodic2,8,2,published,10232664,1,1,0,17636.149835,17975.562828,17975.564321,17975.567228,252.531269,33.001455,43.742339,10.05197,461937462,859543776,0,441000192,441229312,0,441229312,949541632,0,17975.567122,18722.73903,1086.589195,17636.136816,0.0130190000018,441229312,2048
3,shadow,periodic2,8,3,published,10234444,2,0,0,17975.576754,17975.627614,17975.628306,17975.628724,0,0.00357599999916,0.00542900000073,0.0316899999962,74760,0,0,441075200,0,0,0,949387520,0,17975.62867,17975.628724,0.0519699999968,17650.467699,325.109055,441000192,2048
3,shadow,periodic2,8,4,published,10269993,1,1,0,17975.635444,18334.167508,18334.168977,18352.650944,281.333979,28.175134,39.530936,9.43287699997,432832764,862679412,0,441000192,441075200,0,441075200,1390387712,0,18352.650724,18352.650944,377.0155,17664.664344,310.9711,882075392,2048
3,shadow,periodic2,8,5,published,10274223,2,0,0,18352.670755,18352.749079,18352.749613,18352.750241,0,0.0091199999988,0.0183099999995,0.039426000003,177660,0,0,441177856,0,0,0,949490176,0,18352.750173,18352.750241,0.0794860000024,17678.825474,673.845281,441000192,2048
3,shadow,periodic2,8,6,published,10279473,1,1,0,18352.762852,18707.3946,18707.39557,18722.674105,277.875056,28.172194,39.174436,9.35584899999,431958366,863475732,0,441000192,441177856,0,441177856,1390490368,0,18722.673906,18722.674105,369.911253,17692.994078,659.768774,882178048,2048
3,growth,periodic2,8,1,published,9466817,2,0,0,18833.476965,18833.700097,18833.702435,18833.704137,0,0.0369959999989,0.0396809999984,0.100046000003,228900,0,441000192,229120,0,0,0,508541440,18833.898207,18833.900729,18833.704137,0.423763999999,18833.461721,0.015244000002,0,2048
3,growth,periodic2,8,2,published,10232664,1,1,0,18847.875324,19209.921176,19209.922563,19209.923462,276.290654,33.088452,42.587746,10.014543,461937462,859543776,0,441000192,441229312,0,441229312,949541632,18941.066522,19209.933795,19209.933682,362.058471,18847.863169,0.0121550000003,441229312,2048
3,growth,periodic2,8,3,published,10234444,2,0,0,19209.935638,19209.989313,19209.989663,19209.989935,0,0.00380999999834,0.00536999999895,0.0347939999992,74760,0,0,441075200,0,0,0,508387328,0,19209.995538,19209.989935,0.0599000000002,18862.316395,347.619243,0,2048
3,growth,periodic2,8,4,published,10269993,1,1,0,19209.996266,19596.787063,19596.788385,19596.789007,304.740158,28.21714,44.368377,9.40994399999,432832764,862679412,0,441000192,441075200,0,441075200,949387520,0,19611.071191,19611.070916,401.074925,18876.630572,333.365694,441075200,2048
3,growth,periodic2,8,5,published,10274223,2,0,0,19611.072071,19611.16136,19611.161807,19611.162234,0,0.0114690000009,0.021886999999,0.0381570000027,177660,0,0,441177856,0,0,0,508489984,0,19611.168111,19611.162234,0.0960400000004,18890.932776,720.139295,0,2048
3,growth,periodic2,8,6,published,10279473,1,1,0,19611.169453,19998.656556,19998.658005,19998.658796,306.102108,28.183857,43.759795,9.378174,431958366,863475732,0,441000192,441177856,0,441177856,949490176,0,20012.986676,20012.986481,401.817223,18905.255501,705.913952,441177856,2048
3,shadow,size_tiered,8,1,published,9466817,2,0,0,20315.367523,20315.642219,20315.645501,20315.647334,0,0.037306000002,0.0406259999982,0.104002000004,228900,0,441000192,229120,0,0,0,508541440,20422.012128,20422.021309,20315.647334,106.653786,20315.353594,0.0139290000006,0,2048
3,shadow,size_tiered,8,2,published,10232664,2,1,0,20329.554494,20372.52267,20372.524748,20372.527109,18.802085,5.884637,5.755677,1.536237,64560048,64788948,441000192,32394496,229120,0,229120,540935936,0,20372.526882,20372.527109,42.972615,20329.542498,0.0119960000011,229120,2048
3,shadow,size_tiered,8,3,published,10234444,3,0,0,20372.561599,20408.458397,20408.461013,20408.462805,0,0.00309000000198,0.00643200000195,0.0323639999988,74760,0,441000192,32469504,0,0,0,540781824,0,20408.462593,20408.462805,35.901206,20343.835084,28.726515,0,2048
3,shadow,size_tiered,8,4,published,10269993,3,1,0,20408.511198,20411.272131,20411.272908,20411.2744,1.536375,0.409352999999,0.403384000005,0.355249999997,3060876,3135636,441000192,33962496,75008,0,75008,542349824,0,20411.274346,20411.2744,2.763202,20358.03612,50.475078,75008,2048
3,shadow,size_tiered,8,5,published,10274223,4,0,0,20411.281548,20411.349688,20411.350198,20411.350751,0,0.0106190000006,0.01512,0.0340880000003,177660,0,441000192,34140160,0,0,0,542452480,0,20411.350689,20411.350751,0.0692030000027,20372.329357,38.952191,0,2048
3,shadow,size_tiered,8,6,published,10279473,4,1,0,20411.357592,20412.218808,20412.219397,20412.220735,0.198366999997,0.0335110000015,0.033870999996,0.0984519999984,618660,796320,441000192,34360832,177664,0,177664,542850816,0,20412.220682,20412.220735,0.863142999999,20386.513126,24.844466,177664,2048
3,growth,size_tiered,8,1,published,9466817,2,0,0,20507.506349,20507.948558,20507.950818,20507.952343,0,0.0368509999971,0.0391460000028,0.0914599999996,228900,0,441000192,229120,0,0,0,508541440,20509.059446,20509.062831,20507.952343,1.556482,20507.493625,0.0127240000002,0,2048
3,growth,size_tiered,8,2,published,10232664,2,1,0,20521.802666,20540.711777,20540.713442,20540.715535,5.011036,7.108158,5.20870700001,1.51399800001,64560048,64788948,441000192,32394496,229120,229120,0,540935936,20541.386513,20541.392794,20541.392203,19.590128,20521.792159,0.0105069999991,0,2048
3,growth,size_tiered,8,3,published,10234444,3,0,0,20540.728209,20540.805881,20540.806642,20540.80717,0,0.00388400000156,0.00562799999534,0.0564430000013,74760,0,441000192,32469504,0,229120,0,541010944,0,20540.815241,20540.80717,0.0870319999995,20536.169405,4.558804,0,2048
3,growth,size_tiered,8,4,published,10269993,3,1,0,20552.418448,20558.108158,20558.109112,20558.110244,0.226557999998,0.259649000003,0.281854999997,0.218643999997,3060876,3135636,473394688,1568000,75008,75008,0,542349824,20558.611561,20558.742519,20558.742355,6.324071,20552.409082,0.00936600000205,0,2048
3,growth,size_tiered,8,5,published,10274223,4,0,0,20569.721788,20570.06007,20570.061269,20570.063485,0,0.020832000002,0.0295960000003,0.0601400000014,177660,0,474962688,177664,0,0,0,542452480,20570.317263,20570.319909,20570.063485,0.598121000003,20569.712676,0.00911199999973,0,2048
3,growth,size_tiered,8,6,published,10279473,4,1,0,20587.140723,20587.772939,20587.774415,20587.777381,0.133678000002,0.110516999997,0.0948590000044,0.198391000002,618660,796320,474962688,398336,177664,177664,0,542850816,20589.03061,20589.036986,20589.036361,1.896263,20587.126305,0.0144179999988,0,2048
3,shadow,compact,64,1,published,9466817,1,1,0,21850.104216,22283.592933,22283.594614,22283.595726,347.64495,26.453915,50.021079,9.194829,397835214,795212628,0,441000192,441000192,441000192,0,949312512,22766.378029,24572.945567,24572.944543,2722.841351,21850.087404,0.016811999998,0,2048
3,shadow,compact,64,2,published,10232664,1,1,0,22283.604194,22761.340892,22761.342623,22783.058768,371.644807,31.137388,63.921061,10.546404,461937462,859543776,0,441000192,441000192,441000192,441000192,1390312704,0,22783.058482,22783.058768,499.454574,21972.073447,311.530747,441000192,2048
3,shadow,compact,64,3,published,10234444,1,1,0,22783.08511,23249.030538,23249.031653,23267.224627,369.251993,28.606642,58.6443,9.385044,429921408,859693296,0,441000192,441000192,0,441000192,1390312704,0,23267.223417,23267.224627,484.139517,22094.038116,689.046994,882000384,2048
3,shadow,compact,64,4,published,10269993,1,1,0,23267.25039,23719.645152,23719.647437,23740.123183,356.749711,28.802657,57.21193,9.556087,432832764,862679412,0,441000192,441000192,0,441000192,1390312704,0,23740.122931,23740.123183,472.872793,22216.000323,1051.250067,882000384,2048
3,shadow,compact,64,5,published,10274223,1,1,0,23740.159122,24181.666091,24181.668367,24200.319885,346.802725,28.728931,56.346754,9.464307,431695026,863034732,0,441000192,441000192,0,441000192,1390312704,0,24200.319454,24200.319885,460.160763,22338.691458,1401.467664,882000384,2048
3,shadow,compact,64,6,published,10279473,1,1,0,24200.869369,24557.555139,24557.556765,24572.880421,279.954986,28.105896,38.156701,9.39307800002,431958366,863475732,0,441000192,441000192,0,441000192,1390312704,0,24572.88018,24572.880421,372.011052,22460.670398,1740.198971,882000384,2048
3,growth,compact,64,1,published,9466817,1,1,0,24730.357657,25056.680855,25056.683169,25056.684825,234.616469,25.93061,34.992256,9.11839,397835214,795212628,0,441000192,441000192,441000192,0,949312512,25058.840509,25058.853196,25058.852926,328.495539,24730.340652,0.0170050000015,0,2048
3,growth,compact,64,2,published,10232664,1,1,0,25056.706515,25396.311345,25396.312282,25396.312768,256.44224,31.53714,41.111928,10.451231,461937462,859543776,0,441000192,441000192,441000192,0,949312512,25400.390094,25417.753601,25400.473163,361.047086,24852.319997,204.386518,0,2048
3,growth,compact,64,3,published,10234444,1,1,0,25396.320879,25747.586936,25747.588727,25747.589543,274.915271,28.014093,38.860402,9.41808299998,429921408,859693296,0,441000192,441000192,0,441000192,949312512,25708.912205,25763.054372,25747.598001,366.733493,24974.312736,422.008143,441000192,2048
3,growth,compact,64,4,published,10269993,1,1,0,25763.057553,26113.281916,26113.283005,26113.283597,271.501049,28.259585,40.971733,9.398843,432832764,862679412,0,441000192,441000192,0,441000192,949312512,0,26130.029217,26113.292709,366.971664,25097.118077,665.939476,441000192,2048
3,growth,compact,64,5,published,10274223,1,1,0,26130.031291,26478.339479,26478.340646,26478.341275,271.297017,28.189576,39.136333,9.39413199999,431695026,863034732,0,441000192,441000192,0,441000192,949312512,0,26493.117079,26478.349535,363.085788,25219.263031,910.76826,441000192,2048
3,growth,compact,64,6,published,10279473,1,1,0,26493.120325,26842.159936,26842.161222,26842.162366,271.60074,28.267739,39.725777,9.37661799999,431958366,863475732,0,441000192,441000192,0,441000192,949312512,0,26857.504935,26842.170319,364.38461,25341.370415,1151.74991,441000192,2048
3,shadow,all_delta,64,1,published,9466817,2,0,0,28104.152183,28104.438003,28104.441638,28104.443566,0,0.0370589999984,0.0393130000011,0.125747000002,228900,0,441000192,229120,0,0,0,508541440,29018.946841,29018.973822,28104.443566,914.821639,28104.134416,0.0177669999975,0,2048
3,shadow,all_delta,64,2,published,10232664,3,0,0,28226.098829,28233.67018,28233.671348,28233.672519,0,3.485645,3.138846,0.769068000005,32165574,0,441000192,32394752,0,0,0,540707072,0,28233.672344,28233.672519,7.57369,28226.085366,0.0134629999993,0,2048
3,shadow,all_delta,64,3,published,10234444,4,0,0,28348.036845,28348.166561,28348.168897,28348.17057,0,0.0100920000004,0.0128680000053,0.0703909999975,74760,0,441000192,32469760,0,0,0,540782080,0,28348.170321,28348.17057,0.133725,28348.024141,0.012703999997,0,2048
3,shadow,all_delta,64,4,published,10269993,5,0,0,28470.326791,28471.238417,28471.241701,28471.244388,0,0.304067000001,0.300872,0.260024000003,1493058,0,441000192,33963008,0,0,0,542275328,0,28471.244126,28471.244388,0.917597,28470.314693,0.0120979999992,0,2048
3,shadow,all_delta,64,5,published,10274223,6,0,0,28592.224576,28592.39773,28592.401012,28592.403198,0,0.028620000001,0.0306420000015,0.0808129999969,177660,0,441000192,34140672,0,0,0,542452992,0,28592.40297,28592.403198,0.178621999999,28592.211951,0.0126249999994,0,2048
3,shadow,all_delta,64,6,published,10279473,7,0,0,28714.152902,28714.3328,28714.336451,28714.3384,0,0.0347959999999,0.0365710000005,0.0783489999958,220500,0,441000192,34361344,0,0,0,542673664,0,28714.338218,28714.3384,0.185497999999,28714.140249,0.0126530000016,0,2048
3,growth,all_delta,64,1,published,9466817,2,0,0,29155.312847,29155.524439,29155.526239,29155.527746,0,0.037475000001,0.0379189999985,0.0851910000056,228900,0,441000192,229120,0,0,0,508541440,29160.346627,29160.428516,29155.527746,5.115669,29155.299336,0.013511000001,0,2048
3,growth,all_delta,64,2,published,10232664,3,0,0,29277.973911,29285.709292,29285.710101,29285.710572,0,4.131856,2.81636200001,0.754240999995,32165574,0,0,473394944,0,0,0,540707072,29285.690196,29285.716748,29285.710572,7.742837,29277.961048,0.0128629999999,0,2048
3,growth,all_delta,64,3,published,10234444,4,0,0,29422.122912,29422.243124,29422.245062,29422.248282,0,0.00955600000088,0.0126060000002,0.0665329999974,74760,0,473394944,75008,0,0,0,540782080,29427.898533,29427.992875,29422.248282,5.869963,29422.109928,0.0129839999972,0,2048
3,growth,all_delta,64,4,published,10269993,5,0,0,29568.714597,29569.614616,29569.616992,29569.620234,0,0.315805999999,0.288437000003,0.251547000003,1493058,0,473469952,1493248,0,0,0,542275328,29574.521062,29574.615275,29569.620234,5.900678,29568.702812,0.0117849999988,0,2048
3,growth,all_delta,64,5,published,10274223,6,0,0,29715.932234,29716.116006,29716.118,29716.122343,0,0.0282789999983,0.0316099999982,0.0818990000007,177660,0,474963200,177664,0,0,0,542452992,29721.752793,29721.857871,29716.122343,5.925637,29715.919088,0.0131460000011,0,2048
3,growth,all_delta,64,6,published,10279473,7,0,0,29863.940527,29864.124695,29864.127023,29864.132485,0,0.034760999999,0.0371129999985,0.0813070000004,220500,0,475140864,220672,0,0,0,542673664,29869.787339,29869.890371,29864.132485,5.949844,29863.927588,0.0129390000002,0,2048
3,shadow,periodic2,64,1,published,9466817,2,0,0,31429.398455,31429.604942,31429.607126,31429.608594,0,0.0375039999999,0.0395660000031,0.0889769999994,228900,0,441000192,229120,0,0,0,508541440,32345.224751,32622.383328,31429.608594,1192.984873,31429.386032,0.0124230000001,0,2048
3,shadow,periodic2,64,2,published,10232664,1,1,0,31551.321027,31912.015979,31912.018345,31912.021691,276.078474,32.496826,41.293425,10.46809,461937462,859543776,0,441000192,441229312,441000192,229120,949541632,0,31912.021578,32622.379275,1071.058248,31551.309006,0.0120210000023,229120,2048
3,shadow,periodic2,64,3,published,10234444,2,0,0,31912.64877,31913.743744,31913.744187,31913.74477,0,0.00393500000064,0.00616699999955,0.0783789999987,74760,0,0,441075200,0,441000192,0,949387520,0,31913.744716,31913.74477,1.096,31673.278885,239.369885,0,2048
3,shadow,periodic2,64,4,published,10269993,1,1,0,31914.313409,32258.673264,32258.6745,32275.465442,266.658602,28.207468,38.700399,9.940772,432832764,862679412,0,441000192,441075200,441000192,441075200,1390387712,0,32275.46509,32275.465442,361.152033,31795.159703,119.153706,441075200,2048
3,shadow,periodic2,64,5,published,10274223,2,0,0,32275.487172,32275.591644,32275.592278,32275.593206,0,0.00962099999742,0.0176550000033,0.0657859999992,177660,0,0,441177856,0,441000192,0,949490176,0,32275.593134,32275.593206,0.106034,31917.696144,357.791028,0,2048
3,shadow,periodic2,64,6,published,10279473,1,1,0,32275.600497,32608.789334,32608.790392,32622.306194,256.9119,28.197898,38.66998,9.365136,431958366,863475732,0,441000192,441177856,0,441177856,1390490368,0,32622.306011,32622.306194,346.705697,32039.627304,235.973193,882178048,2048
3,growth,periodic2,64,1,published,9466817,2,0,0,32780.378022,32780.59605,32780.597758,32780.599042,0,0.0377139999982,0.0464789999969,0.090375000007,228900,0,441000192,229120,0,0,0,508541440,32785.410916,32785.492902,32780.599042,5.11488,32780.36233,0.0156919999936,0,2048
3,growth,periodic2,64,2,published,10232664,1,1,0,32903.026705,33245.81097,33245.812754,33245.813482,257.595118,32.980037,41.207874,10.458284,461937462,859543776,0,441000192,441229312,441229312,0,949541632,33246.198976,33246.285421,33246.28506,343.258716,32903.011374,0.0153309999951,0,2048
3,growth,periodic2,64,3,published,10234444,2,0,0,33245.875783,33245.998663,33245.999072,33245.999799,0,0.00394600000436,0.00620800000615,0.0604430000094,74760,0,0,441075200,0,441229312,0,949616640,0,33246.05871,33245.999799,0.182926999994,33025.74917,220.126613,0,2048
3,growth,periodic2,64,4,published,10269993,1,1,0,33246.059526,33578.121841,33578.123,33578.123689,255.530868,28.1801,38.173214,9.88617999999,432832764,862679412,0,441000192,441075200,441075200,0,949387520,33580.481872,33598.418944,33598.41871,352.359418,33148.377189,97.682337,0,2048
3,growth,periodic2,64,5,published,10274223,2,0,0,33578.13114,33578.223425,33578.223747,33578.224293,0,0.00877699999546,0.0156800000041,0.058228000009,177660,0,0,441177856,0,441075200,0,949565184,0,33578.229776,33578.224293,0.0986360000024,33276.509369,301.621771,0,2048
3,growth,periodic2,64,6,published,10279473,1,1,0,33578.230943,33924.693818,33924.694935,33924.695732,268.073006,28.148946,40.825842,9.360313,431958366,863475732,0,441000192,441177856,0,441177856,949490176,33802.387572,33940.792457,33940.791854,362.561514,33420.64045,157.590493,441177856,2048
3,shadow,size_tiered,64,1,published,9466817,2,0,0,35166.381706,35166.685625,35166.690292,35166.692476,0,0.0363079999952,0.0396880000044,0.12739899999,228900,0,441000192,229120,0,0,0,508541440,36081.214926,36081.2429,35166.692476,914.861194,35166.368066,0.0136399999974,0,2048
3,shadow,size_tiered,64,2,published,10232664,2,1,0,35288.317162,35330.936961,35330.939013,35330.942515,26.129685,7.60866,7.118816,1.68956699999,64560048,64788948,441000192,32394496,229120,0,229120,540935936,0,35330.942375,35330.942515,42.625353,35288.304953,0.0122090000004,229120,2048
3,shadow,size_tiered,64,3,published,10234444,3,0,0,35410.34495,35410.478362,35410.481182,35410.482982,0,0.00978999999643,0.0128630000036,0.0708649999942,74760,0,441000192,32469504,0,0,0,540781824,0,35410.482766,35410.482982,0.138032000003,35410.326161,0.0187890000016,0,2048
3,shadow,size_tiered,64,4,published,10269993,3,1,0,35532.270132,35535.807829,35535.809044,35535.81106,2.176787,0.448007999999,0.451711999995,0.391499999998,3060876,3135636,441000192,33962496,75008,0,75008,542349824,0,35535.810986,35535.81106,3.540928,35532.258514,0.0116179999968,75008,2048
3,shadow,size_tiered,64,5,published,10274223,4,0,0,35654.594036,35654.773736,35654.776058,35654.778208,0,0.0282520000037,0.0326669999922,0.0787170000112,177660,0,441000192,34140160,0,0,0,542452480,0,35654.777928,35654.778208,0.184172000001,35654.579993,0.0140430000029,0,2048
3,shadow,size_tiered,64,6,published,10279473,4,1,0,35776.524035,35777.611929,35777.615121,35777.620617,0.554741,0.107112999991,0.093961999999,0.220270000005,618660,796320,441000192,34360832,177664,0,177664,542850816,0,35777.620437,35777.620617,1.096582,35776.51195,0.0120850000021,177664,2048
3,growth,size_tiered,64,1,published,9466817,2,0,0,36221.835581,36228.203491,36228.207704,36228.209604,0,0.0412030000007,0.044461999998,0.128989000004,228900,0,441000192,229120,0,0,0,508541440,36229.421373,36229.43182,36228.209604,7.596239,36221.8181,0.0174810000026,0,2048
3,growth,size_tiered,64,2,published,10232664,2,1,0,36344.463654,36370.731643,36370.734178,36370.73608,8.935826,7.476683,8.08625899998,1.68598800001,64560048,64788948,441000192,32394496,229120,229120,0,540935936,36372.629437,36372.713616,36372.71317,28.249962,36344.44894,0.0147139999972,0,2048
3,growth,size_tiered,64,3,published,10234444,3,0,0,36484.587215,36484.720372,36484.723325,36484.725524,0,0.0096379999959,0.0126860000018,0.0707970000076,74760,0,473394688,75008,0,0,0,540781824,36490.340077,36490.434954,36484.725524,5.847739,36484.568823,0.0183919999981,0,2048
3,growth,size_tiered,64,4,published,10269993,3,1,0,36629.956193,36632.265764,36632.268391,36632.271486,0.531902999996,0.597040999994,0.604600000006,0.476243000005,3060876,3135636,473394688,1568000,75008,75008,0,542349824,36635.723696,36635.823991,36635.823711,5.867798,36629.942628,0.0135650000011,0,2048
3,growth,size_tiered,64,5,published,10274223,4,0,0,36775.914449,36776.127369,36776.130549,36776.134789,0,0.0288169999985,0.0366180000055,0.0854190000027,177660,0,474962688,177664,0,0,0,542452480,36781.694222,36781.793411,36776.134789,5.878962,36775.899049,0.0154000000039,0,2048
3,growth,size_tiered,64,6,published,10279473,4,1,0,36922.55913,36923.259545,36923.262803,36923.266929,0.124619000002,0.107422999994,0.0940989999945,0.217223999993,618660,796320,474962688,398336,177664,177664,0,542850816,36928.361445,36928.462424,36928.462061,5.903294,36922.543333,0.015797,0,2048
